farm_id,state,farm_size,contract_type,sale_type,chick_count,feed_consumed_kg,mortality_count,contract_duration,price_per_bird_inr,total_revenue,total_cost,estimated_profit,mortality_rate,feed_efficiency,revenue_per_bird,profit_per_bird,duration_efficiency,risk_label,farm_score,approval
F0001,Arunachal Pradesh,Small,Layer,Retail,4243,18692.8,209,59,210.52,871192.54,667895.96,176462.66,0.0493,4.4056,205.32,41.59,2990.89,Low,45.4,Approve
F0002,Sikkim,Large,Broiler,Wholesale,11706,45547.4,2322,167,191.03,2014419.3,1934880.93,99862.89,0.1984,3.8909,172.08,8.53,597.98,High,26.9,Reject
F0003,Arunachal Pradesh,Medium,Broiler,Wholesale,6324,24926.1,675,132,258.55,1547709.5,1012977.4,604638.17,0.1067,3.9415,244.74,95.61,4580.59,Low,60.5,Approve
F0004,Sikkim,Medium,Layer,Wholesale,9948,38547.3,891,36,209.58,1991481.39,1409107.8,730948.06,0.0896,3.8749,200.19,73.48,20304.11,Low,58.7,Approve
F0005,Karnataka,Small,Broiler,Wholesale,6291,19743.0,874,138,230.06,1346727.96,903235.2,496861.92,0.1389,3.1383,214.07,78.98,3600.45,Medium,68.3,Revise
F0006,Andhra Pradesh,Small,Broiler,Wholesale,3269,11478.0,532,49,219.21,658239.81,444442.62,179635.18,0.1627,3.5112,201.36,54.95,3666.02,Medium,51.3,Revise
F0007,Bihar,Small,Layer,Wholesale,3631,14802.1,1004,78,191.43,598914.09,557546.07,-8193.58,0.2765,4.0766,164.94,-2.26,-105.05,High,13.2,Reject
F0008,Himachal Pradesh,Large,Broiler,Retail,11715,34820.9,2523,125,184.44,1928015.99,1612143.13,299496.58,0.2154,2.9723,164.58,25.57,2395.97,High,47.7,Reject
F0009,Sikkim,Medium,Broiler,Retail,13838,45282.8,1965,88,230.06,2957543.13,1904609.42,1106423.59,0.142,3.2724,213.73,79.96,12573.0,Medium,65.4,Revise
F0010,Odisha,Medium,Broiler,Wholesale,12942,42317.0,621,119,199.76,2523267.69,1851869.2,790589.46,0.048,3.2697,194.97,61.09,6643.61,Low,73.9,Approve
F0011,Andhra Pradesh,Small,Broiler,Retail,6253,22100.8,683,55,199.49,1179261.04,860008.04,254660.74,0.1092,3.5344,188.59,40.73,4630.2,Low,54.8,Approve
F0012,Himachal Pradesh,Large,Layer,Export,15042,67187.0,3243,65,256.56,3443044.6,2404032.67,1144151.85,0.2156,4.4666,228.9,76.06,17602.34,High,29.5,Reject
F0013,Punjab,Large,Broiler,Wholesale,13923,40582.1,817,155,216.94,2931833.98,1972612.2,566703.7,0.0587,2.9148,210.57,40.7,3656.15,Low,74.6,Approve
F0014,Punjab,Small,Breeder,Export,6800,25036.2,1084,72,182.35,1141161.68,977836.4,121131.19,0.1594,3.6818,167.82,17.81,1682.38,Medium,39.0,Revise
F0015,Arunachal Pradesh,Small,Broiler,Export,3204,9948.2,321,128,207.19,630477.78,451969.2,205627.87,0.1002,3.1049,196.78,64.18,1606.47,Low,70.7,Approve
F0016,Maharashtra,Small,Broiler,Wholesale,3581,15936.0,221,62,226.76,786955.28,569112.58,170971.23,0.0617,4.4502,219.76,47.74,2757.6,Low,44.3,Approve
F0017,Bihar,Small,Broiler,Wholesale,4579,13703.2,568,129,206.29,885929.3,635432.13,201612.34,0.124,2.9926,193.48,44.03,1562.89,Medium,64.7,Revise
F0018,Sikkim,Medium,Broiler,Wholesale,7680,26773.4,1272,126,182.15,1282981.81,1145046.8,104229.6,0.1656,3.4861,167.05,13.57,827.22,Medium,41.1,Revise
F0019,Punjab,Medium,Layer,Retail,9672,39214.2,491,74,215.54,2031773.0,1473552.93,576200.47,0.0508,4.0544,210.07,59.57,7786.49,Low,57.0,Approve
F0020,Telangana,Small,Layer,Wholesale,4251,16994.4,769,117,188.47,728651.93,674847.6,13172.7,0.1809,3.9977,171.41,3.1,112.59,High,25.8,Reject
F0021,Telangana,Medium,Broiler,Wholesale,9438,33208.9,14,172,229.53,2164610.08,1491088.87,670027.14,0.0015,3.5186,229.35,70.99,3895.51,Low,77.7,Approve
F0022,Tamil Nadu,Small,Layer,Retail,4642,15732.2,325,124,229.57,1028323.47,680538.71,325563.8,0.07,3.3891,221.53,70.13,2625.51,Low,70.6,Approve
F0023,Tamil Nadu,Small,Broiler,Wholesale,5643,19614.7,653,46,183.02,973026.01,759820.6,269540.31,0.1157,3.4759,172.43,47.77,5859.57,Low,56.8,Approve
F0024,Sikkim,Small,Broiler,Export,6921,22488.2,445,169,203.25,1361418.02,1048728.0,279758.63,0.0643,3.2493,196.71,40.42,1655.38,Low,66.9,Approve
F0025,Maharashtra,Medium,Broiler,Wholesale,10594,33361.2,1077,51,213.09,2142708.7,1359698.67,786046.2,0.1017,3.1491,202.26,74.2,15412.67,Low,72.1,Approve
F0026,Bihar,Medium,Breeder,Export,7748,28056.8,564,119,224.02,1672435.65,1168562.84,517782.21,0.0728,3.6212,215.85,66.83,4351.11,Low,64.6,Approve
F0027,Telangana,Small,Broiler,Wholesale,4464,14537.0,443,107,203.69,864118.96,627929.2,218054.62,0.0992,3.2565,193.58,48.85,2037.89,Low,63.9,Approve
F0028,Punjab,Medium,Layer,Wholesale,13208,43436.9,1709,169,203.02,2507987.61,2012838.82,591668.86,0.1294,3.2887,189.88,44.8,3501.0,Medium,58.0,Revise
F0029,Bihar,Medium,Broiler,Wholesale,10486,41068.3,725,143,258.64,2618262.92,1694380.02,1051865.37,0.0691,3.9165,249.69,100.31,7355.7,Low,67.3,Approve
F0030,Sikkim,Small,Broiler,Export,3689,16403.2,822,97,183.35,600980.65,608935.16,-22647.45,0.2228,4.4465,162.91,-6.14,-233.48,High,8.4,Reject
F0031,Himachal Pradesh,Medium,Broiler,Wholesale,10020,38338.4,842,139,259.12,2487208.41,1592050.13,931610.84,0.084,3.8262,248.22,92.98,6702.24,Low,65.4,Approve
F0032,West Bengal,Small,Layer,Retail,6590,19314.4,453,154,183.82,1169663.18,934836.36,180582.0,0.0687,2.9309,177.49,27.4,1172.61,Low,69.5,Approve
F0033,Bihar,Small,Layer,Export,6141,17983.9,1920,170,203.07,1052047.93,888290.47,193414.78,0.3127,2.9285,171.32,31.5,1137.73,High,45.2,Reject
F0034,Punjab,Large,Broiler,Retail,17058,75352.3,3287,86,219.5,3383314.32,2771448.47,651251.53,0.1927,4.4174,198.34,38.18,7572.69,High,24.3,Reject
F0035,Himachal Pradesh,Large,Layer,Wholesale,13266,43849.4,1916,84,191.46,2356454.62,1826092.4,487481.74,0.1444,3.3054,177.63,36.75,5803.35,Medium,53.6,Revise
F0036,West Bengal,Large,Broiler,Export,15003,44356.6,368,111,190.79,2827242.64,2022054.4,851828.19,0.0245,2.9565,188.45,56.78,7674.13,Low,82.5,Approve
F0037,Gujarat,Small,Breeder,Export,3671,14017.3,802,136,200.51,655645.25,580687.22,94393.17,0.2185,3.8184,178.6,25.71,694.07,High,29.9,Reject
F0038,Arunachal Pradesh,Small,Layer,Wholesale,6831,26369.0,978,131,257.88,1635354.76,1080754.4,655206.39,0.1432,3.8602,239.4,95.92,5001.58,Medium,57.1,Revise
F0039,Uttarakhand,Medium,Layer,Retail,12548,48968.0,321,176,210.41,2606430.6,2097308.98,560922.11,0.0256,3.9025,207.72,44.7,3187.06,Low,59.9,Approve
F0040,Gujarat,Medium,Layer,Export,8342,27149.7,1325,140,225.28,1730027.44,1222016.51,584859.65,0.1588,3.2546,207.39,70.11,4177.57,Medium,60.9,Revise
F0041,Himachal Pradesh,Small,Broiler,Export,4495,12701.5,233,136,236.34,1034776.52,612862.11,520469.39,0.0518,2.8257,230.21,115.79,3826.98,Low,92.2,Approve
F0042,Karnataka,Medium,Layer,Wholesale,13452,59734.0,2677,131,239.38,2899651.47,2300030.13,449714.32,0.199,4.4405,215.56,33.43,3432.93,High,21.7,Reject
F0043,Uttarakhand,Small,Broiler,Retail,3943,12722.2,900,32,235.04,820928.35,499469.69,369537.26,0.2283,3.2265,208.2,93.72,11548.04,High,57.7,Reject
F0044,Tamil Nadu,Large,Broiler,Wholesale,15738,62153.2,1766,177,206.95,3074224.0,2649492.8,289596.22,0.1122,3.9492,195.34,18.4,1636.14,Medium,40.2,Revise
F0045,Arunachal Pradesh,Small,Broiler,Wholesale,6988,27960.9,385,54,188.94,1283859.43,1031624.6,206436.32,0.0551,4.0013,183.72,29.54,3822.89,Low,49.9,Approve
F0046,Uttar Pradesh,Medium,Broiler,Wholesale,8898,34141.7,1199,104,202.54,1680677.57,1360531.53,319154.47,0.1347,3.837,188.88,35.87,3068.79,Medium,43.8,Revise
F0047,Gujarat,Small,Broiler,Wholesale,6737,22447.3,225,90,196.82,1303800.26,938482.6,323202.9,0.0334,3.3319,193.53,47.97,3591.14,Low,71.4,Approve
F0048,Punjab,Medium,Broiler,Retail,11078,36123.8,1420,152,190.9,1979269.91,1647975.78,250813.84,0.1282,3.2609,178.67,22.64,1650.09,Medium,53.2,Revise
F0049,Bihar,Medium,Broiler,Retail,13918,53111.6,1071,84,181.96,2435014.55,2072197.33,355462.89,0.077,3.816,174.95,25.54,4231.7,Low,49.7,Approve
F0050,Bihar,Small,Broiler,Wholesale,3895,16640.9,360,68,254.86,946723.8,607936.02,323013.04,0.0924,4.2724,243.06,82.93,4750.19,Low,52.5,Approve
F0051,Andhra Pradesh,Large,Layer,Wholesale,15567,68641.9,638,112,253.68,3868138.71,2598428.07,1141036.48,0.041,4.4094,248.48,73.3,10187.83,Low,54.5,Approve
F0052,Uttarakhand,Medium,Broiler,Wholesale,8672,25842.9,475,63,184.03,1552142.2,1099270.2,378942.22,0.0548,2.98,178.98,43.7,6014.96,Low,74.5,Approve
F0053,Uttarakhand,Large,Layer,Export,9492,29076.0,1024,142,193.85,1740666.05,1353892.27,510809.23,0.1079,3.0632,183.38,53.81,3597.25,Low,67.9,Approve
F0054,Uttarakhand,Large,Broiler,Export,16083,70862.5,2161,179,191.16,2867834.52,2874921.8,-179186.07,0.1344,4.406,178.31,-11.14,-1001.04,High,20.3,Reject
F0055,Sikkim,Medium,Broiler,Wholesale,10136,41072.2,795,56,202.5,1971961.85,1511297.91,444131.05,0.0784,4.0521,194.55,43.82,7930.91,Low,49.2,Approve
F0056,Punjab,Large,Broiler,Export,12315,52967.9,642,178,196.33,2354670.91,2170745.13,315542.78,0.0521,4.3011,191.2,25.62,1772.71,Low,43.2,Approve
F0057,Maharashtra,Small,Broiler,Wholesale,6652,20917.1,1207,60,255.67,1546319.89,863730.87,745179.98,0.1814,3.1445,232.46,112.02,12419.67,High,67.5,Reject
F0058,Uttarakhand,Small,Layer,Retail,6202,23560.8,460,166,186.73,1115093.14,1011465.51,116658.33,0.0742,3.7989,179.8,18.81,702.76,Low,48.7,Approve
F0059,Telangana,Small,Layer,Export,6670,26626.2,534,112,196.93,1260902.66,1052083.51,169501.56,0.0801,3.9919,189.04,25.41,1513.41,Low,45.6,Approve
F0060,Arunachal Pradesh,Small,Broiler,Wholesale,4753,18803.8,298,39,186.46,858445.79,684287.73,173353.09,0.0627,3.9562,180.61,36.47,4444.95,Low,51.5,Approve
F0061,Tamil Nadu,Small,Broiler,Retail,6031,21071.5,391,69,258.43,1508011.06,839103.27,584152.26,0.0648,3.4939,250.04,96.86,8465.97,Low,75.9,Approve
F0062,Uttarakhand,Small,Layer,Wholesale,5352,15125.7,641,83,253.47,1275289.55,679337.13,577770.96,0.1198,2.8262,238.28,107.95,6961.1,Low,82.7,Approve
F0063,Telangana,Large,Broiler,Wholesale,14814,56159.5,1120,164,237.33,3382816.13,2408119.4,923909.19,0.0756,3.791,228.35,62.37,5633.59,Low,59.6,Approve
F0064,Sikkim,Small,Broiler,Retail,3370,10886.0,597,33,214.08,657436.46,427762.67,222977.7,0.1772,3.2303,195.09,66.17,6756.9,Medium,57.9,Revise
F0065,Telangana,Small,Layer,Export,4880,17399.3,226,172,195.21,930528.4,776004.16,117860.97,0.0463,3.5654,190.68,24.15,685.24,Low,58.8,Approve
F0066,Uttar Pradesh,Medium,Broiler,Wholesale,7704,34112.4,913,35,197.72,1432886.49,1183608.8,127777.44,0.1185,4.4279,185.99,16.59,3650.78,Medium,29.0,Revise
F0067,Uttar Pradesh,Small,Breeder,Export,3383,11767.3,111,102,215.44,716830.92,489375.67,272323.61,0.0328,3.4784,211.89,80.5,2669.84,Low,76.6,Approve
F0068,Telangana,Large,Layer,Export,14793,62539.8,698,87,241.46,3487615.56,2344324.0,1322863.58,0.0472,4.2277,235.76,89.42,15205.33,Low,61.4,Approve
F0069,Karnataka,Small,Broiler,Wholesale,5492,17137.9,9,106,201.18,1103865.76,755127.49,397013.32,0.0016,3.1205,201.0,72.29,3745.41,Low,86.2,Approve
F0070,Punjab,Large,Broiler,Wholesale,10272,40504.4,490,48,204.86,2054152.0,1492351.2,600667.33,0.0477,3.9432,199.98,58.48,12513.9,Low,59.4,Approve
F0071,Tamil Nadu,Medium,Broiler,Retail,10416,46464.9,134,91,228.0,2359428.78,1711535.53,667991.16,0.0129,4.4609,226.52,64.13,7340.56,Low,55.0,Approve
F0072,Sikkim,Small,Broiler,Retail,6249,18579.6,534,100,199.02,1190453.11,832294.53,316868.58,0.0855,2.9732,190.5,50.71,3168.69,Low,72.1,Approve
F0073,Bihar,Small,Breeder,Wholesale,3628,10209.7,201,167,226.74,799804.53,513724.69,262612.52,0.0554,2.8141,220.45,72.38,1572.53,Low,85.0,Approve
F0074,Andhra Pradesh,Large,Layer,Export,20337,71933.8,288,54,210.97,4260044.59,2794628.8,1775409.75,0.0142,3.5371,209.47,87.3,32877.96,Low,79.7,Approve
F0075,Tamil Nadu,Medium,Broiler,Retail,7788,23032.7,946,156,182.75,1336803.74,1112106.6,337182.99,0.1215,2.9575,171.65,43.3,2161.43,Medium,65.6,Revise
F0076,Telangana,Medium,Broiler,Wholesale,11074,45096.1,1779,87,212.22,2161253.57,1717092.07,424196.56,0.1606,4.0723,195.16,38.31,4875.82,Medium,35.9,Revise
F0077,Maharashtra,Medium,Broiler,Retail,12128,52814.2,3112,149,253.56,2680590.04,2089569.64,591524.9,0.2566,4.3547,221.02,48.77,3969.97,High,20.2,Reject
F0078,Himachal Pradesh,Small,Broiler,Wholesale,5374,19012.3,120,140,203.45,1081108.22,820723.49,299970.67,0.0223,3.5378,201.17,55.82,2142.65,Low,70.6,Approve
F0079,Odisha,Small,Layer,Wholesale,3597,11653.6,334,105,205.83,705956.41,503373.2,205882.38,0.0929,3.2398,196.26,57.24,1960.78,Low,67.2,Approve
F0080,Arunachal Pradesh,Small,Layer,Export,6062,21450.3,787,99,185.28,1050208.91,881697.8,177387.19,0.1298,3.5385,173.24,29.26,1791.79,Medium,48.9,Revise
F0081,Maharashtra,Large,Broiler,Export,16008,64510.0,2524,167,229.2,3379797.55,2694879.73,674812.35,0.1577,4.0299,211.13,42.15,4040.79,Medium,38.1,Revise
F0082,Arunachal Pradesh,Medium,Broiler,Wholesale,7184,20225.8,585,95,247.94,1708585.49,925497.38,702969.47,0.0814,2.8154,237.83,97.85,7399.68,Low,87.7,Approve
F0083,Punjab,Small,Layer,Retail,4687,17820.3,461,149,208.23,927912.33,750550.02,160056.17,0.0984,3.8021,197.98,34.15,1074.2,Low,49.1,Approve
F0084,Uttarakhand,Small,Broiler,Retail,6644,25530.2,980,116,199.22,1225920.92,1030878.44,186849.27,0.1475,3.8426,184.52,28.12,1610.77,Medium,39.9,Revise
F0085,Odisha,Small,Layer,Wholesale,3572,13873.9,586,168,256.53,841056.51,590509.53,144569.62,0.1641,3.8841,235.46,40.47,860.53,Medium,39.8,Revise
F0086,Bihar,Small,Broiler,Wholesale,6425,20633.5,565,151,239.61,1471695.22,947662.56,530472.3,0.0879,3.2114,229.06,82.56,3513.06,Low,74.9,Approve
F0087,Karnataka,Medium,Layer,Retail,10150,40741.0,106,78,225.37,2275591.64,1544548.67,995303.55,0.0104,4.0139,224.2,98.06,12760.3,Low,73.1,Approve
F0088,Karnataka,Medium,Layer,Retail,12002,35470.3,910,77,204.44,2360605.01,1544740.64,765185.83,0.0758,2.9554,196.68,63.75,9937.48,Low,77.1,Approve
F0089,West Bengal,Large,Layer,Wholesale,15270,47928.9,2169,144,197.66,2803933.64,2208847.8,599730.02,0.142,3.1388,183.62,39.28,4164.79,Medium,58.0,Revise
F0090,Sikkim,Medium,Breeder,Wholesale,9408,40376.3,548,116,237.26,2167062.25,1552692.47,523300.51,0.0582,4.2917,230.34,55.62,4511.21,Low,50.0,Approve
F0091,Uttar Pradesh,Small,Breeder,Wholesale,5470,22185.4,720,36,221.74,1133098.92,796586.8,274537.31,0.1316,4.0558,207.15,50.19,7626.04,Medium,43.3,Revise
F0092,Karnataka,Medium,Layer,Wholesale,13338,37658.1,303,106,221.65,2922719.25,1746725.4,1130678.3,0.0227,2.8234,219.13,84.77,10666.78,Low,92.5,Approve
F0093,Karnataka,Medium,Breeder,Retail,6352,20467.7,1516,174,185.9,1039899.08,964377.93,108267.21,0.2387,3.2222,163.71,17.04,622.23,High,37.1,Reject
F0094,Karnataka,Medium,Layer,Wholesale,7056,22328.6,320,150,220.98,1523822.3,1032189.2,473823.17,0.0454,3.1645,215.96,67.15,3158.82,Low,77.9,Approve
F0095,Karnataka,Medium,Layer,Wholesale,9266,30210.6,301,153,245.82,2240726.92,1379968.4,818848.27,0.0325,3.2604,241.82,88.37,5351.95,Low,83.1,Approve
F0096,Tamil Nadu,Medium,Broiler,Export,7930,25541.4,354,179,255.74,1982752.69,1210761.02,821123.85,0.0446,3.2209,250.03,103.55,4587.28,Low,85.1,Approve
F0097,Karnataka,Medium,Broiler,Wholesale,9034,26255.5,1196,170,188.53,1590442.97,1302348.56,304006.56,0.1324,2.9063,176.05,33.65,1788.27,Medium,62.7,Revise
F0098,Karnataka,Medium,Layer,Wholesale,6394,22891.8,325,154,230.49,1436285.51,998373.11,457968.25,0.0508,3.5802,224.63,71.62,2973.82,Low,69.7,Approve
F0099,Uttarakhand,Small,Broiler,Export,5657,22886.2,583,41,225.47,1209667.89,827579.64,454081.29,0.1031,4.0456,213.84,80.27,11075.15,Low,55.0,Approve
F0100,Uttar Pradesh,Small,Layer,Retail,6648,25471.4,1456,100,251.22,1487249.87,1010957.47,555461.26,0.219,3.8314,223.71,83.55,5554.61,High,44.0,Reject
F0101,Karnataka,Small,Broiler,Retail,5889,23225.5,261,30,240.1,1382543.88,836819.0,649121.19,0.0443,3.9439,234.77,110.23,21637.37,Low,70.2,Approve
F0102,Bihar,Medium,Broiler,Wholesale,7704,22634.0,1308,148,257.22,1813358.75,1085848.8,617545.01,0.1698,2.938,235.38,80.16,4172.6,Medium,68.4,Revise
F0103,Odisha,Small,Layer,Wholesale,6588,29102.7,889,171,256.8,1577620.87,1169934.6,475307.48,0.1349,4.4175,239.47,72.15,2779.58,Medium,40.9,Revise
F0104,Punjab,Medium,Breeder,Retail,9074,38341.6,93,140,198.05,1787911.55,1523056.98,411983.87,0.0102,4.2254,197.04,45.4,2942.74,Low,55.6,Approve
F0105,Andhra Pradesh,Large,Broiler,Retail,15207,63392.7,3074,93,238.03,3253808.08,2406411.8,581778.81,0.2021,4.1687,213.97,38.26,6255.69,High,28.1,Reject
F0106,Tamil Nadu,Small,Layer,Wholesale,6183,25962.9,739,72,222.44,1293062.83,959476.2,332287.46,0.1195,4.1991,209.13,53.74,4615.1,Low,42.9,Approve
F0107,Maharashtra,Medium,Layer,Wholesale,8160,35786.6,80,70,197.17,1600966.89,1296851.87,260627.37,0.0098,4.3856,196.2,31.94,3723.25,Low,49.0,Approve
F0108,Gujarat,Medium,Broiler,Export,12274,45723.5,1193,144,195.59,2283989.69,1933831.4,347379.22,0.0972,3.7252,186.08,28.3,2412.36,Low,49.4,Approve
F0109,Uttar Pradesh,Small,Broiler,Wholesale,5889,18494.3,646,68,186.49,1037892.87,772516.07,324898.83,0.1097,3.1405,176.24,55.17,4777.92,Low,66.4,Approve
F0110,Odisha,Small,Broiler,Wholesale,3097,11918.9,251,30,243.64,723914.58,433583.13,239811.78,0.081,3.8485,233.75,77.43,7993.73,Low,61.4,Approve
F0111,Andhra Pradesh,Small,Broiler,Wholesale,6215,25250.9,354,70,205.96,1243566.16,943612.02,315187.05,0.057,4.0629,200.09,50.71,4502.67,Low,53.7,Approve
F0112,Karnataka,Small,Broiler,Retail,4903,19879.0,86,117,248.56,1207938.15,784470.4,389366.72,0.0175,4.0545,246.37,79.41,3327.92,Low,66.6,Approve
F0113,Andhra Pradesh,Large,Broiler,Retail,10302,37977.9,1430,127,228.67,2192198.37,1583210.07,738069.51,0.1388,3.6865,212.79,71.64,5811.57,Medium,55.2,Revise
F0114,Telangana,Large,Broiler,Retail,10908,31811.9,38,117,233.89,2546826.63,1472148.2,1128280.78,0.0035,2.9164,233.48,103.44,9643.43,Low,97.1,Approve
F0115,Gujarat,Medium,Layer,Wholesale,13500,46317.0,1249,108,203.33,2618015.39,1953174.0,644192.24,0.0925,3.4309,193.93,47.72,5964.74,Low,61.0,Approve
F0116,Uttar Pradesh,Large,Broiler,Wholesale,18471,80631.5,1084,170,216.58,3883108.13,3255677.67,488004.17,0.0587,4.3653,210.23,26.42,2870.61,Low,41.2,Approve
F0117,Karnataka,Large,Layer,Wholesale,10761,40822.5,906,100,212.99,2195399.31,1627451.67,859707.64,0.0842,3.7936,204.01,79.89,8597.08,Low,62.7,Approve
F0118,Sikkim,Small,Broiler,Retail,3343,12419.8,401,166,198.86,624803.98,539041.24,94506.51,0.12,3.7152,186.9,28.27,569.32,Low,46.4,Approve
F0119,Arunachal Pradesh,Large,Layer,Retail,12951,42182.1,665,128,246.6,3111721.73,1870263.4,1020533.17,0.0513,3.2571,240.27,78.8,7972.92,Low,78.1,Approve
F0120,Gujarat,Medium,Layer,Export,9958,34119.7,1365,116,229.77,2131126.61,1453889.49,590847.42,0.1371,3.4264,214.01,59.33,5093.51,Medium,57.7,Revise
F0121,Karnataka,Large,Broiler,Wholesale,10710,46289.6,1021,30,182.99,1866442.2,1610991.2,293957.13,0.0953,4.3221,174.27,27.45,9798.57,Low,37.2,Approve
F0122,Telangana,Large,Breeder,Retail,20163,79300.8,1325,171,245.59,4789187.3,3365722.8,1248652.87,0.0657,3.933,237.52,61.93,7302.06,Low,58.0,Approve
F0123,Bihar,Small,Layer,Retail,3610,14940.2,369,141,188.48,645565.74,599675.07,26297.49,0.1022,4.1386,178.83,7.28,186.51,Medium,35.0,Revise
F0124,Himachal Pradesh,Small,Layer,Wholesale,4727,16886.7,310,103,212.3,970601.8,694414.02,324034.84,0.0656,3.5724,205.33,68.55,3145.97,Low,67.1,Approve
F0125,Telangana,Small,Layer,Wholesale,5290,20479.8,844,94,225.7,1098626.25,803457.38,344464.77,0.1595,3.8714,207.68,65.12,3664.52,Medium,46.9,Revise
F0126,Bihar,Medium,Broiler,Retail,9708,31281.6,1092,98,180.61,1654735.82,1342730.13,264745.85,0.1125,3.2222,170.45,27.27,2701.49,Low,57.4,Approve
F0127,Bihar,Large,Broiler,Export,16824,67283.9,2521,96,232.23,3614287.75,2608575.4,1217302.73,0.1498,3.9993,214.83,72.36,12680.24,Medium,47.4,Revise
F0128,Odisha,Large,Broiler,Wholesale,11877,41889.3,1554,79,232.78,2583750.09,1682220.47,809726.97,0.1308,3.5269,217.54,68.18,10249.71,Medium,58.8,Revise
F0129,Arunachal Pradesh,Small,Broiler,Export,5079,18042.3,131,87,232.2,1164045.51,729435.8,533177.66,0.0258,3.5523,229.19,104.98,6128.48,Low,80.9,Approve
F0130,Andhra Pradesh,Medium,Broiler,Retail,10876,42458.3,523,82,193.08,2049364.22,1636430.51,468015.07,0.0481,3.9039,188.43,43.03,5707.5,Low,56.3,Approve
F0131,Uttar Pradesh,Medium,Layer,Wholesale,10648,46762.6,637,120,200.46,2070578.85,1788334.53,312286.52,0.0598,4.3917,194.46,29.33,2602.39,Low,41.2,Approve
F0132,Karnataka,Small,Broiler,Wholesale,3531,10271.0,378,144,199.79,667617.89,492905.6,161867.21,0.1071,2.9088,189.07,45.84,1124.08,Low,69.2,Approve
F0133,Gujarat,Small,Breeder,Wholesale,4177,17552.0,58,147,256.81,1065161.8,704152.93,328593.24,0.0139,4.2021,255.01,78.67,2235.33,Low,63.9,Approve
F0134,Tamil Nadu,Small,Broiler,Wholesale,5430,17903.0,474,86,185.4,962760.95,748384.67,102383.19,0.0873,3.2971,177.3,18.86,1190.5,Low,57.3,Approve
F0135,Uttarakhand,Large,Broiler,Wholesale,12273,43626.4,1975,115,214.3,2418389.14,1824345.47,558475.73,0.1609,3.5547,197.05,45.5,4856.31,Medium,48.3,Revise
F0136,Gujarat,Small,Broiler,Wholesale,4901,13905.4,837,47,249.7,1119213.94,591919.38,526707.23,0.1708,2.8373,228.36,107.47,11206.54,Medium,75.3,Revise
F0137,Tamil Nadu,Medium,Broiler,Export,7766,25719.3,133,45,241.56,1859869.57,1016252.6,673801.44,0.0171,3.3118,239.49,86.76,14973.37,Low,83.8,Approve
F0138,Andhra Pradesh,Medium,Breeder,Retail,10522,38452.4,1289,159,245.8,2427780.69,1669474.67,858255.8,0.1225,3.6545,230.73,81.57,5397.84,Medium,60.6,Revise
F0139,Karnataka,Small,Layer,Retail,4678,13545.1,335,42,257.78,1162603.9,566821.27,586460.21,0.0716,2.8955,248.53,125.37,13963.34,Low,88.0,Approve
F0140,Arunachal Pradesh,Large,Broiler,Wholesale,16269,59135.6,2185,109,210.98,3201931.5,2429690.27,966712.48,0.1343,3.6349,196.81,59.42,8868.92,Medium,53.9,Revise
F0141,Tamil Nadu,Large,Breeder,Wholesale,17373,76025.8,1430,72,204.77,3411090.93,2763592.0,530897.54,0.0823,4.3761,196.34,30.56,7373.58,Low,38.7,Approve
F0142,Tamil Nadu,Small,Layer,Wholesale,5260,15670.4,691,83,182.45,896622.5,685363.02,266689.62,0.1314,2.9792,170.46,50.7,3213.13,Medium,65.6,Revise
F0143,Gujarat,Medium,Broiler,Export,10252,42028.6,526,166,192.0,1917843.35,1739777.11,135007.7,0.0513,4.0996,187.07,13.17,813.3,Medium,44.4,Revise
F0144,Bihar,Small,Layer,Wholesale,4749,16604.6,134,102,224.96,1053197.94,688866.4,361683.53,0.0282,3.4964,221.77,76.16,3545.92,Low,75.8,Approve
F0145,West Bengal,Small,Layer,Wholesale,5675,22210.8,687,77,192.61,1026865.69,850072.04,187864.04,0.1211,3.9138,180.95,33.1,2439.79,Medium,43.4,Revise
F0146,Karnataka,Small,Broiler,Retail,5651,18322.8,728,47,238.9,1263040.25,732868.84,527540.38,0.1288,3.2424,223.51,93.35,11224.26,Medium,71.2,Revise
F0147,Gujarat,Medium,Layer,Retail,7562,23223.9,1043,40,182.98,1288232.42,942800.02,365036.51,0.1379,3.0711,170.36,48.27,9125.91,Medium,62.2,Revise
F0148,Himachal Pradesh,Medium,Broiler,Retail,13988,42982.1,1477,113,200.76,2659881.32,1926009.58,477918.22,0.1056,3.0728,190.15,34.17,4229.36,Low,63.1,Approve
F0149,Maharashtra,Small,Broiler,Wholesale,6452,18838.8,245,48,235.64,1491387.57,792110.67,688882.85,0.038,2.9198,231.15,106.77,14351.73,Low,92.2,Approve
F0150,Himachal Pradesh,Small,Broiler,Wholesale,6048,18843.1,161,129,200.44,1196113.27,855649.0,335654.58,0.0266,3.1156,197.77,55.5,2601.97,Low,78.7,Approve
F0151,Karnataka,Large,Breeder,Retail,17181,67507.1,1652,145,238.3,3897356.51,2787094.2,723161.1,0.0962,3.9292,226.84,42.09,4987.32,Low,48.8,Approve
F0152,Maharashtra,Small,Layer,Retail,5105,21945.8,459,119,259.67,1266000.02,846056.71,460611.69,0.0899,4.2989,247.99,90.23,3870.69,Low,54.1,Approve
F0153,Tamil Nadu,Small,Broiler,Wholesale,6867,28731.6,642,103,243.77,1595691.52,1101187.6,421791.97,0.0935,4.184,232.37,61.42,4095.07,Low,48.8,Approve
F0154,West Bengal,Medium,Broiler,Wholesale,12194,48345.9,502,53,207.35,2476327.16,1788204.38,804798.55,0.0412,3.9647,203.08,66.0,15184.88,Low,61.8,Approve
F0155,Gujarat,Large,Broiler,Retail,11640,34777.2,434,42,252.05,2879019.81,1434010.4,1457382.23,0.0373,2.9877,247.34,125.2,34699.58,Low,90.9,Approve
F0156,West Bengal,Small,Layer,Export,3446,11342.9,158,154,184.09,619821.7,516187.62,85836.46,0.0459,3.2916,179.87,24.91,557.38,Low,64.7,Approve
F0157,Odisha,Medium,Broiler,Retail,10226,34018.5,1336,145,238.0,2274746.29,1523310.56,865706.71,0.1306,3.3267,222.45,84.66,5970.39,Medium,67.0,Revise
F0158,West Bengal,Medium,Layer,Export,13984,45097.4,2405,100,181.87,2324510.81,1939947.24,577714.96,0.172,3.2249,166.23,41.31,5777.15,Medium,52.5,Revise
F0159,Tamil Nadu,Small,Breeder,Retail,4783,17580.0,240,155,193.96,904398.04,757708.22,148431.09,0.0502,3.6755,189.09,31.03,957.62,Low,57.7,Approve
F0160,Maharashtra,Medium,Layer,Wholesale,8554,31739.1,303,174,259.01,2176300.16,1390563.93,935344.47,0.0354,3.7104,254.42,109.35,5375.54,Low,76.3,Approve
F0161,West Bengal,Small,Broiler,Wholesale,6970,23744.7,381,148,208.87,1415948.76,1054271.84,349207.6,0.0547,3.4067,203.15,50.1,2359.51,Low,67.4,Approve
F0162,Punjab,Medium,Broiler,Retail,9982,33953.2,2052,120,245.64,2199854.48,1459019.73,846683.14,0.2056,3.4014,220.38,84.82,7055.69,High,55.0,Reject
F0163,Odisha,Medium,Broiler,Wholesale,8134,34232.3,404,114,210.09,1666371.18,1324659.67,311093.84,0.0497,4.2085,204.86,38.25,2728.89,Low,48.6,Approve
F0164,Gujarat,Medium,Layer,Retail,12336,51093.2,1425,137,247.2,2873327.85,2041300.53,1094346.6,0.1155,4.1418,232.92,88.71,7987.93,Low,53.4,Approve
F0165,Punjab,Small,Layer,Retail,4577,15210.5,276,156,257.24,1141866.43,690416.47,512957.02,0.0603,3.3232,249.48,112.07,3288.19,Low,80.8,Approve
F0166,Tamil Nadu,Large,Broiler,Export,12033,52384.9,585,150,214.84,2522270.76,2074997.8,506589.8,0.0486,4.3534,209.61,42.1,3377.27,Low,46.7,Approve
F0167,Sikkim,Small,Broiler,Retail,5274,23309.9,730,158,224.75,1103252.3,924658.6,38818.74,0.1384,4.4198,209.19,7.36,245.69,Medium,24.1,Revise
F0168,Bihar,Small,Layer,Wholesale,3773,12660.2,721,35,230.29,785781.84,490650.84,312764.59,0.1911,3.3555,208.26,82.9,8936.13,High,57.5,Reject
F0169,Tamil Nadu,Small,Broiler,Wholesale,5726,19482.8,262,107,254.79,1425458.56,823842.84,513598.43,0.0458,3.4025,248.94,89.7,4799.99,Low,78.6,Approve
F0170,Andhra Pradesh,Medium,Broiler,Wholesale,13014,47625.7,275,67,200.54,2582182.91,1853476.6,774314.51,0.0211,3.6596,198.42,59.5,11556.93,Low,69.2,Approve
F0171,Maharashtra,Medium,Layer,Export,9628,42362.3,956,145,228.9,2094380.94,1661559.04,566600.4,0.0993,4.3999,217.53,58.85,3907.59,Low,42.9,Approve
F0172,Uttarakhand,Small,Broiler,Wholesale,5648,24228.5,461,131,205.98,1115784.49,946962.64,207260.46,0.0816,4.2897,197.55,36.7,1582.14,Low,42.1,Approve
F0173,Bihar,Medium,Layer,Export,10852,32277.8,1040,37,197.35,2038995.24,1324093.64,802447.12,0.0958,2.9744,187.89,73.94,21687.76,Low,76.5,Approve
F0174,Sikkim,Small,Layer,Export,4201,14567.6,194,107,186.79,766581.02,610449.56,141833.83,0.0462,3.4677,182.48,33.76,1325.55,Low,63.2,Approve
F0175,Tamil Nadu,Medium,Layer,Retail,8900,33292.5,1099,141,229.66,1917649.84,1400528.33,370938.99,0.1235,3.7407,215.47,41.68,2630.77,Medium,48.8,Revise
F0176,Karnataka,Small,Broiler,Wholesale,6986,25536.1,407,177,250.57,1699409.09,1130920.33,502938.54,0.0583,3.6553,243.26,71.99,2841.46,Low,67.2,Approve
F0177,Bihar,Medium,Broiler,Wholesale,11512,36027.6,896,84,208.11,2302468.06,1540119.73,724387.95,0.0778,3.1296,200.01,62.92,8623.67,Low,73.1,Approve
F0178,Uttarakhand,Small,Broiler,Wholesale,3306,14083.5,654,77,224.21,667836.12,520392.47,146974.14,0.1978,4.26,202.01,44.46,1908.76,High,28.4,Reject
F0179,Uttar Pradesh,Large,Broiler,Wholesale,11334,44778.4,604,117,231.37,2552427.86,1787572.0,926823.74,0.0533,3.9508,225.2,81.77,7921.57,Low,64.3,Approve
F0180,Maharashtra,Small,Breeder,Wholesale,5551,23449.9,334,39,213.17,1147704.17,831934.73,357693.8,0.0602,4.2244,206.76,64.44,9171.64,Low,53.4,Approve
F0181,Telangana,Small,Layer,Wholesale,5315,22641.4,190,81,252.27,1316811.19,840396.8,622562.34,0.0357,4.2599,247.75,117.13,7685.95,Low,64.9,Approve
F0182,West Bengal,Small,Broiler,Retail,6657,27108.7,398,63,209.02,1349844.68,1003799.8,278465.76,0.0598,4.0722,202.77,41.83,4420.09,Low,50.9,Approve
F0183,Karnataka,Large,Breeder,Wholesale,9021,31994.4,1296,90,190.0,1590860.49,1299262.8,384183.21,0.1437,3.5467,176.35,42.59,4268.7,Medium,50.2,Revise
F0184,Punjab,Large,Layer,Wholesale,20973,80492.9,4538,173,191.52,3582219.26,3464530.07,274475.07,0.2164,3.8379,170.8,13.09,1586.56,High,26.6,Reject
F0185,Bihar,Small,Broiler,Retail,5555,17068.4,532,108,251.27,1328848.5,759910.8,561193.03,0.0958,3.0726,239.22,101.02,5196.23,Low,81.0,Approve
F0186,Tamil Nadu,Medium,Broiler,Export,6950,27419.1,605,47,259.04,1721848.96,1008791.31,630325.73,0.0871,3.9452,247.75,90.69,13411.19,Low,61.9,Approve
F0187,Uttarakhand,Large,Broiler,Retail,12960,40237.3,452,100,203.12,2586433.68,1763620.6,743218.28,0.0349,3.1047,199.57,57.35,7432.18,Low,78.2,Approve
F0188,Maharashtra,Medium,Breeder,Wholesale,10422,41476.6,627,115,191.49,1935642.32,1646657.2,224764.74,0.0602,3.9797,185.73,21.57,1954.48,Low,47.7,Approve
F0189,Punjab,Medium,Broiler,Retail,6968,22230.1,159,61,218.58,1505660.94,913026.29,721418.94,0.0228,3.1903,216.08,103.53,11826.54,Low,88.8,Approve
F0190,Uttarakhand,Small,Layer,Retail,6668,20002.9,695,72,236.76,1496441.25,858814.2,699598.46,0.1042,2.9998,224.42,104.92,9716.65,Low,81.3,Approve
F0191,Himachal Pradesh,Small,Broiler,Export,6143,18926.5,133,112,228.99,1391384.7,845846.96,605760.79,0.0217,3.081,226.5,98.61,5408.58,Low,90.8,Approve
F0192,Uttar Pradesh,Large,Layer,Wholesale,16842,47214.6,917,98,256.09,4195618.64,2174246.27,2039764.63,0.0544,2.8034,249.12,121.11,20813.92,Low,92.3,Approve
F0193,Telangana,Large,Broiler,Export,11712,47104.0,285,79,245.42,2839357.09,1786376.53,1020498.87,0.0243,4.0219,242.43,87.13,12917.71,Low,68.2,Approve
F0194,Telangana,Medium,Breeder,Wholesale,7116,28784.8,445,41,249.52,1719943.16,1040933.33,708019.75,0.0625,4.0451,241.7,99.5,17268.77,Low,65.5,Approve
F0195,Punjab,Small,Breeder,Export,6982,25661.5,617,114,223.33,1490401.8,1055154.87,442882.66,0.0884,3.6754,213.46,63.43,3884.94,Low,60.5,Approve
F0196,Odisha,Small,Broiler,Wholesale,4967,15270.1,603,152,206.18,961920.59,718511.58,238790.37,0.1214,3.0743,193.66,48.08,1570.99,Medium,64.4,Revise
F0197,Arunachal Pradesh,Medium,Layer,Export,10570,31097.4,653,87,236.14,2418868.7,1376125.47,1087091.84,0.0618,2.942,228.84,102.85,12495.31,Low,88.4,Approve
F0198,Arunachal Pradesh,Large,Layer,Export,12381,35069.4,450,112,215.12,2614992.37,1637096.27,838532.26,0.0363,2.8325,211.21,67.73,7486.9,Low,86.2,Approve
F0199,Maharashtra,Large,Breeder,Wholesale,12699,39135.4,2358,141,203.02,2338785.72,1814250.4,555759.23,0.1857,3.0818,184.17,43.76,3941.55,High,54.1,Reject
F0200,Maharashtra,Medium,Broiler,Export,11202,48330.5,1661,157,192.18,1993189.32,1936031.27,46115.79,0.1483,4.3145,177.93,4.12,293.73,High,24.1,Reject
F0201,Himachal Pradesh,Medium,Broiler,Wholesale,11750,37724.7,1259,65,222.23,2471204.39,1553221.18,829685.08,0.1071,3.2106,210.32,70.61,12764.39,Low,69.2,Approve
F0202,Punjab,Small,Layer,Wholesale,3467,11795.6,286,83,227.54,756232.09,484010.71,296444.52,0.0825,3.4022,218.12,85.5,3571.62,Low,72.4,Approve
F0203,Maharashtra,Small,Layer,Wholesale,6525,19438.5,1482,76,225.5,1304201.61,842057.0,579208.61,0.2271,2.9791,199.88,88.77,7621.17,High,61.7,Reject
F0204,West Bengal,Large,Broiler,Export,19017,60436.3,1073,144,189.32,3498743.47,2767283.8,955041.57,0.0564,3.178,183.98,50.22,6632.23,Low,71.9,Approve
F0205,Punjab,Medium,Layer,Wholesale,10866,40016.0,837,153,225.6,2356901.09,1719207.2,604389.12,0.077,3.6827,216.91,55.62,3950.26,Low,60.0,Approve
F0206,Tamil Nadu,Small,Broiler,Retail,5822,22316.8,808,125,193.47,1048191.66,911447.38,171565.07,0.1388,3.8332,180.04,29.47,1372.52,Medium,41.7,Revise
F0207,Tamil Nadu,Small,Layer,Retail,3847,12376.2,357,136,233.1,855047.09,557638.31,333465.55,0.0928,3.2171,222.26,86.68,2451.95,Low,75.1,Approve
F0208,Telangana,Medium,Broiler,Export,10868,31497.0,575,149,214.35,2267902.65,1524215.24,757200.91,0.0529,2.8981,208.68,69.67,5081.89,Low,83.0,Approve
F0209,Arunachal Pradesh,Small,Broiler,Retail,5924,20525.2,761,130,247.9,1374133.65,884664.62,487820.42,0.1285,3.4648,231.96,82.35,3752.46,Medium,63.9,Revise
F0210,Odisha,Small,Broiler,Wholesale,3258,10419.6,507,132,242.26,727823.89,468585.6,271748.11,0.1556,3.1982,223.4,83.41,2058.7,Medium,65.9,Revise
F0211,Bihar,Medium,Broiler,Wholesale,6564,20829.2,307,61,237.95,1525264.91,857625.33,859256.99,0.0468,3.1732,232.37,130.9,14086.18,Low,85.8,Approve
F0212,Karnataka,Medium,Broiler,Wholesale,9298,41206.6,855,95,236.06,2093917.73,1528478.09,592379.71,0.092,4.4318,225.2,63.71,6235.58,Low,44.5,Approve
F0213,Bihar,Medium,Broiler,Retail,9796,37692.2,2286,40,224.84,1945454.15,1388688.84,433479.85,0.2334,3.8477,198.6,44.25,10837.0,High,31.8,Reject
F0214,Bihar,Small,Broiler,Wholesale,3039,11386.2,404,177,184.89,524489.91,498073.6,-1022.2,0.1329,3.7467,172.59,-0.34,-5.78,High,36.8,Reject
F0215,Andhra Pradesh,Medium,Broiler,Wholesale,11066,38806.4,1038,66,232.44,2451473.89,1536881.87,893608.43,0.0938,3.5068,221.53,80.75,13539.52,Low,67.5,Approve
F0216,Uttarakhand,Small,Layer,Export,5976,21090.5,661,131,217.35,1227003.15,901965.4,248541.23,0.1106,3.5292,205.32,41.59,1897.26,Low,54.9,Approve
F0217,Odisha,Small,Broiler,Wholesale,5267,19590.8,162,78,217.56,1128266.85,767383.33,353407.75,0.0308,3.7195,214.21,67.1,4530.87,Low,68.5,Approve
F0218,Sikkim,Medium,Broiler,Retail,12400,49400.7,1066,48,210.32,2495816.91,1812628.73,960874.1,0.086,3.9839,201.28,77.49,20018.21,Low,58.0,Approve
F0219,Maharashtra,Medium,Layer,Wholesale,8028,32061.0,361,36,254.33,1995749.28,1158121.2,786593.52,0.045,3.9936,248.6,97.98,21849.82,Low,68.6,Approve
F0220,Karnataka,Large,Breeder,Wholesale,18213,56312.4,1988,162,199.96,3443035.27,2674057.2,581800.32,0.1092,3.0919,189.04,31.94,3591.36,Low,61.7,Approve
F0221,Sikkim,Medium,Layer,Wholesale,13182,48116.8,2929,71,205.33,2405823.66,1884055.73,496798.08,0.2222,3.6502,182.51,37.69,6997.16,High,35.8,Reject
F0222,Gujarat,Medium,Broiler,Wholesale,7224,25286.4,298,117,257.04,1818566.8,1067760.0,741354.91,0.0413,3.5003,251.74,102.62,6336.37,Low,79.8,Approve
F0223,Tamil Nadu,Small,Layer,Export,5975,25572.4,474,164,244.81,1404707.23,1035547.24,299709.34,0.0793,4.2799,235.1,50.16,1827.5,Low,46.0,Approve
F0224,Arunachal Pradesh,Small,Breeder,Wholesale,4915,19037.8,262,40,181.13,866489.96,699532.71,113305.7,0.0533,3.8734,176.3,23.05,2832.64,Low,51.2,Approve
F0225,Gujarat,Small,Broiler,Wholesale,3687,13661.3,159,70,252.49,910733.81,530781.27,441711.73,0.0431,3.7053,247.01,119.8,6310.17,Low,75.3,Approve
F0226,Odisha,Small,Breeder,Retail,6690,20044.4,818,32,198.13,1244454.93,813535.47,462078.38,0.1223,2.9962,186.02,69.07,14439.95,Medium,71.1,Revise
F0227,Tamil Nadu,Large,Broiler,Retail,10836,41497.4,381,69,236.47,2517295.52,1587664.4,868871.14,0.0352,3.8296,232.31,80.18,12592.34,Low,68.9,Approve
F0228,West Bengal,Small,Broiler,Retail,5307,15917.0,728,80,224.25,1108350.16,691001.33,353319.18,0.1372,2.9992,208.85,66.58,4416.49,Medium,68.3,Revise
F0229,Arunachal Pradesh,Large,Broiler,Export,18111,61093.0,2350,61,222.94,3775756.07,2445999.73,1232069.66,0.1298,3.3733,208.48,68.03,20197.86,Medium,62.0,Revise
F0230,West Bengal,Medium,Layer,Retail,12026,36593.1,791,77,237.43,2761423.86,1570970.78,1021172.84,0.0658,3.0428,229.62,84.91,13261.98,Low,82.0,Approve
F0231,Sikkim,Medium,Broiler,Wholesale,10826,43049.9,1059,100,196.57,2023935.93,1680860.02,284434.15,0.0978,3.9765,186.95,26.27,2844.34,Low,43.7,Approve
F0232,Punjab,Medium,Broiler,Retail,9562,30126.3,3225,177,192.72,1532013.01,1441762.87,248576.64,0.3373,3.1506,160.22,26.0,1404.39,High,39.3,Reject
F0233,Arunachal Pradesh,Medium,Broiler,Retail,9620,33344.5,91,118,232.15,2222712.89,1416385.22,832872.92,0.0095,3.4662,231.05,86.58,7058.25,Low,81.6,Approve
F0234,Himachal Pradesh,Medium,Broiler,Wholesale,11182,48335.8,837,138,203.25,2187546.25,1896819.33,223129.98,0.0749,4.3226,195.63,19.95,1616.88,Low,38.2,Approve
F0235,Himachal Pradesh,Small,Broiler,Wholesale,5696,17927.2,1037,64,257.92,1335338.01,744006.22,636702.28,0.1821,3.1473,234.43,111.78,9948.47,High,67.4,Reject
F0236,Karnataka,Medium,Broiler,Wholesale,9094,33313.8,1105,137,216.12,1845983.85,1409093.02,351048.59,0.1215,3.6633,202.99,38.6,2562.4,Medium,49.9,Revise
F0237,Odisha,Small,Broiler,Wholesale,4930,17317.9,507,69,188.93,883503.07,687968.47,177616.07,0.1028,3.5128,179.21,36.03,2574.15,Low,54.9,Approve
F0238,Andhra Pradesh,Small,Breeder,Wholesale,5861,16591.4,1237,81,234.87,1231233.54,742459.2,374628.43,0.2111,2.8308,210.07,63.92,4625.04,High,60.8,Reject
F0239,Maharashtra,Medium,Broiler,Wholesale,13916,57719.2,2165,141,204.49,2624356.15,2314450.13,477086.57,0.1556,4.1477,188.59,34.28,3383.59,Medium,34.0,Revise
F0240,Karnataka,Small,Broiler,Export,6087,17758.1,680,68,191.89,1102709.14,768613.27,322973.43,0.1117,2.9174,181.16,53.06,4749.61,Low,70.2,Approve
F0241,Gujarat,Large,Broiler,Export,12456,44919.2,1702,97,213.83,2481383.7,1825819.2,553981.05,0.1366,3.6062,199.21,44.48,5711.14,Medium,50.4,Revise
F0242,Andhra Pradesh,Large,Broiler,Retail,10722,40241.3,463,105,257.14,2697410.76,1621552.6,1163455.33,0.0432,3.7532,251.58,108.51,11080.53,Low,74.3,Approve
F0243,Maharashtra,Large,Broiler,Retail,18540,71718.7,1450,94,212.91,3793028.25,2814635.4,779690.96,0.0782,3.8683,204.59,42.05,8294.58,Low,52.6,Approve
F0244,Sikkim,Small,Broiler,Wholesale,4910,19496.0,926,91,207.79,923958.55,753844.89,124519.33,0.1886,3.9707,188.18,25.36,1368.34,High,30.8,Reject
F0245,Sikkim,Small,Layer,Export,4012,12961.0,757,31,215.56,783153.85,507852.58,260458.63,0.1887,3.2306,195.2,64.92,8401.89,High,55.9,Reject
F0246,Telangana,Large,Broiler,Retail,19812,55809.7,2198,163,180.97,3386426.23,2792521.13,391139.8,0.1109,2.817,170.93,19.74,2399.63,Low,64.1,Approve
F0247,Telangana,Medium,Broiler,Wholesale,7338,29571.1,525,151,190.65,1348850.59,1214448.73,90331.63,0.0715,4.0299,183.82,12.31,598.22,Medium,42.7,Revise
F0248,Andhra Pradesh,Large,Broiler,Wholesale,9804,36378.9,431,104,247.97,2377682.54,1471800.87,882323.88,0.044,3.7106,242.52,90.0,8483.88,Low,72.6,Approve
F0249,Tamil Nadu,Large,Layer,Wholesale,18699,78936.0,2567,69,258.24,4497410.15,2900916.4,1572235.91,0.1373,4.2214,240.52,84.08,22786.03,Medium,47.5,Revise
F0250,Himachal Pradesh,Large,Layer,Wholesale,12849,53919.0,114,118,192.64,2464143.93,2098211.47,202727.96,0.0089,4.1964,191.78,15.78,1718.03,Medium,48.9,Revise
F0251,Karnataka,Small,Broiler,Wholesale,3923,16608.6,196,57,222.84,852321.5,601292.27,240616.86,0.05,4.2336,217.26,61.33,4221.35,Low,53.8,Approve
F0252,Andhra Pradesh,Small,Broiler,Wholesale,4125,14951.7,487,109,257.31,998717.65,615120.73,412593.06,0.1181,3.6247,242.11,100.02,3785.26,Low,66.5,Approve
F0253,Odisha,Large,Breeder,Wholesale,13587,45749.7,1662,92,192.53,2455796.61,1908066.33,639507.86,0.1223,3.3672,180.75,47.07,6951.17,Medium,58.0,Revise
F0254,Andhra Pradesh,Small,Broiler,Wholesale,4758,19725.0,344,169,194.9,893799.4,814801.47,56763.48,0.0723,4.1456,187.85,11.93,335.88,Medium,40.2,Revise
F0255,West Bengal,Small,Broiler,Export,4594,16387.7,552,70,254.15,1097339.22,647399.18,439579.01,0.1202,3.5672,238.86,95.69,6279.7,Medium,66.3,Revise
F0256,Gujarat,Medium,Broiler,Wholesale,6492,20202.1,694,58,236.46,1452977.91,835985.93,598988.14,0.1069,3.1118,223.81,92.27,10327.38,Low,76.7,Approve
F0257,Sikkim,Large,Broiler,Wholesale,20133,85634.8,5761,52,192.16,3315156.12,3076734.0,7737.71,0.2861,4.2535,164.66,0.38,148.8,High,10.2,Reject
F0258,Bihar,Medium,Breeder,Retail,13732,59052.4,930,109,211.48,2805640.06,2251848.44,478017.09,0.0677,4.3003,204.31,34.81,4385.48,Low,43.3,Approve
F0259,Uttar Pradesh,Medium,Breeder,Export,13816,49637.1,560,80,184.5,2497361.14,1979310.42,617474.2,0.0405,3.5927,180.76,44.69,7718.43,Low,64.2,Approve
F0260,Uttar Pradesh,Small,Layer,Wholesale,4560,13354.8,550,141,214.61,919582.23,636109.6,320812.94,0.1206,2.9287,201.66,70.35,2275.27,Medium,73.1,Revise
F0261,Gujarat,Medium,Broiler,Export,10356,35824.6,398,134,242.23,2460254.38,1552644.13,958278.22,0.0384,3.4593,237.57,92.53,7151.33,Low,79.2,Approve
F0262,West Bengal,Large,Broiler,Wholesale,16200,67489.4,529,74,224.32,3574579.09,2507886.8,591055.99,0.0327,4.166,220.65,36.48,7987.24,Low,51.4,Approve
F0263,Sikkim,Small,Broiler,Wholesale,5243,22718.0,308,119,231.8,1179523.12,872864.58,260567.93,0.0587,4.333,224.97,49.7,2189.65,Low,47.6,Approve
F0264,Punjab,Medium,Breeder,Wholesale,13728,43187.0,477,179,206.15,2780708.18,2073369.47,772350.9,0.0347,3.1459,202.56,56.26,4314.81,Low,77.1,Approve
F0265,Andhra Pradesh,Large,Layer,Retail,14817,43174.6,1732,167,192.91,2691267.07,2130591.47,791100.9,0.1169,2.9139,181.63,53.39,4737.13,Low,69.6,Approve
F0266,Tamil Nadu,Medium,Broiler,Wholesale,7858,33722.6,309,164,181.05,1394704.2,1363901.56,29787.3,0.0393,4.2915,177.49,3.79,181.63,High,39.7,Reject
F0267,Andhra Pradesh,Medium,Broiler,Retail,13474,46646.8,1036,118,245.7,3183266.37,1982584.18,1215941.64,0.0769,3.462,236.25,90.24,10304.59,Low,73.2,Approve
F0268,Himachal Pradesh,Medium,Broiler,Wholesale,12906,48023.1,560,44,230.93,2915657.64,1802761.8,1096400.26,0.0434,3.721,225.91,84.95,24918.19,Low,71.2,Approve
F0269,Bihar,Small,Breeder,Retail,6069,26981.0,160,106,198.35,1187830.27,1011398.93,98834.79,0.0264,4.4457,195.72,16.29,932.4,Medium,41.5,Revise
F0270,Gujarat,Small,Broiler,Wholesale,5692,16581.7,838,135,213.47,1125601.98,786005.4,359403.03,0.1472,2.9132,197.75,63.14,2662.24,Medium,67.8,Revise
F0271,West Bengal,Large,Broiler,Wholesale,9678,37764.9,1975,119,244.12,2121377.97,1519471.27,440539.04,0.2041,3.9021,219.2,45.52,3702.01,High,35.1,Reject
F0272,Uttar Pradesh,Large,Broiler,Retail,17244,50455.6,2221,116,223.1,3599231.06,2327832.8,1256058.07,0.1288,2.926,208.72,72.84,10828.09,Medium,72.6,Revise
F0273,Maharashtra,Large,Broiler,Retail,19641,67531.6,552,90,204.01,3950661.04,2782001.2,1186250.12,0.0281,3.4383,201.14,60.4,13180.56,Low,73.0,Approve
F0274,Punjab,Large,Breeder,Wholesale,19644,81846.4,5128,137,201.37,3439382.89,3261261.33,186599.34,0.261,4.1665,175.09,9.5,1362.04,High,14.2,Reject
F0275,Maharashtra,Medium,Breeder,Retail,6528,23088.9,351,90,197.41,1253999.9,938803.8,233785.98,0.0538,3.5369,192.1,35.81,2597.62,Low,61.2,Approve
F0276,Arunachal Pradesh,Medium,Breeder,Retail,8790,39512.9,586,80,245.9,2089303.47,1433797.13,581437.75,0.0667,4.4952,237.69,66.15,7267.97,Low,47.3,Approve
F0277,Gujarat,Medium,Layer,Wholesale,13114,49182.8,2744,41,226.55,2660112.98,1833308.09,918410.67,0.2092,3.7504,202.85,70.03,22400.26,High,43.7,Reject
F0278,Telangana,Medium,Broiler,Export,8914,29826.0,956,106,236.73,1997050.4,1269851.38,734474.05,0.1072,3.346,224.04,82.4,6929.0,Low,69.4,Approve
F0279,Andhra Pradesh,Medium,Broiler,Retail,7290,23139.8,476,141,248.81,1754595.57,1056311.6,636656.08,0.0653,3.1742,240.69,87.33,4515.29,Low,80.0,Approve
F0280,Telangana,Medium,Broiler,Wholesale,10516,35711.1,824,95,258.95,2616389.23,1489047.76,987216.42,0.0784,3.3959,248.8,93.88,10391.75,Low,75.2,Approve
F0281,Maharashtra,Large,Layer,Wholesale,19929,68422.4,2906,144,199.96,3694386.99,3011925.2,830756.38,0.1458,3.4333,185.38,41.69,5769.14,Medium,52.0,Revise
F0282,Uttarakhand,Small,Broiler,Retail,6448,18807.6,480,59,194.47,1207197.68,803799.56,405472.28,0.0744,2.9168,187.22,62.88,6872.41,Low,77.9,Approve
F0283,Gujarat,Small,Layer,Wholesale,4418,15146.1,325,134,216.96,923187.13,659360.78,211631.28,0.0736,3.4283,208.96,47.9,1579.34,Low,63.7,Approve
F0284,Odisha,Small,Broiler,Wholesale,4473,16054.5,242,60,182.81,795558.69,624561.0,163493.55,0.0541,3.5892,177.86,36.55,2724.89,Low,60.3,Approve
F0285,Odisha,Medium,Broiler,Wholesale,11980,48263.3,610,42,243.34,2840959.66,1750243.27,976210.43,0.0509,4.0287,237.14,81.49,23243.11,Low,62.9,Approve
F0286,Bihar,Small,Layer,Retail,4387,17181.4,270,157,250.7,1065940.54,719786.84,362216.34,0.0615,3.9164,242.98,82.57,2307.11,Low,64.0,Approve
F0287,Himachal Pradesh,Medium,Breeder,Wholesale,9798,39240.0,1824,130,234.88,2087118.07,1579622.67,638317.92,0.1862,4.0049,213.01,65.15,4910.14,High,40.4,Reject
F0288,Sikkim,Medium,Broiler,Retail,11008,30978.9,272,96,201.44,2190037.01,1419805.67,651877.42,0.0247,2.8142,198.95,59.22,6790.39,Low,86.1,Approve
F0289,Bihar,Small,Broiler,Wholesale,5772,18297.4,517,109,189.85,1046727.81,802991.33,251962.41,0.0896,3.17,181.35,43.65,2311.58,Low,65.8,Approve
F0290,Arunachal Pradesh,Medium,Breeder,Wholesale,13598,53370.3,827,132,210.57,2776219.26,2173146.33,622365.5,0.0608,3.9249,204.16,45.77,4714.89,Low,54.8,Approve
F0291,Gujarat,Small,Layer,Retail,4249,15393.2,298,48,246.67,1011279.18,587358.53,315485.07,0.0701,3.6228,238.0,74.25,6572.61,Low,66.8,Approve
F0292,Uttarakhand,Small,Broiler,Retail,3981,11182.8,297,172,207.83,796460.92,566801.73,262816.51,0.0746,2.809,200.07,66.02,1528.0,Low,80.9,Approve
F0293,Andhra Pradesh,Large,Broiler,Wholesale,12462,51937.1,862,61,182.74,2198484.45,1900859.67,528349.96,0.0692,4.1676,176.42,42.4,8661.47,Low,47.8,Approve
F0294,Odisha,Small,Broiler,Wholesale,3587,14756.1,643,178,201.94,659442.9,617492.82,46501.44,0.1793,4.1138,183.84,12.96,261.24,Medium,26.1,Revise
F0295,Maharashtra,Small,Broiler,Wholesale,3475,12969.8,171,94,259.2,878466.98,517156.71,421029.34,0.0492,3.7323,252.8,121.16,4479.04,Low,73.9,Approve
F0296,Gujarat,Medium,Layer,Retail,9642,28087.0,1767,56,234.13,2050591.09,1196005.47,725956.04,0.1833,2.913,212.67,75.29,12963.5,High,65.8,Reject
F0297,Uttarakhand,Medium,Broiler,Wholesale,7970,32701.5,811,76,252.07,1906765.65,1225616.56,612623.35,0.1018,4.1031,239.24,76.87,8060.83,Low,53.1,Approve
F0298,West Bengal,Small,Broiler,Retail,6348,24073.6,1613,41,241.99,1340936.42,893289.07,452423.99,0.2541,3.7923,211.24,71.27,11034.73,High,37.4,Reject
F0299,Uttar Pradesh,Medium,Broiler,Retail,10406,42969.8,307,114,223.18,2288016.1,1676530.53,513823.88,0.0295,4.1293,219.87,49.38,4507.23,Low,55.8,Approve
F0300,Sikkim,Small,Broiler,Wholesale,6831,27856.6,148,95,191.9,1296551.82,1069763.2,229258.42,0.0217,4.078,189.8,33.56,2413.25,Low,54.0,Approve
F0301,Tamil Nadu,Small,Broiler,Wholesale,4241,17664.2,316,162,207.89,848800.52,722803.2,168580.57,0.0745,4.1651,200.14,39.75,1040.62,Low,46.4,Approve
F0302,Punjab,Medium,Broiler,Wholesale,6378,23475.0,673,166,226.7,1369508.74,1023571.87,285468.62,0.1055,3.6806,214.72,44.76,1719.69,Low,53.3,Approve
F0303,Telangana,Medium,Broiler,Wholesale,8880,26982.3,1761,177,249.65,1996977.44,1317034.6,784536.47,0.1983,3.0385,224.88,88.35,4432.41,High,64.4,Reject
F0304,Telangana,Medium,Broiler,Retail,7960,31370.1,355,139,201.49,1568071.95,1284842.64,132436.16,0.0446,3.941,196.99,16.64,952.78,Medium,49.4,Revise
F0305,Uttarakhand,Medium,Broiler,Retail,9396,36219.8,128,111,189.7,1770172.88,1452050.0,267782.24,0.0136,3.8548,188.4,28.5,2412.45,Low,58.5,Approve
F0306,Arunachal Pradesh,Large,Broiler,Retail,14145,57454.6,3561,154,224.71,2778332.74,2358509.87,392465.72,0.2517,4.0618,196.42,27.75,2548.48,High,21.0,Reject
F0307,Gujarat,Medium,Layer,Wholesale,11186,34551.3,812,92,194.12,2092544.43,1502381.84,493177.55,0.0726,3.0888,187.07,44.09,5360.63,Low,69.9,Approve
F0308,Bihar,Small,Broiler,Export,3040,9519.6,432,101,228.83,646136.04,416016.09,212195.7,0.1421,3.1314,212.54,69.8,2100.95,Medium,65.7,Revise
F0309,Maharashtra,Medium,Broiler,Wholesale,10708,46191.1,361,127,201.08,2116811.62,1793367.04,471213.35,0.0337,4.3137,197.69,44.01,3710.34,Low,50.1,Approve
F0310,West Bengal,Small,Broiler,Wholesale,3942,16063.5,265,102,198.48,756040.17,621978.6,180933.49,0.0672,4.075,191.79,45.9,1773.86,Low,50.8,Approve
F0311,Himachal Pradesh,Medium,Breeder,Retail,6674,28991.8,170,100,211.93,1396420.06,1090168.49,356525.09,0.0255,4.344,209.23,53.42,3565.25,Low,53.0,Approve
F0312,Punjab,Small,Breeder,Retail,4337,17737.5,1145,59,227.46,856216.16,652565.31,248226.0,0.264,4.0898,197.42,57.23,4207.22,High,27.8,Reject
F0313,Uttarakhand,Small,Broiler,Wholesale,4098,15634.5,263,154,223.63,886951.65,661053.13,198386.59,0.0642,3.8152,216.44,48.41,1288.22,Low,57.2,Approve
F0314,Himachal Pradesh,Large,Layer,Retail,18000,70416.5,353,45,199.58,3557166.92,2593163.0,746511.55,0.0196,3.912,197.62,41.47,16589.15,Low,59.7,Approve
F0315,Uttar Pradesh,Large,Broiler,Export,15978,68889.4,3153,162,251.29,3618865.35,2774633.2,698102.21,0.1973,4.3115,226.49,43.69,4309.27,High,27.2,Reject
F0316,Uttar Pradesh,Medium,Broiler,Retail,12494,47276.9,968,76,188.79,2267336.4,1833599.62,359026.03,0.0775,3.784,181.47,28.74,4724.03,Low,51.1,Approve
F0317,Tamil Nadu,Medium,Broiler,Wholesale,7790,30186.8,2140,130,183.16,1230761.89,1233645.16,-40391.65,0.2747,3.8751,157.99,-5.19,-310.7,High,16.6,Reject
F0318,Uttarakhand,Small,Broiler,Retail,6733,20643.4,508,136,228.22,1478512.54,953593.78,563961.75,0.0754,3.066,219.59,83.76,4146.78,Low,79.9,Approve
F0319,Uttarakhand,Small,Broiler,Retail,5320,19182.1,363,155,189.87,975638.01,834601.76,156801.48,0.0682,3.6057,183.39,29.47,1011.62,Low,56.2,Approve
F0320,Uttar Pradesh,Small,Layer,Retail,5884,23641.2,1098,51,220.39,1175703.11,867654.67,297722.13,0.1866,4.0179,199.81,50.6,5837.69,High,36.5,Reject
F0321,Bihar,Medium,Layer,Retail,11334,36955.7,444,112,256.14,2846181.38,1605397.93,1224549.17,0.0392,3.2606,251.12,108.04,10933.47,Low,85.0,Approve
F0322,Uttar Pradesh,Medium,Broiler,Export,9348,29388.5,680,89,235.89,2124758.5,1261853.13,979227.63,0.0727,3.1438,227.3,104.75,11002.56,Low,82.7,Approve
F0323,Bihar,Medium,Broiler,Wholesale,11818,39395.4,1301,87,229.4,2561695.34,1640383.87,755848.63,0.1101,3.3335,216.76,63.96,8687.92,Low,64.6,Approve
F0324,Himachal Pradesh,Small,Broiler,Wholesale,6854,22005.1,859,32,225.98,1451725.66,865803.84,643241.24,0.1253,3.2105,211.81,93.85,20101.29,Medium,72.5,Revise
F0325,Bihar,Large,Broiler,Wholesale,20790,65807.7,1913,74,194.36,3854887.51,2760773.4,687174.02,0.092,3.1654,185.42,33.05,9286.14,Low,62.9,Approve
F0326,Telangana,Medium,Breeder,Wholesale,7860,27684.9,129,79,214.61,1672903.31,1112457.13,513111.74,0.0164,3.5223,212.84,65.28,6495.09,Low,74.2,Approve
F0327,Karnataka,Medium,Layer,Wholesale,6576,28561.7,495,31,207.4,1312539.31,993398.47,418276.07,0.0753,4.3433,199.6,63.61,13492.78,Low,48.6,Approve
F0328,Telangana,Medium,Breeder,Retail,7446,27267.3,487,44,256.25,1845484.7,1030424.87,842819.79,0.0654,3.662,247.85,113.19,19155.0,Low,73.1,Approve
F0329,Gujarat,Medium,Layer,Wholesale,11880,37059.2,1034,172,199.39,2265532.11,1772566.4,440106.12,0.087,3.1195,190.7,37.05,2558.76,Low,65.5,Approve
F0330,Andhra Pradesh,Small,Broiler,Retail,5319,15589.2,439,125,217.72,1110221.97,727112.4,433920.01,0.0825,2.9309,208.73,81.58,3471.36,Low,81.1,Approve
F0331,Sikkim,Small,Broiler,Retail,4953,19730.1,420,114,255.05,1209641.83,782093.0,463541.97,0.0848,3.9835,244.22,93.59,4066.16,Low,62.2,Approve
F0332,Uttarakhand,Medium,Broiler,Wholesale,8178,28220.3,860,140,243.13,1883750.67,1233287.93,702700.54,0.1052,3.4508,230.34,85.93,5019.29,Low,68.4,Approve
F0333,Arunachal Pradesh,Small,Broiler,Export,3482,14614.3,549,52,257.16,824749.84,527803.76,288642.54,0.1577,4.1971,236.86,82.9,5550.82,Medium,44.9,Revise
F0334,Tamil Nadu,Small,Layer,Wholesale,3935,15429.8,160,128,228.67,881436.3,625748.71,297994.11,0.0407,3.9212,224.0,75.73,2328.08,Low,65.2,Approve
F0335,West Bengal,Small,Broiler,Retail,5295,21993.4,344,66,206.7,1058869.96,810732.8,214046.76,0.065,4.1536,199.98,40.42,3243.13,Low,48.1,Approve
F0336,Odisha,Small,Broiler,Retail,3155,10292.6,145,136,246.13,758600.15,460468.09,271915.44,0.046,3.2623,240.44,86.19,1999.38,Low,80.6,Approve
F0337,West Bengal,Large,Layer,Wholesale,12210,48559.3,641,70,203.32,2417273.43,1830751.27,813054.48,0.0525,3.977,197.97,66.59,11615.06,Low,60.1,Approve
F0338,Bihar,Medium,Layer,Wholesale,9916,32216.1,883,86,193.18,1830288.35,1356158.82,428379.97,0.089,3.2489,184.58,43.2,4981.16,Low,64.1,Approve
F0339,Karnataka,Medium,Broiler,Wholesale,11002,48369.4,364,126,236.5,2558921.72,1860671.6,438283.56,0.0331,4.3964,232.59,39.84,3478.44,Low,47.5,Approve
F0340,Maharashtra,Small,Layer,Retail,5248,20371.9,511,54,231.12,1153817.53,760962.6,454151.22,0.0974,3.8818,219.86,86.54,8410.21,Low,60.7,Approve
F0341,Arunachal Pradesh,Medium,Broiler,Retail,9366,31391.7,859,139,250.32,2236843.45,1390361.67,998732.77,0.0917,3.3517,238.83,106.63,7185.13,Low,75.8,Approve
F0342,Gujarat,Medium,Broiler,Wholesale,6246,20350.5,223,66,256.95,1576206.71,833297.4,724329.75,0.0357,3.2582,252.35,115.97,10974.69,Low,85.6,Approve
F0343,Karnataka,Small,Broiler,Retail,5048,15772.9,257,69,248.58,1222855.94,661325.93,433472.53,0.0509,3.1246,242.25,85.87,6282.21,Low,82.7,Approve
F0344,Sikkim,Medium,Broiler,Wholesale,7934,31584.4,99,114,184.8,1457015.25,1252352.53,200640.05,0.0125,3.9809,183.64,25.29,1760.0,Low,55.3,Approve
F0345,Arunachal Pradesh,Small,Layer,Wholesale,6830,21663.5,334,75,233.16,1553486.24,909163.67,805287.14,0.0489,3.1718,227.45,117.9,10737.16,Low,85.5,Approve
F0346,Arunachal Pradesh,Medium,Broiler,Export,7708,29383.0,480,131,242.78,1813053.41,1211336.76,620079.18,0.0623,3.812,235.22,80.45,4733.43,Low,65.6,Approve
F0347,Andhra Pradesh,Medium,Layer,Wholesale,7278,23652.6,383,127,258.55,1832155.83,1048578.27,854056.75,0.0526,3.2499,251.74,117.35,6724.86,Low,83.4,Approve
F0348,Andhra Pradesh,Small,Layer,Export,5238,20561.0,77,48,209.97,1091716.55,758939.6,377909.16,0.0147,3.9254,208.42,72.15,7873.11,Low,67.8,Approve
F0349,Telangana,Small,Broiler,Retail,4602,19261.2,161,120,193.59,875258.59,752022.4,165742.84,0.035,4.1854,190.19,36.02,1381.19,Low,50.6,Approve
F0350,Punjab,Medium,Layer,Export,11126,45868.5,904,166,248.23,2649634.23,1893747.62,1002637.76,0.0813,4.1226,238.15,90.12,6039.99,Low,58.9,Approve
F0351,Sikkim,Medium,Broiler,Wholesale,6882,28171.1,1305,98,205.4,1279487.87,1083763.93,264824.02,0.1896,4.0934,185.92,38.48,2702.29,High,31.4,Reject
F0352,Odisha,Large,Broiler,Wholesale,14832,46262.9,1751,34,227.86,3180031.7,1849035.0,1318162.56,0.1181,3.1191,214.4,88.87,38769.49,Low,74.1,Approve
F0353,Himachal Pradesh,Medium,Layer,Wholesale,9676,28546.7,955,176,211.19,1942626.89,1414578.69,419661.84,0.0987,2.9503,200.77,43.37,2384.44,Low,68.9,Approve
F0354,Maharashtra,Small,Layer,Retail,4829,19259.1,565,77,212.19,964666.18,731253.84,254138.88,0.117,3.9882,199.77,52.63,3300.5,Low,47.3,Approve
F0355,Karnataka,Small,Broiler,Retail,5190,17781.9,1176,141,238.6,1097956.29,780797.8,306538.39,0.2266,3.4262,211.55,59.06,2174.03,High,45.1,Reject
F0356,Gujarat,Medium,Breeder,Wholesale,12524,44272.2,376,173,208.92,2577159.78,1985370.98,684152.45,0.03,3.535,205.78,54.63,3954.64,Low,69.3,Approve
F0357,West Bengal,Small,Broiler,Retail,3532,10076.6,679,47,235.45,751656.37,427797.02,291430.25,0.1922,2.8529,212.81,82.51,6200.64,High,67.6,Reject
F0358,Andhra Pradesh,Medium,Breeder,Wholesale,10548,34189.0,1038,178,181.15,1816653.72,1613343.6,176004.72,0.0984,3.2413,172.23,16.69,988.79,Medium,56.3,Revise
F0359,Uttarakhand,Large,Broiler,Wholesale,13008,37167.1,2324,60,205.97,2439901.84,1606828.2,834435.07,0.1787,2.8572,187.57,64.15,13907.25,Medium,64.8,Revise
F0360,Uttarakhand,Medium,Broiler,Wholesale,13400,57547.9,467,158,205.52,2705945.47,2312444.91,266428.32,0.0349,4.2946,201.94,19.88,1686.26,Medium,44.3,Revise
F0361,Himachal Pradesh,Small,Broiler,Wholesale,3948,12688.0,283,160,239.91,913170.96,588834.67,326156.27,0.0717,3.2138,231.3,82.61,2038.48,Low,77.1,Approve
F0362,Maharashtra,Medium,Broiler,Wholesale,12746,47765.3,1792,54,205.16,2431175.43,1810498.2,716326.46,0.1406,3.7475,190.74,56.2,13265.3,Medium,49.9,Revise
F0363,Gujarat,Medium,Broiler,Wholesale,13450,38551.3,922,37,230.67,2996096.4,1609099.71,1673144.63,0.0686,2.8663,222.76,124.4,45220.13,Low,89.0,Approve
F0364,Himachal Pradesh,Medium,Layer,Export,10038,39485.9,482,91,235.08,2303020.16,1532982.33,685366.16,0.048,3.9336,229.43,68.28,7531.5,Low,62.0,Approve
F0365,Bihar,Large,Broiler,Retail,10377,34754.1,2468,164,232.67,2127306.75,1585987.4,637667.84,0.2378,3.3491,205.0,61.45,3888.22,High,45.8,Reject
F0366,Maharashtra,Small,Broiler,Wholesale,6472,28000.9,588,36,228.26,1410192.21,981040.6,289682.44,0.0909,4.3265,217.89,44.76,8046.73,Low,42.0,Approve
F0367,Andhra Pradesh,Large,Broiler,Retail,10650,45899.4,821,165,213.09,2181922.78,1854686.8,326413.45,0.0771,4.3098,204.88,30.65,1978.26,Low,40.8,Approve
F0368,Gujarat,Large,Broiler,Retail,10176,34120.1,1786,48,209.86,1948115.2,1346277.4,608719.46,0.1755,3.353,191.44,59.82,12681.66,Medium,54.0,Revise
F0369,Karnataka,Small,Layer,Wholesale,6938,30052.9,1274,174,225.17,1418679.64,1222679.27,253754.07,0.1836,4.3316,204.48,36.57,1458.36,High,26.9,Reject
F0370,Karnataka,Small,Layer,Retail,4787,21510.2,156,168,185.1,871582.21,855546.13,-6611.12,0.0326,4.4935,182.07,-1.38,-39.35,High,35.2,Reject
F0371,Gujarat,Small,Breeder,Retail,3844,16157.1,365,140,250.07,915497.53,643329.09,283372.2,0.095,4.2032,238.16,73.72,2024.09,Low,51.2,Approve
F0372,Arunachal Pradesh,Small,Broiler,Retail,6278,26595.4,811,40,246.03,1444708.2,943642.36,581132.8,0.1292,4.2363,230.12,92.57,14528.32,Medium,50.5,Revise
F0373,Karnataka,Small,Broiler,Retail,5257,16945.0,1083,70,207.71,979408.51,701060.44,223147.21,0.206,3.2233,186.31,42.45,3187.82,High,48.1,Reject
F0374,Andhra Pradesh,Medium,Broiler,Retail,8276,31286.5,326,143,225.35,1828140.26,1312497.31,336620.36,0.0394,3.7804,220.9,40.67,2353.99,Low,59.5,Approve
F0375,Sikkim,Small,Breeder,Wholesale,6808,19840.8,987,121,254.58,1607477.14,923345.24,770896.92,0.145,2.9143,236.12,113.23,6371.05,Medium,77.3,Revise
F0376,Sikkim,Small,Layer,Export,3645,10794.2,263,104,201.73,708719.21,487114.4,186257.03,0.0722,2.9614,194.44,51.1,1790.93,Low,74.3,Approve
F0377,Andhra Pradesh,Large,Broiler,Wholesale,18966,85311.3,3646,96,239.4,4103943.88,3148835.0,1048873.93,0.1922,4.4981,216.38,55.3,10925.77,High,27.0,Reject
F0378,Maharashtra,Small,Broiler,Export,5266,17668.9,212,34,186.62,962911.58,683845.84,372953.84,0.0403,3.3553,182.85,70.82,10969.23,Low,75.6,Approve
F0379,Arunachal Pradesh,Large,Layer,Wholesale,16362,66624.6,3313,145,221.87,3262692.84,2705617.2,693518.48,0.2025,4.0719,199.41,42.39,4782.89,High,31.1,Reject
F0380,West Bengal,Small,Layer,Wholesale,4466,18629.2,450,179,250.72,1063198.04,775260.44,236301.37,0.1008,4.1713,238.06,52.91,1320.12,Low,45.9,Approve
F0381,Andhra Pradesh,Small,Layer,Retail,6674,28422.2,466,147,224.14,1443664.15,1133402.27,204712.54,0.0698,4.2586,216.31,30.67,1392.6,Low,42.9,Approve
F0382,Andhra Pradesh,Medium,Broiler,Wholesale,8754,39357.7,207,40,229.3,1983524.0,1365820.07,540498.14,0.0236,4.496,226.58,61.74,13512.45,Low,52.2,Approve
F0383,Uttar Pradesh,Medium,Breeder,Retail,11870,38109.2,1322,73,252.61,2831466.28,1585948.62,1269985.7,0.1114,3.2105,238.54,106.99,17397.06,Low,76.0,Approve
F0384,Gujarat,Large,Broiler,Wholesale,16815,48235.4,1521,106,237.23,3808540.34,2218798.13,1542151.37,0.0905,2.8686,226.5,91.71,14548.6,Low,83.8,Approve
F0385,Punjab,Medium,Breeder,Retail,11194,39168.1,162,147,235.67,2618985.74,1713934.73,1083385.35,0.0145,3.499,233.96,96.78,7369.97,Low,82.8,Approve
F0386,Arunachal Pradesh,Large,Layer,Wholesale,9423,28468.2,1915,145,226.91,1920805.49,1340354.4,644522.19,0.2032,3.0211,203.84,68.4,4444.98,High,59.1,Reject
F0387,Himachal Pradesh,Small,Layer,Wholesale,5659,16060.9,359,96,230.64,1263702.48,732870.07,484667.07,0.0634,2.8381,223.31,85.65,5048.62,Low,86.8,Approve
F0388,Uttar Pradesh,Small,Layer,Wholesale,3500,11944.5,610,42,244.3,780463.28,463912.33,349567.19,0.1743,3.4127,222.99,99.88,8323.03,Medium,63.0,Revise
F0389,West Bengal,Medium,Broiler,Retail,7678,31728.2,942,121,258.34,1861833.65,1247082.71,754985.95,0.1227,4.1324,242.49,98.33,6239.55,Medium,55.0,Revise
F0390,Andhra Pradesh,Large,Broiler,Retail,17247,64892.0,3941,40,243.63,3721685.78,2412619.33,1250434.28,0.2285,3.7625,215.79,72.5,31260.86,High,41.3,Reject
F0391,Odisha,Large,Broiler,Retail,19854,66148.0,129,168,236.6,4682164.11,3040928.8,1753509.35,0.0065,3.3317,235.83,88.32,10437.56,Low,85.2,Approve
F0392,West Bengal,Medium,Broiler,Export,9364,36635.5,1000,114,190.84,1691547.41,1463958.07,153620.39,0.1068,3.9124,180.64,16.41,1347.55,Medium,41.2,Revise
F0393,West Bengal,Small,Broiler,Retail,4565,14582.6,1091,114,245.37,986201.51,641584.53,337627.42,0.239,3.1944,216.04,73.96,2961.64,High,51.9,Reject
F0394,Uttar Pradesh,Medium,Broiler,Export,10092,28504.3,415,164,238.88,2361156.08,1425932.47,829915.4,0.0411,2.8244,233.96,82.23,5060.46,Low,89.3,Approve
F0395,Himachal Pradesh,Small,Layer,Wholesale,6917,28355.6,672,46,241.63,1590113.84,1026238.89,662405.57,0.0972,4.0994,229.88,95.76,14400.12,Low,58.6,Approve
F0396,Tamil Nadu,Large,Broiler,Wholesale,13590,52462.3,325,77,198.49,2665180.35,2019702.6,578611.61,0.0239,3.8604,196.11,42.58,7514.44,Low,60.5,Approve
F0397,Tamil Nadu,Large,Layer,Wholesale,10785,44174.4,2781,171,252.28,2369884.37,1838950.8,583075.32,0.2579,4.0959,219.74,54.06,3409.8,High,26.8,Reject
F0398,Tamil Nadu,Medium,Layer,Wholesale,9808,28111.6,733,126,187.78,1772867.87,1328554.4,500623.91,0.0747,2.8662,180.76,51.04,3973.21,Low,75.9,Approve
F0399,Andhra Pradesh,Medium,Broiler,Retail,6560,27703.6,797,104,200.29,1234052.23,1058766.31,367124.13,0.1215,4.2231,188.12,55.96,3530.04,Medium,42.7,Revise
F0400,Andhra Pradesh,Medium,Broiler,Retail,6846,26379.0,472,166,233.04,1540375.24,1124671.07,395237.63,0.0689,3.8532,225.0,57.73,2380.95,Low,58.1,Approve
F0401,Gujarat,Small,Broiler,Retail,5903,22182.1,1102,106,233.9,1251793.33,894394.96,308757.13,0.1867,3.7578,212.06,52.31,2912.8,High,42.2,Reject
F0402,Sikkim,Large,Layer,Retail,9807,37873.1,648,157,205.07,1944621.04,1597282.47,340316.56,0.0661,3.8618,198.29,34.7,2167.62,Low,52.6,Approve
F0403,Bihar,Medium,Broiler,Export,6306,26923.7,283,66,236.12,1455475.71,981611.8,411968.7,0.0449,4.2695,230.81,65.33,6241.95,Low,54.8,Approve
F0404,Gujarat,Large,Broiler,Export,16983,64497.9,1523,59,211.03,3423290.5,2446236.6,893616.61,0.0897,3.7978,201.57,52.62,15146.04,Low,55.1,Approve
F0405,Himachal Pradesh,Small,Layer,Wholesale,4750,17991.2,93,76,180.01,846628.59,697484.18,179936.68,0.0196,3.7876,178.24,37.88,2367.59,Low,61.4,Approve
F0406,Uttar Pradesh,Large,Broiler,Wholesale,10983,49249.5,127,164,193.01,2107534.7,1952854.47,83899.96,0.0116,4.4842,191.89,7.64,511.59,Medium,40.6,Revise
F0407,Uttarakhand,Small,Layer,Wholesale,4967,20297.4,594,171,250.61,1170239.91,845889.6,357232.35,0.1196,4.0865,235.6,71.92,2089.08,Low,49.7,Approve
F0408,Tamil Nadu,Small,Broiler,Wholesale,3082,10947.0,48,77,197.82,604854.36,437123.16,185769.42,0.0156,3.5519,196.25,60.28,2412.59,Low,72.4,Approve
F0409,Andhra Pradesh,Large,Layer,Retail,20079,80367.7,1298,163,189.03,3672905.49,3353884.2,364817.49,0.0646,4.0026,182.92,18.17,2238.14,Medium,45.7,Revise
F0410,West Bengal,Small,Breeder,Retail,5994,20749.4,254,63,234.58,1376244.28,823319.6,598995.06,0.0424,3.4617,229.6,99.93,9507.86,Low,80.4,Approve
F0411,Bihar,Small,Layer,Wholesale,5946,18962.3,432,130,215.26,1233315.92,851889.27,363272.17,0.0727,3.1891,207.42,61.1,2794.4,Low,72.1,Approve
F0412,Telangana,Large,Broiler,Retail,13347,50914.1,2068,75,243.73,3000934.06,1965420.2,735009.3,0.1549,3.8146,224.84,55.07,9800.12,Medium,46.2,Revise
F0413,Gujarat,Large,Broiler,Retail,12894,56448.8,2009,99,248.92,2959393.1,2113508.0,854654.25,0.1558,4.3779,229.52,66.28,8632.87,Medium,37.3,Revise
F0414,Himachal Pradesh,Medium,Layer,Wholesale,13568,59421.6,962,165,247.68,3241290.73,2383669.87,870309.29,0.0709,4.3795,238.89,64.14,5274.6,Low,48.6,Approve
F0415,Odisha,Medium,Broiler,Wholesale,10662,36050.8,1067,53,205.04,2076696.17,1426677.33,611583.73,0.1001,3.3812,194.78,57.36,11539.32,Low,63.4,Approve
F0416,Gujarat,Medium,Broiler,Export,7958,29421.1,1207,96,220.44,1621174.41,1180980.73,492709.85,0.1517,3.697,203.72,61.91,5132.39,Medium,50.8,Revise
F0417,Gujarat,Small,Layer,Retail,5220,16494.1,573,33,232.01,1144610.62,654494.2,533858.06,0.1098,3.1598,219.27,102.27,16177.52,Low,77.2,Approve
F0418,Karnataka,Small,Broiler,Wholesale,6398,28743.5,311,30,205.76,1284421.89,986379.67,312052.52,0.0486,4.4926,200.75,48.77,10401.75,Low,45.5,Approve
F0419,Arunachal Pradesh,Medium,Broiler,Wholesale,13578,60665.2,234,63,183.29,2467165.33,2165608.0,313725.22,0.0172,4.4679,181.7,23.11,4979.77,Low,44.0,Approve
F0420,Uttar Pradesh,Medium,Breeder,Wholesale,12268,47896.3,1788,138,219.65,2498237.77,1968093.53,682384.34,0.1457,3.9042,203.64,55.62,4944.81,Medium,45.8,Revise
F0421,Punjab,Medium,Broiler,Wholesale,12288,51210.3,3327,38,181.03,1923284.86,1824038.87,-4035.19,0.2708,4.1675,156.52,-0.33,-106.19,High,11.8,Reject
F0422,Gujarat,Medium,Broiler,Retail,11620,46662.1,650,92,256.05,2892063.65,1797617.76,1046527.85,0.0559,4.0157,248.89,90.06,11375.3,Low,64.7,Approve
F0423,Himachal Pradesh,Small,Layer,Wholesale,4659,17743.2,339,39,243.73,1094143.13,655602.8,493128.18,0.0728,3.8084,234.85,105.84,12644.31,Low,69.0,Approve
F0424,Uttar Pradesh,Medium,Layer,Wholesale,8796,25426.5,98,167,195.36,1708797.14,1260326.47,494247.21,0.0111,2.8907,194.27,56.19,2959.56,Low,85.6,Approve
F0425,Uttarakhand,Small,Broiler,Wholesale,3632,12977.5,238,73,203.01,713096.95,514240.29,190476.72,0.0655,3.5731,196.34,52.44,2609.27,Low,63.0,Approve
F0426,Odisha,Medium,Layer,Retail,9062,35769.0,660,147,258.63,2258296.54,1476838.27,825559.77,0.0728,3.9471,249.21,91.1,5616.05,Low,64.0,Approve
F0427,Odisha,Medium,Layer,Wholesale,7572,29923.1,409,35,209.88,1546260.66,1084022.87,419854.16,0.054,3.9518,204.21,55.45,11995.83,Low,57.6,Approve
F0428,Gujarat,Large,Broiler,Wholesale,17970,61714.5,843,150,242.7,4258893.88,2735419.0,1557818.7,0.0469,3.4343,237.0,86.69,10385.46,Low,77.0,Approve
F0429,Telangana,Small,Broiler,Retail,6059,26664.9,549,124,215.75,1247974.61,1023145.09,267763.33,0.0906,4.4009,205.97,44.19,2159.38,Low,40.4,Approve
F0430,Uttar Pradesh,Small,Broiler,Wholesale,3397,10478.1,293,140,249.13,809743.82,484915.76,377132.19,0.0863,3.0845,238.37,111.02,2693.8,Low,82.1,Approve
F0431,Uttarakhand,Small,Layer,Wholesale,4143,15124.5,209,134,236.3,954206.21,638584.47,347153.77,0.0504,3.6506,230.32,83.79,2590.7,Low,71.4,Approve
F0432,Sikkim,Medium,Layer,Wholesale,7866,31263.4,1190,93,181.83,1322093.33,1211146.0,201089.66,0.1513,3.9745,168.08,25.56,2162.25,Medium,36.0,Revise
F0433,Arunachal Pradesh,Medium,Broiler,Retail,8920,35547.4,47,169,203.55,1810829.44,1496039.24,184171.59,0.0053,3.9851,203.01,20.65,1089.77,Low,55.0,Approve
F0434,Karnataka,Small,Layer,Export,4852,18935.8,638,100,224.64,1018247.17,745445.38,160147.39,0.1315,3.9027,209.86,33.01,1601.47,Medium,42.1,Revise
F0435,Maharashtra,Small,Layer,Wholesale,5723,18702.7,283,133,254.09,1418183.66,832926.56,430500.69,0.0494,3.268,247.8,75.22,3236.85,Low,77.3,Approve
F0436,Tamil Nadu,Medium,Broiler,Wholesale,11966,36682.4,900,118,188.16,2166798.43,1656332.89,631379.03,0.0752,3.0656,181.08,52.76,5350.67,Low,72.2,Approve
F0437,Telangana,Small,Layer,Wholesale,5512,21392.6,677,35,228.09,1179945.84,780534.09,435027.68,0.1228,3.8811,214.07,78.92,12429.36,Medium,55.3,Revise
F0438,Sikkim,Large,Broiler,Retail,9855,37634.4,1038,139,204.17,1906126.47,1564234.8,273431.77,0.1053,3.8188,193.42,27.75,1967.14,Low,46.2,Approve
F0439,Arunachal Pradesh,Medium,Breeder,Retail,6528,20268.8,360,141,251.15,1594275.01,935948.8,627644.87,0.0551,3.1049,244.22,96.15,4451.38,Low,85.0,Approve
F0440,Maharashtra,Small,Broiler,Retail,5367,21461.2,264,179,241.21,1262744.07,911286.27,372702.05,0.0492,3.9987,235.28,69.44,2082.13,Low,60.8,Approve
F0441,Odisha,Small,Layer,Retail,5720,20442.1,443,156,209.58,1152320.0,894360.87,216285.19,0.0774,3.5738,201.45,37.81,1386.44,Low,57.7,Approve
F0442,Sikkim,Large,Layer,Export,19341,76110.6,3433,165,193.37,3407985.89,3208819.2,59916.61,0.1775,3.9352,176.21,3.1,363.13,High,27.6,Reject
F0443,Telangana,Small,Broiler,Export,5867,24779.4,571,92,180.92,1009717.8,934454.84,42216.11,0.0973,4.2235,172.1,7.2,458.87,Medium,33.9,Revise
F0444,Arunachal Pradesh,Small,Layer,Retail,5136,15862.7,237,170,229.69,1152384.19,761000.73,348716.17,0.0461,3.0885,224.37,67.9,2051.27,Low,79.6,Approve
F0445,Telangana,Large,Layer,Wholesale,14031,39743.5,3254,175,212.49,2635635.4,2012427.0,629031.97,0.2319,2.8325,187.84,44.83,3594.47,High,53.1,Reject
F0446,Telangana,Large,Breeder,Wholesale,12678,52290.1,242,47,205.18,2576361.11,1890213.93,900376.97,0.0191,4.1245,203.22,71.02,19156.96,Low,62.8,Approve
F0447,Maharashtra,Large,Broiler,Retail,11460,43966.1,2203,106,258.84,2681066.71,1756211.53,789848.57,0.1922,3.8365,233.95,68.92,7451.4,High,44.0,Reject
F0448,Arunachal Pradesh,Medium,Broiler,Retail,9524,37994.9,1252,171,217.29,1933415.62,1601617.4,324719.37,0.1315,3.9894,203.0,34.09,1898.94,Medium,40.6,Revise
F0449,Uttarakhand,Small,Breeder,Retail,6048,25552.0,137,168,239.99,1434963.41,1045177.6,422834.14,0.0227,4.2249,237.26,69.91,2516.87,Low,60.0,Approve
F0450,Odisha,Small,Layer,Wholesale,5381,22410.7,858,132,194.19,961562.57,888359.53,98951.47,0.1594,4.1648,178.7,18.39,749.63,Medium,29.2,Revise
F0451,Gujarat,Medium,Layer,Retail,10538,46720.9,1445,146,181.08,1777339.33,1828279.44,-95895.85,0.1371,4.4336,168.66,-9.1,-656.82,High,19.9,Reject
F0452,Punjab,Medium,Breeder,Wholesale,6080,22563.4,768,46,213.41,1215504.97,850115.69,402990.88,0.1263,3.7111,199.92,66.28,8760.67,Medium,55.1,Revise
F0453,Bihar,Medium,Broiler,Retail,9462,34351.2,380,43,233.25,2162644.19,1301158.13,906904.72,0.0402,3.6304,228.56,95.85,21090.81,Low,76.2,Approve
F0454,Gujarat,Large,Broiler,Wholesale,9201,32049.0,696,86,220.53,1952303.81,1305801.07,602453.0,0.0756,3.4832,212.18,65.48,7005.27,Low,66.7,Approve
F0455,Sikkim,Small,Broiler,Wholesale,3987,12205.3,266,122,251.24,968191.92,554340.2,348366.9,0.0667,3.0613,242.84,87.38,2855.47,Low,82.1,Approve
F0456,Karnataka,Medium,Layer,Wholesale,9598,36217.4,1223,163,214.72,1929492.73,1554811.51,264380.26,0.1274,3.7734,201.03,27.55,1621.96,Medium,44.0,Revise
F0457,Arunachal Pradesh,Small,Layer,Export,5561,18189.6,207,143,204.88,1118102.84,819594.18,340205.82,0.0372,3.2709,201.06,61.18,2379.06,Low,75.4,Approve
F0458,West Bengal,Medium,Breeder,Wholesale,13888,60638.1,3285,161,253.28,3101472.82,2425943.62,896829.22,0.2365,4.3662,223.32,64.58,5570.37,High,25.8,Reject
F0459,Maharashtra,Small,Broiler,Wholesale,6708,25432.9,684,168,212.54,1352959.0,1095269.4,257740.68,0.102,3.7914,201.69,38.42,1534.17,Low,49.9,Approve
F0460,Uttarakhand,Small,Layer,Wholesale,6693,25485.8,458,138,201.57,1302917.11,1059539.2,334706.25,0.0684,3.8078,194.67,50.01,2425.41,Low,57.2,Approve
F0461,Karnataka,Small,Breeder,Retail,4621,15727.0,563,148,187.81,814938.31,698627.64,114176.33,0.1218,3.4034,176.36,24.71,771.46,Medium,51.7,Revise
F0462,Maharashtra,Medium,Layer,Wholesale,9310,26890.8,1884,121,243.46,2037281.16,1257366.04,663333.47,0.2024,2.8884,218.83,71.25,5482.09,High,62.7,Reject
F0463,Uttarakhand,Medium,Broiler,Export,12396,35377.7,695,40,246.01,2963927.95,1486258.73,1446626.94,0.0561,2.854,239.1,116.7,36165.67,Low,91.0,Approve
F0464,Sikkim,Medium,Layer,Retail,8556,30114.3,1598,128,182.66,1416906.28,1285011.13,237586.22,0.1868,3.5197,165.6,27.77,1856.14,High,41.0,Reject
F0465,Andhra Pradesh,Large,Breeder,Wholesale,11082,32622.8,1057,37,208.69,2202384.35,1344696.53,791234.65,0.0954,2.9438,198.74,71.4,21384.72,Low,76.5,Approve
F0466,Uttar Pradesh,Small,Breeder,Retail,6087,23323.2,441,143,239.99,1407792.95,972205.47,426017.85,0.0724,3.8316,231.28,69.99,2979.15,Low,61.1,Approve
F0467,Telangana,Small,Layer,Wholesale,5524,23740.2,55,178,255.71,1405439.76,973288.31,515468.36,0.01,4.2976,254.42,93.31,2895.89,Low,66.1,Approve
F0468,Bihar,Large,Layer,Retail,12255,52708.2,1181,94,210.23,2452143.36,1977125.07,611944.97,0.0964,4.301,200.09,49.93,6510.05,Low,43.1,Approve
F0469,Sikkim,Small,Broiler,Wholesale,5928,23240.0,766,122,249.76,1384936.81,936251.73,469869.51,0.1292,3.9204,233.63,79.26,3851.39,Medium,53.7,Revise
F0470,Sikkim,Large,Broiler,Export,16437,51926.0,2844,133,211.5,3175547.71,2352865.73,907571.97,0.173,3.1591,193.2,55.22,6823.85,Medium,57.2,Revise
F0471,Punjab,Small,Breeder,Retail,4693,20025.5,679,128,194.36,846085.49,782002.82,109045.75,0.1447,4.2671,180.29,23.24,851.92,Medium,30.3,Revise
F0472,Gujarat,Large,Broiler,Retail,15945,68664.9,1365,113,180.28,2751413.91,2628195.13,165667.48,0.0856,4.3064,172.56,10.39,1466.08,Medium,34.6,Revise
F0473,Karnataka,Small,Broiler,Wholesale,4058,12719.0,191,102,206.41,817855.3,556303.07,313915.84,0.0471,3.1343,201.54,77.36,3077.61,Low,80.9,Approve
F0474,Sikkim,Large,Broiler,Wholesale,11334,45943.8,126,174,210.28,2369944.57,1928062.0,521505.56,0.0111,4.0536,209.1,46.01,2997.16,Low,59.1,Approve
F0475,Uttar Pradesh,Medium,Broiler,Retail,13294,43698.5,2091,88,255.61,3130826.01,1834044.24,1273629.83,0.1573,3.2871,235.51,95.8,14473.07,Medium,66.9,Revise
F0476,Sikkim,Large,Layer,Retail,10479,43639.7,1454,60,196.49,1916056.16,1595799.4,361885.02,0.1388,4.1645,182.85,34.53,6031.42,Medium,36.1,Revise
F0477,Sikkim,Small,Broiler,Wholesale,4585,20611.0,387,93,210.58,924696.11,758497.33,148377.95,0.0844,4.4953,201.68,32.36,1595.46,Low,36.4,Approve
F0478,Karnataka,Medium,Breeder,Wholesale,8984,25613.8,359,77,182.01,1602514.61,1135684.58,389465.27,0.04,2.851,178.37,43.35,5057.99,Low,79.2,Approve
F0479,Maharashtra,Large,Breeder,Wholesale,14370,62157.8,267,52,241.08,3432095.4,2218814.27,1017404.27,0.0186,4.3255,238.84,70.8,19565.47,Low,58.7,Approve
F0480,Karnataka,Medium,Broiler,Retail,7320,28244.0,1437,84,253.21,1671468.65,1096680.0,557523.74,0.1963,3.8585,228.34,76.16,6637.19,High,44.8,Reject
F0481,Gujarat,Medium,Broiler,Wholesale,8696,38738.5,1838,36,199.03,1547780.66,1342701.4,229300.5,0.2114,4.4547,177.99,26.37,6369.46,High,17.9,Reject
F0482,Tamil Nadu,Medium,Layer,Wholesale,8654,31072.3,2757,141,214.32,1559270.73,1333217.53,366469.5,0.3186,3.5905,180.18,42.35,2599.07,High,34.3,Reject
F0483,Sikkim,Medium,Layer,Wholesale,8598,36460.3,1942,135,189.77,1447285.37,1438378.6,39016.08,0.2259,4.2406,168.33,4.54,289.01,High,14.8,Reject
F0484,Andhra Pradesh,Medium,Broiler,Wholesale,13880,40336.3,1052,127,216.55,2891743.78,1894778.16,1024652.96,0.0758,2.9061,208.34,73.82,8068.13,Low,80.7,Approve
F0485,Uttar Pradesh,Medium,Broiler,Wholesale,9972,33605.4,290,41,190.67,1873603.37,1310603.6,553665.7,0.0291,3.37,187.89,55.52,13504.04,Low,73.1,Approve
F0486,Tamil Nadu,Large,Broiler,Export,20265,59050.8,1438,89,221.87,4336621.93,2633004.93,1626128.25,0.071,2.9139,214.0,80.24,18271.1,Low,82.8,Approve
F0487,Andhra Pradesh,Small,Broiler,Wholesale,6060,27016.0,235,81,238.77,1418876.23,984616.0,443536.71,0.0388,4.4581,234.14,73.19,5475.76,Low,53.7,Approve
F0488,Gujarat,Small,Broiler,Export,5044,21128.6,244,169,224.27,1103782.84,868573.38,219990.38,0.0484,4.1889,218.83,43.61,1301.72,Low,50.5,Approve
F0489,Himachal Pradesh,Large,Layer,Wholesale,18816,79955.4,2376,170,199.62,3518807.12,3268480.13,193172.63,0.1263,4.2493,187.01,10.27,1136.31,Medium,30.0,Revise
F0490,Odisha,Large,Layer,Wholesale,19548,85904.5,848,101,208.3,3983525.15,3218294.2,928709.79,0.0434,4.3945,203.78,47.51,9195.15,Low,48.0,Approve
F0491,Odisha,Medium,Layer,Wholesale,9856,29022.7,1020,154,231.09,2159675.21,1401134.78,660548.53,0.1035,2.9447,219.12,67.02,4289.28,Low,74.3,Approve
F0492,Telangana,Medium,Broiler,Retail,8694,30042.3,256,89,227.18,1945935.42,1233189.0,688429.97,0.0294,3.4555,223.83,79.18,7735.17,Low,77.2,Approve
F0493,Maharashtra,Small,Layer,Retail,4058,11852.4,414,60,190.94,735235.93,506938.13,203019.79,0.102,2.9207,181.18,50.03,3383.66,Low,70.7,Approve
F0494,Bihar,Small,Broiler,Wholesale,3976,12557.6,311,106,247.6,945903.24,549992.71,401472.65,0.0782,3.1584,237.9,100.97,3787.48,Low,81.7,Approve
F0495,Uttarakhand,Medium,Broiler,Wholesale,6962,22208.2,1675,105,218.02,1335133.86,966637.73,425490.31,0.2406,3.1899,191.77,61.12,4052.29,High,48.6,Reject
F0496,Punjab,Small,Layer,Export,3727,13407.8,106,90,192.99,708954.66,540953.6,180407.38,0.0284,3.5975,190.22,48.41,2004.53,Low,66.7,Approve
F0497,Uttar Pradesh,Medium,Layer,Export,11054,35998.0,739,31,189.83,2028179.49,1405575.82,600202.37,0.0669,3.2566,183.48,54.3,19361.37,Low,69.8,Approve
F0498,Tamil Nadu,Small,Broiler,Wholesale,6136,18234.1,406,150,257.24,1526218.21,871576.87,726402.71,0.0662,2.9717,248.73,118.38,4842.68,Low,87.2,Approve
F0499,Tamil Nadu,Large,Layer,Retail,12093,37303.7,2192,88,202.52,2227129.45,1614519.67,710904.92,0.1813,3.0847,184.17,58.79,8078.46,High,58.5,Reject
F0500,Andhra Pradesh,Large,Breeder,Wholesale,19116,58310.8,1100,69,252.69,4691355.13,2473127.2,2227493.17,0.0575,3.0504,245.42,116.53,32282.51,Low,86.8,Approve
F0501,Andhra Pradesh,Medium,Broiler,Wholesale,6684,29772.1,799,61,212.85,1337626.94,1061670.47,382498.27,0.1195,4.4542,200.12,57.23,6270.46,Low,38.5,Approve
F0502,Odisha,Medium,Layer,Wholesale,13004,53196.7,1300,67,210.87,2605105.54,1975419.49,684313.7,0.1,4.0908,200.33,52.62,10213.64,Low,47.6,Approve
F0503,West Bengal,Small,Breeder,Wholesale,4447,19767.8,135,121,236.07,1033885.91,752901.51,301270.58,0.0304,4.4452,232.49,67.75,2489.84,Low,53.8,Approve
F0504,West Bengal,Large,Layer,Retail,16137,57247.0,647,117,180.79,2858918.13,2401933.6,285066.76,0.0401,3.5476,177.17,17.67,2436.47,Medium,58.4,Revise
F0505,Himachal Pradesh,Medium,Broiler,Wholesale,10970,35907.3,1595,170,207.05,2106101.92,1669998.38,258801.88,0.1454,3.2732,191.99,23.59,1522.36,Medium,50.8,Revise
F0506,Uttar Pradesh,Small,Broiler,Retail,6659,27682.1,786,114,204.21,1279549.93,1076911.93,206696.5,0.118,4.1571,192.15,31.04,1813.13,Low,38.3,Approve
F0507,Gujarat,Large,Broiler,Export,15663,52543.6,1017,105,249.45,3780219.5,2231485.2,1737226.37,0.0649,3.3546,241.35,110.91,16545.01,Low,79.5,Approve
F0508,Himachal Pradesh,Large,Broiler,Wholesale,16818,55650.0,260,157,222.33,3710191.72,2534609.07,1236523.74,0.0155,3.309,220.61,73.52,7875.95,Low,80.7,Approve
F0509,Tamil Nadu,Large,Layer,Wholesale,10578,33799.5,415,42,209.17,2169062.92,1351471.4,920718.08,0.0392,3.1953,205.05,87.04,21921.86,Low,83.1,Approve
F0510,Andhra Pradesh,Medium,Broiler,Retail,9792,29576.3,859,68,201.29,1884525.85,1258653.0,586908.41,0.0877,3.0205,192.46,59.94,8631.01,Low,73.2,Approve
F0511,Andhra Pradesh,Medium,Breeder,Wholesale,7316,23674.5,330,52,227.24,1624948.43,954271.36,677379.65,0.0451,3.236,222.11,92.59,13026.53,Low,82.9,Approve
F0512,Andhra Pradesh,Medium,Broiler,Wholesale,10146,34537.4,2656,139,192.13,1694194.26,1517841.73,177766.29,0.2618,3.404,166.98,17.52,1278.89,High,31.9,Reject
F0513,Uttar Pradesh,Large,Layer,Wholesale,11457,45206.9,3732,136,199.7,1915269.78,1844406.6,-101653.9,0.3257,3.9458,167.17,-8.87,-747.46,High,14.2,Reject
F0514,Odisha,Large,Broiler,Wholesale,16956,49280.2,1211,121,203.49,3327097.65,2296706.8,1327986.31,0.0714,2.9064,196.22,78.32,10975.09,Low,82.4,Approve
F0515,Uttarakhand,Small,Broiler,Export,3405,10752.5,470,171,228.63,724733.8,510317.0,257812.47,0.138,3.1579,212.84,75.72,1507.68,Medium,67.2,Revise
F0516,Arunachal Pradesh,Small,Layer,Retail,5279,22041.6,584,174,209.86,1046513.32,912162.27,182931.97,0.1106,4.1753,198.24,34.65,1051.33,Low,39.9,Approve
F0517,Andhra Pradesh,Small,Broiler,Wholesale,5580,17017.7,939,53,220.46,1126601.59,705965.4,493016.23,0.1683,3.0498,201.9,88.35,9302.19,Medium,68.4,Revise
F0518,Punjab,Large,Broiler,Retail,20670,69916.2,6779,63,232.04,4009600.84,2803160.4,1112831.09,0.328,3.3825,193.98,53.84,17663.99,High,41.5,Reject
F0519,Punjab,Large,Broiler,Export,13719,58579.0,1733,141,256.5,3296662.63,2318577.6,1109255.06,0.1263,4.2699,240.3,80.86,7867.06,Medium,47.3,Revise
F0520,Uttar Pradesh,Small,Broiler,Wholesale,4811,14737.9,19,167,241.19,1157971.2,707617.04,423186.59,0.0039,3.0634,240.69,87.96,2534.05,Low,91.0,Approve
F0521,Odisha,Medium,Layer,Wholesale,7008,20608.1,640,147,212.42,1420570.23,986920.6,444161.86,0.0913,2.9407,202.71,63.38,3021.51,Low,75.2,Approve
F0522,Himachal Pradesh,Small,Breeder,Export,6740,24423.8,1325,178,239.86,1457726.67,1087607.16,243134.44,0.1966,3.6237,216.28,36.07,1365.92,High,39.5,Reject
F0523,Andhra Pradesh,Large,Broiler,Export,9534,31596.8,155,36,255.98,2420529.86,1232847.2,1169675.57,0.0163,3.3141,253.88,122.68,32490.99,Low,87.1,Approve
F0524,Odisha,Large,Broiler,Wholesale,9393,35297.0,2204,119,219.95,1823576.0,1444898.13,239151.03,0.2346,3.7578,194.14,25.46,2009.67,High,28.8,Reject
F0525,Odisha,Large,Layer,Wholesale,14538,60572.1,3130,42,212.84,2761123.44,2168036.6,419945.25,0.2153,4.1665,189.92,28.89,9998.7,High,23.9,Reject
F0526,Sikkim,Medium,Breeder,Wholesale,8956,27164.9,1641,109,186.24,1515095.78,1218975.18,292052.41,0.1832,3.0332,169.17,32.61,2679.38,High,52.7,Reject
F0527,Arunachal Pradesh,Medium,Breeder,Wholesale,10790,40863.8,277,59,251.39,2677674.74,1551678.71,1031242.24,0.0257,3.7872,248.16,95.57,17478.68,Low,75.0,Approve
F0528,Tamil Nadu,Small,Layer,Retail,5587,20444.9,390,162,199.71,1076813.21,890043.4,205019.46,0.0698,3.6594,192.74,36.7,1265.55,Low,56.7,Approve
F0529,Andhra Pradesh,Small,Broiler,Wholesale,3771,11482.4,182,45,185.12,681147.31,471330.8,266861.0,0.0483,3.0449,180.63,70.77,5930.24,Low,80.9,Approve
F0530,Sikkim,Large,Broiler,Wholesale,13287,51298.4,874,179,222.98,2865171.07,2215736.67,560368.89,0.0658,3.8608,215.64,42.17,3130.55,Low,54.5,Approve
F0531,Tamil Nadu,Large,Broiler,Wholesale,15369,50182.7,679,69,247.67,3722344.3,2060995.8,1612070.37,0.0442,3.2652,242.2,104.89,23363.34,Low,84.2,Approve
F0532,Himachal Pradesh,Large,Broiler,Export,10734,38957.1,2129,66,212.53,2055060.97,1519701.8,603639.65,0.1983,3.6293,191.45,56.24,9146.06,High,44.2,Reject
F0533,Arunachal Pradesh,Large,Layer,Wholesale,17703,52044.4,1109,107,242.65,4160943.25,2366877.2,1654693.98,0.0626,2.9399,235.04,93.47,15464.43,Low,86.7,Approve
F0534,Odisha,Medium,Layer,Wholesale,9030,32339.1,516,45,246.91,2165803.92,1235200.2,853133.41,0.0571,3.5813,239.85,94.48,18958.52,Low,74.5,Approve
F0535,Uttarakhand,Medium,Layer,Export,6386,21207.8,488,72,216.35,1328823.16,867612.4,431681.33,0.0764,3.321,208.08,67.6,5995.57,Low,70.5,Approve
F0536,Himachal Pradesh,Large,Broiler,Retail,15021,63058.9,688,92,227.28,3335626.38,2384022.6,1098518.2,0.0458,4.198,222.06,73.13,11940.42,Low,58.1,Approve
F0537,Uttar Pradesh,Large,Layer,Wholesale,12555,36370.1,1167,44,222.71,2666146.58,1526100.2,904330.36,0.093,2.8969,212.36,72.03,20552.96,Low,78.0,Approve
F0538,Karnataka,Small,Broiler,Wholesale,5394,18941.7,81,166,255.14,1365806.64,845600.33,462331.33,0.015,3.5116,253.21,85.71,2785.13,Low,79.7,Approve
F0539,Uttar Pradesh,Medium,Broiler,Wholesale,11996,42937.7,1100,94,238.04,2724582.81,1744895.89,1188238.47,0.0917,3.5793,227.12,99.05,12640.83,Low,70.9,Approve
F0540,Uttar Pradesh,Small,Broiler,Retail,4384,17678.5,133,73,254.03,1096639.42,665021.58,261684.86,0.0303,4.0325,250.15,59.69,3584.72,Low,60.3,Approve
F0541,Bihar,Large,Layer,Wholesale,14376,54287.9,2353,49,197.6,2608198.73,2038364.73,553223.7,0.1637,3.7763,181.43,38.48,11290.28,Medium,41.6,Revise
F0542,Andhra Pradesh,Medium,Broiler,Wholesale,13310,52365.0,2274,148,204.82,2493226.26,2167730.89,516218.85,0.1708,3.9343,187.32,38.78,3487.97,Medium,37.4,Revise
F0543,Maharashtra,Small,Layer,Wholesale,4110,16937.2,694,141,185.67,698637.23,681142.4,84214.22,0.1689,4.121,169.98,20.49,597.26,Medium,29.3,Revise
F0544,Arunachal Pradesh,Medium,Broiler,Wholesale,12666,54029.9,1547,152,219.99,2616206.29,2164221.27,556548.92,0.1221,4.2657,206.55,43.94,3661.51,Medium,38.7,Revise
F0545,Karnataka,Medium,Broiler,Retail,10522,35076.0,934,109,249.91,2512809.58,1501664.98,1158374.9,0.0888,3.3336,238.81,110.09,10627.29,Low,76.6,Approve
F0546,Odisha,Small,Breeder,Wholesale,6736,25021.8,1108,129,206.15,1274344.19,1041758.53,172142.69,0.1645,3.7146,189.18,25.56,1334.44,Medium,39.5,Revise
F0547,Andhra Pradesh,Small,Broiler,Wholesale,6793,28722.1,869,35,190.26,1209736.46,1013803.76,143523.54,0.1279,4.2282,178.09,21.13,4100.67,Medium,33.0,Revise
F0548,Odisha,Medium,Broiler,Export,9872,44247.0,1262,112,185.48,1713956.84,1663596.49,197260.52,0.1278,4.4821,173.62,19.98,1761.25,Medium,27.5,Revise
F0549,Arunachal Pradesh,Medium,Broiler,Retail,11240,48468.9,1800,60,215.8,2231319.83,1748209.13,453675.06,0.1601,4.3122,198.52,40.36,7561.25,Medium,31.5,Revise
F0550,Karnataka,Medium,Breeder,Wholesale,7558,25935.2,1193,95,193.12,1344377.18,1076120.62,142082.38,0.1578,3.4315,177.87,18.8,1495.6,Medium,44.6,Revise
F0551,Sikkim,Medium,Broiler,Retail,6522,20425.5,1588,47,207.69,1189604.76,829955.93,384536.13,0.2435,3.1318,182.4,58.96,8181.62,High,48.8,Reject
F0552,Maharashtra,Large,Broiler,Wholesale,11187,40630.8,247,57,245.6,2717163.33,1566589.2,1124625.6,0.0221,3.632,242.89,100.53,19730.27,Low,79.8,Approve
F0553,Uttar Pradesh,Medium,Broiler,Retail,6564,26655.0,804,97,210.72,1298400.35,1027802.53,275864.89,0.1225,4.0608,197.81,42.03,2843.97,Medium,42.4,Revise
F0554,Sikkim,Medium,Broiler,Retail,13438,48878.9,561,143,228.79,3010219.16,2088859.62,562951.08,0.0417,3.6374,224.01,41.89,3936.72,Low,62.4,Approve
F0555,Sikkim,Large,Broiler,Retail,13470,48780.4,1269,87,220.17,2825979.18,1955004.8,496785.43,0.0942,3.6214,209.8,36.88,5710.18,Low,54.1,Approve
F0556,Uttar Pradesh,Medium,Layer,Retail,12902,54510.8,524,158,237.48,3001728.52,2206740.44,840398.13,0.0406,4.225,232.66,65.14,5318.98,Low,56.3,Approve
F0557,Gujarat,Small,Layer,Wholesale,3361,11475.8,232,68,192.49,624559.13,461148.36,153944.63,0.069,3.4144,185.83,45.8,2263.89,Low,64.1,Approve
F0558,Karnataka,Small,Broiler,Retail,6520,27786.0,185,135,253.64,1630171.73,1093772.0,499161.51,0.0284,4.2617,250.03,76.56,3697.49,Low,60.1,Approve
F0559,Andhra Pradesh,Medium,Layer,Wholesale,6880,24022.0,1272,30,231.49,1445374.42,909177.33,564416.83,0.1849,3.4916,210.08,82.04,18813.89,High,55.4,Reject
F0560,West Bengal,Medium,Layer,Wholesale,10280,34520.2,1263,104,201.68,1945866.05,1463510.18,406576.0,0.1229,3.358,189.29,39.55,3909.38,Medium,56.2,Revise
F0561,Odisha,Medium,Breeder,Export,9288,33174.7,1973,117,189.86,1576046.08,1387433.8,167694.94,0.2124,3.5718,169.69,18.06,1433.29,High,33.9,Reject
F0562,Bihar,Small,Broiler,Retail,5800,23757.7,1111,171,191.98,1006752.5,988989.4,-4826.24,0.1916,4.0962,173.58,-0.83,-28.22,High,21.3,Reject
F0563,Tamil Nadu,Small,Broiler,Export,3866,11652.9,100,179,242.61,925691.85,572688.51,393985.85,0.0259,3.0142,239.44,101.91,2201.04,Low,92.0,Approve
F0564,Uttar Pradesh,Small,Layer,Wholesale,4447,13936.5,1022,89,227.05,893571.65,599314.42,210311.79,0.2298,3.1339,200.94,47.29,2363.05,High,47.8,Reject
F0565,Tamil Nadu,Small,Broiler,Wholesale,3141,13875.2,140,159,210.46,646279.99,551090.0,74271.43,0.0446,4.4174,205.76,23.65,467.12,Low,41.4,Approve
F0566,Uttarakhand,Medium,Broiler,Wholesale,8628,26732.4,990,139,206.63,1680505.21,1232720.27,539352.45,0.1147,3.0983,194.77,62.51,3880.23,Low,68.4,Approve
F0567,Uttar Pradesh,Small,Layer,Retail,4455,16773.7,147,48,248.46,1088599.71,629787.4,413246.85,0.033,3.7651,244.35,92.76,8609.31,Low,73.7,Approve
F0568,Andhra Pradesh,Medium,Broiler,Wholesale,11592,43873.8,2532,91,249.98,2581260.48,1732356.4,864385.57,0.2184,3.7848,222.68,74.57,9498.74,High,42.8,Reject
F0569,Punjab,Large,Broiler,Wholesale,14625,53123.3,559,100,226.5,3249212.97,2159962.6,1360468.78,0.0382,3.6324,222.17,93.02,13604.69,Low,75.8,Approve
F0570,Punjab,Small,Broiler,Wholesale,4847,18884.2,298,140,221.96,1042746.34,778438.84,272565.57,0.0615,3.8961,215.13,56.23,1946.9,Low,57.9,Approve
F0571,West Bengal,Medium,Layer,Retail,9424,30069.2,1893,162,245.32,2079638.13,1404133.6,898078.1,0.2009,3.1907,220.67,95.3,5543.69,High,62.7,Reject
F0572,Himachal Pradesh,Medium,Broiler,Wholesale,11400,42630.6,897,101,239.95,2627715.05,1712566.53,1099074.46,0.0787,3.7395,230.5,96.41,10881.93,Low,68.7,Approve
F0573,Gujarat,Small,Layer,Retail,3700,12701.0,946,107,212.03,684155.94,534804.22,127059.73,0.2557,3.4327,184.91,34.34,1187.47,High,35.6,Reject
F0574,Uttar Pradesh,Medium,Layer,Wholesale,7994,31375.1,750,129,186.62,1421803.44,1273281.27,58662.73,0.0938,3.9248,177.86,7.34,454.75,Medium,40.5,Revise
F0575,Odisha,Large,Broiler,Wholesale,15288,46476.7,1013,100,241.48,3569401.48,2058674.07,1402946.15,0.0663,3.0401,233.48,91.77,14029.46,Low,83.7,Approve
F0576,Gujarat,Large,Broiler,Wholesale,12975,48922.1,166,36,193.5,2494499.2,1808076.2,733825.21,0.0128,3.7705,192.25,56.56,20384.03,Low,67.4,Approve
F0577,West Bengal,Small,Broiler,Export,3880,12086.0,562,79,181.31,652512.69,514384.44,149425.2,0.1448,3.1149,168.17,38.51,1891.46,Medium,57.9,Revise
F0578,Tamil Nadu,Large,Layer,Wholesale,12639,41376.2,2654,75,247.46,2799202.95,1710746.4,1181464.31,0.21,3.2737,221.47,93.48,15752.86,High,59.2,Reject
F0579,Andhra Pradesh,Medium,Broiler,Wholesale,8318,26383.1,1015,101,226.26,1767164.43,1145682.51,539714.94,0.122,3.1718,212.45,64.89,5343.71,Medium,66.5,Revise
F0580,Odisha,Small,Breeder,Retail,3554,11055.9,1009,105,251.33,766374.98,487271.13,249280.64,0.2839,3.1108,215.64,70.14,2374.1,High,51.1,Reject
F0581,Arunachal Pradesh,Medium,Broiler,Wholesale,6806,28610.4,427,103,218.77,1442200.52,1094354.22,388122.15,0.0627,4.2037,211.9,57.03,3768.18,Low,51.6,Approve
F0582,Gujarat,Large,Broiler,Retail,11673,38354.0,1831,171,254.12,2733624.78,1782297.2,1223446.33,0.1569,3.2857,234.18,104.81,7154.66,Medium,68.0,Revise
F0583,Telangana,Medium,Broiler,Wholesale,11824,51743.1,943,102,208.32,2364845.29,1943956.73,291182.43,0.0798,4.3761,200.0,24.63,2854.73,Low,37.5,Approve
F0584,Andhra Pradesh,Small,Layer,Wholesale,3601,16020.4,1011,131,237.96,736516.93,616362.09,117487.38,0.2808,4.4489,204.53,32.63,896.85,High,14.2,Reject
F0585,Telangana,Medium,Broiler,Wholesale,9660,36429.2,739,123,204.08,1895936.57,1495674.4,366153.06,0.0765,3.7711,196.27,37.9,2976.85,Low,53.8,Approve
F0586,Himachal Pradesh,Small,Broiler,Wholesale,3340,10164.0,345,98,180.09,570381.13,448798.22,125728.81,0.1033,3.0431,170.77,37.64,1282.95,Low,64.9,Approve
F0587,Andhra Pradesh,Small,Layer,Retail,6828,23466.0,1114,94,210.38,1319194.35,971755.47,268469.8,0.1632,3.4367,193.2,39.32,2856.06,Medium,48.9,Revise
F0588,Gujarat,Small,Broiler,Retail,4968,20647.7,861,91,239.02,1084557.53,783020.6,306315.7,0.1733,4.1561,218.31,61.66,3366.11,Medium,38.2,Revise
F0589,Telangana,Small,Broiler,Retail,3703,12681.2,941,49,192.0,620591.86,496393.64,162078.62,0.2541,3.4246,167.59,43.77,3307.73,High,38.1,Reject
F0590,Telangana,Small,Layer,Export,3317,9778.3,63,73,220.38,723992.92,424019.89,241185.21,0.019,2.9479,218.27,72.71,3303.91,Low,87.5,Approve
F0591,Uttarakhand,Small,Layer,Wholesale,5665,21224.1,1096,91,196.99,1007919.31,841827.31,216288.02,0.1935,3.7465,177.92,38.18,2376.79,High,38.0,Reject
F0592,Punjab,Medium,Broiler,Wholesale,8772,37164.4,760,136,185.97,1560644.78,1468304.27,-900.72,0.0866,4.2367,177.91,-0.1,-6.62,High,33.3,Reject
F0593,Bihar,Small,Broiler,Retail,6893,28627.1,717,154,229.4,1498980.52,1163161.22,355166.86,0.104,4.1531,217.46,51.53,2306.28,Low,45.5,Approve
F0594,Sikkim,Small,Layer,Retail,5429,16817.5,506,74,256.16,1325852.68,712856.51,645400.75,0.0932,3.0977,244.22,118.88,8721.63,Low,80.8,Approve
F0595,West Bengal,Large,Broiler,Wholesale,15840,62468.2,496,40,204.86,3194083.14,2278940.4,975059.92,0.0313,3.9437,201.65,61.56,24376.5,Low,62.5,Approve
F0596,Uttar Pradesh,Medium,Layer,Retail,9600,30478.6,1134,117,226.45,2045465.31,1350209.2,661150.08,0.1181,3.1749,213.07,68.87,5650.86,Low,68.0,Approve
F0597,West Bengal,Medium,Broiler,Wholesale,8734,27695.1,451,75,256.29,2180551.43,1162445.53,1090335.62,0.0516,3.171,249.66,124.84,14537.81,Low,85.1,Approve
F0598,Telangana,Small,Broiler,Retail,4572,19595.2,148,141,232.04,1043622.24,774299.2,203719.16,0.0324,4.2859,228.26,44.56,1444.82,Low,51.0,Approve
F0599,West Bengal,Small,Broiler,Retail,3816,12304.5,543,110,233.85,828811.42,536123.0,330588.88,0.1423,3.2244,217.19,86.63,3005.35,Medium,68.0,Revise
F0600,Sikkim,Small,Broiler,Retail,3552,11535.2,506,61,194.31,641028.28,469893.87,156229.45,0.1425,3.2475,180.47,43.98,2561.14,Medium,56.8,Revise
F0601,Sikkim,Small,Layer,Wholesale,6600,18487.3,1129,127,219.41,1324143.61,885733.93,459728.33,0.1711,2.8011,200.63,69.66,3619.91,Medium,68.4,Revise
F0602,Gujarat,Small,Broiler,Retail,3855,16499.9,296,34,209.37,776091.56,579049.13,183405.54,0.0768,4.2801,201.32,47.58,5394.28,Low,45.7,Approve
F0603,Gujarat,Small,Broiler,Retail,4812,19957.3,1139,58,217.68,923488.29,729277.67,264954.67,0.2367,4.1474,191.91,55.06,4568.18,High,27.9,Reject
F0604,Uttar Pradesh,Small,Breeder,Wholesale,5866,22680.6,368,77,244.07,1386737.51,872572.22,544578.94,0.0627,3.8665,236.4,92.84,7072.45,Low,67.5,Approve
F0605,Punjab,Small,Broiler,Wholesale,6642,27069.2,1551,45,216.86,1272110.22,980758.4,332868.92,0.2335,4.0755,191.53,50.12,7397.09,High,28.6,Reject
F0606,Karnataka,Medium,Layer,Export,6364,19464.2,1182,101,185.03,1068159.38,860681.56,249539.91,0.1857,3.0585,167.84,39.21,2470.69,High,53.5,Reject
F0607,Arunachal Pradesh,Small,Breeder,Wholesale,6112,21875.8,367,58,252.44,1496605.84,849889.11,628683.47,0.06,3.5792,244.86,102.86,10839.37,Low,75.6,Approve
F0608,Sikkim,Small,Breeder,Wholesale,4574,15538.2,336,75,223.59,985022.67,631527.07,367742.64,0.0735,3.3971,215.35,80.4,4903.24,Low,72.5,Approve
F0609,Arunachal Pradesh,Medium,Layer,Wholesale,6792,20100.4,664,52,253.96,1640565.65,844597.07,809526.58,0.0978,2.9594,241.54,119.19,15567.82,Low,83.0,Approve
F0610,Punjab,Medium,Broiler,Retail,9454,34284.2,2637,123,225.79,1836829.02,1433679.87,462377.76,0.2789,3.6264,194.29,48.91,3759.17,High,35.2,Reject
F0611,West Bengal,Small,Breeder,Export,5826,25432.0,329,143,185.57,1050558.04,998913.87,28237.57,0.0565,4.3653,180.32,4.85,197.47,High,36.1,Reject
F0612,Himachal Pradesh,Medium,Layer,Retail,9034,25910.4,1124,63,224.23,1899667.92,1122909.6,709645.78,0.1244,2.8681,210.28,78.55,11264.22,Medium,75.8,Revise
F0613,Bihar,Medium,Layer,Wholesale,13460,44357.2,1272,146,226.06,2898931.28,1998220.18,1072011.32,0.0945,3.2955,215.37,79.64,7342.54,Low,71.5,Approve
F0614,Uttar Pradesh,Small,Broiler,Retail,3906,12314.9,309,58,197.15,739534.44,506503.0,262121.46,0.0791,3.1528,189.33,67.11,4519.34,Low,73.4,Approve
F0615,Uttarakhand,Large,Breeder,Retail,13068,41881.0,3058,38,217.68,2511767.59,1663063.6,743290.53,0.234,3.2049,192.21,56.88,19560.28,High,48.1,Reject
F0616,Punjab,Large,Layer,Retail,15522,67432.8,1081,68,216.76,3247248.99,2447265.33,1108835.09,0.0696,4.3443,209.2,71.44,16306.4,Low,51.3,Approve
F0617,West Bengal,Small,Layer,Wholesale,6629,23836.0,582,164,229.83,1456616.15,1049114.18,365885.48,0.0878,3.5957,219.73,55.19,2231.01,Low,60.1,Approve
F0618,Telangana,Small,Broiler,Retail,6628,23812.5,671,139,200.77,1263265.92,1019060.24,251698.31,0.1012,3.5927,190.6,37.98,1810.78,Low,54.0,Approve
F0619,Maharashtra,Large,Broiler,Wholesale,9000,36836.8,1486,98,226.54,1870499.57,1417209.6,562591.37,0.1651,4.093,207.83,62.51,5740.73,Medium,40.9,Revise
F0620,Karnataka,Medium,Breeder,Wholesale,12478,38215.6,1217,165,199.28,2365301.93,1830664.53,671724.83,0.0975,3.0626,189.56,53.83,4071.06,Low,69.4,Approve
F0621,Arunachal Pradesh,Small,Broiler,Retail,6691,24277.3,433,125,215.72,1396546.89,1017339.49,329946.86,0.0647,3.6284,208.72,49.31,2639.57,Low,61.2,Approve
F0622,Himachal Pradesh,Small,Broiler,Export,3018,10656.5,619,148,189.82,514059.84,464749.93,62604.58,0.2051,3.531,170.33,20.74,423.0,High,36.4,Reject
F0623,Odisha,Small,Layer,Wholesale,6403,24425.8,16,147,182.98,1170110.42,1024849.33,127111.79,0.0025,3.8147,182.74,19.85,864.71,Low,58.7,Approve
F0624,Andhra Pradesh,Medium,Broiler,Export,7166,32241.6,535,47,205.65,1418555.14,1127491.11,320822.64,0.0747,4.4992,197.96,44.77,6826.01,Low,40.8,Approve
F0625,Arunachal Pradesh,Medium,Broiler,Wholesale,6910,28386.7,500,131,201.97,1345011.57,1130933.62,205626.92,0.0724,4.1081,194.65,29.76,1569.67,Low,45.4,Approve
F0626,Tamil Nadu,Small,Broiler,Retail,6004,20872.1,1206,139,212.55,1147983.23,907751.71,217113.6,0.2009,3.4764,191.2,36.16,1561.97,High,42.0,Reject
F0627,Karnataka,Medium,Broiler,Wholesale,10072,42371.3,623,111,256.96,2507960.92,1634522.73,752758.51,0.0619,4.2068,249.0,74.74,6781.61,Low,56.1,Approve
F0628,Sikkim,Medium,Broiler,Wholesale,8264,25537.4,1264,134,221.78,1692605.3,1171889.64,621017.02,0.153,3.0902,204.82,75.15,4634.46,Medium,66.4,Revise
F0629,Arunachal Pradesh,Small,Broiler,Retail,6339,18077.5,514,45,224.25,1363883.07,765367.0,547794.62,0.0811,2.8518,215.16,86.42,12173.21,Low,84.2,Approve
F0630,Uttarakhand,Small,Broiler,Retail,5492,17286.4,625,50,255.33,1322456.52,703718.58,715830.71,0.1138,3.1476,240.8,130.34,14316.61,Low,76.9,Approve
F0631,Punjab,Medium,Layer,Retail,12622,42645.9,2221,167,253.69,2920354.92,1944042.96,933411.77,0.176,3.3787,231.37,73.95,5589.29,Medium,56.9,Revise
F0632,Telangana,Large,Breeder,Retail,14856,54491.6,1927,135,250.73,3483221.94,2298159.2,1269470.3,0.1297,3.668,234.47,85.45,9403.48,Medium,60.3,Revise
F0633,Telangana,Medium,Broiler,Retail,12744,49009.8,2097,161,187.84,2196848.97,2080177.2,285746.79,0.1645,3.8457,172.38,22.42,1774.82,Medium,36.0,Revise
F0634,Karnataka,Medium,Broiler,Export,11298,49124.0,1282,73,230.74,2459014.71,1792250.93,613822.18,0.1135,4.348,217.65,54.33,8408.52,Low,40.8,Approve
F0635,Odisha,Small,Broiler,Wholesale,5150,18883.8,306,152,244.65,1222436.65,812108.04,439168.74,0.0594,3.6668,237.37,85.28,2889.27,Low,70.2,Approve
F0636,West Bengal,Medium,Layer,Wholesale,7974,29122.4,344,165,246.85,1925796.13,1273296.8,700069.71,0.0431,3.6522,241.51,87.79,4242.85,Low,73.4,Approve
F0637,Andhra Pradesh,Medium,Breeder,Wholesale,12642,36477.4,1974,140,226.23,2636706.86,1749248.13,799580.73,0.1561,2.8854,208.57,63.25,5711.29,Medium,67.2,Revise
F0638,Karnataka,Small,Broiler,Wholesale,6524,18654.4,313,146,181.4,1155024.48,905930.84,261929.37,0.048,2.8594,177.04,40.15,1794.04,Low,77.1,Approve
F0639,Gujarat,Small,Broiler,Retail,3519,13150.4,46,155,257.9,901566.8,562226.8,372913.75,0.0131,3.737,256.2,105.97,2405.9,Low,78.9,Approve
F0640,Sikkim,Small,Layer,Wholesale,6224,22063.5,1833,48,217.78,1155828.3,849708.47,404420.05,0.2945,3.5449,185.71,64.98,8425.42,High,40.9,Reject
F0641,Punjab,Small,Layer,Wholesale,3858,16306.2,961,93,211.49,714229.0,615422.0,83990.31,0.2491,4.2266,185.13,21.77,903.12,High,16.2,Reject
F0642,Arunachal Pradesh,Small,Broiler,Wholesale,3173,9751.1,126,69,211.6,657998.45,412096.33,257281.41,0.0397,3.0731,207.37,81.08,3728.72,Low,84.1,Approve
F0643,West Bengal,Small,Layer,Retail,4366,12410.1,313,80,213.93,900457.78,553416.42,341320.37,0.0717,2.8424,206.24,78.18,4266.5,Low,83.6,Approve
F0644,Odisha,Small,Layer,Wholesale,6741,24020.6,351,166,199.37,1308910.55,1064437.6,257127.59,0.0521,3.5634,194.17,38.14,1548.96,Low,61.5,Approve
F0645,Tamil Nadu,Small,Breeder,Wholesale,6052,19388.9,853,85,206.19,1159895.99,820608.24,304966.82,0.1409,3.2037,191.65,50.39,3587.84,Medium,59.6,Revise
F0646,Bihar,Large,Broiler,Retail,16434,47401.3,918,110,258.83,4134742.46,2185904.6,1913890.71,0.0559,2.8843,251.6,116.46,17399.01,Low,90.4,Approve
F0647,Tamil Nadu,Medium,Breeder,Retail,7452,30045.1,464,172,209.45,1512194.88,1261457.8,365528.69,0.0623,4.0318,202.92,49.05,2125.17,Low,53.2,Approve
F0648,Uttarakhand,Medium,Broiler,Wholesale,13520,40420.9,2117,99,222.14,2768120.93,1803211.8,982546.01,0.1566,2.9897,204.74,72.67,9924.71,Medium,67.3,Revise
F0649,Gujarat,Medium,Layer,Retail,9420,36117.6,276,157,247.86,2300559.74,1528509.87,780804.14,0.0293,3.8341,244.22,82.89,4973.27,Low,70.3,Approve
F0650,Andhra Pradesh,Medium,Broiler,Wholesale,9750,31958.4,1209,155,222.19,2032028.67,1459251.47,486172.39,0.124,3.2778,208.41,49.86,3136.6,Medium,60.3,Revise
F0651,Andhra Pradesh,Small,Broiler,Export,5897,18250.9,179,90,205.96,1196036.93,790721.8,470558.65,0.0304,3.0949,202.82,79.8,5228.43,Low,84.6,Approve
F0652,Gujarat,Medium,Layer,Wholesale,9362,32257.5,495,109,221.9,2022432.07,1359179.76,748898.33,0.0529,3.4456,216.03,79.99,6870.63,Low,74.3,Approve
F0653,Himachal Pradesh,Medium,Broiler,Export,8694,36188.4,226,150,189.13,1622834.09,1462684.8,170475.53,0.026,4.1625,186.66,19.61,1136.5,Low,48.2,Approve
F0654,Maharashtra,Medium,Broiler,Export,7978,27656.2,605,130,190.4,1461376.61,1191716.84,408572.66,0.0758,3.4666,183.18,51.21,3142.87,Low,63.5,Approve
F0655,Karnataka,Medium,Broiler,Retail,13488,54981.2,1673,106,235.53,2979701.8,2138160.27,762192.97,0.124,4.0763,220.92,56.51,7190.5,Medium,45.5,Revise
F0656,Himachal Pradesh,Small,Broiler,Wholesale,5686,17133.8,52,174,253.4,1434200.16,837130.53,522326.25,0.0091,3.0133,252.23,91.86,3001.88,Low,92.3,Approve
F0657,Bihar,Small,Broiler,Retail,3419,14064.8,278,155,238.05,780711.68,574588.04,202418.17,0.0813,4.1137,228.35,59.2,1305.92,Low,51.4,Approve
F0658,Odisha,Small,Breeder,Wholesale,3593,11507.6,90,51,185.97,659800.08,465393.73,166456.52,0.025,3.2028,183.63,46.33,3263.85,Low,74.8,Approve
F0659,Uttar Pradesh,Medium,Broiler,Export,11064,43720.2,3378,112,212.23,1989603.51,1735340.93,278203.94,0.3053,3.9516,179.83,25.14,2483.96,High,22.6,Reject
F0660,West Bengal,Medium,Broiler,Retail,13460,50634.2,2396,170,180.2,2209616.3,2193743.51,23959.48,0.178,3.7618,164.16,1.78,140.94,High,30.7,Reject
F0661,Uttarakhand,Small,Broiler,Export,4774,20908.0,392,107,220.9,1011167.63,789488.09,279968.23,0.0821,4.3796,211.81,58.64,2616.53,Low,45.6,Approve
F0662,Odisha,Large,Broiler,Retail,16377,56639.0,3071,124,195.46,2900813.13,2425929.87,408785.6,0.1875,3.4584,177.13,24.96,3296.66,High,41.4,Reject
F0663,Sikkim,Medium,Broiler,Retail,7870,22921.2,516,138,249.45,1898775.23,1090843.73,839453.06,0.0656,2.9125,241.27,106.66,6082.99,Low,88.5,Approve
F0664,Uttarakhand,Small,Broiler,Retail,4107,11633.3,602,139,188.35,716798.28,562771.13,160665.94,0.1466,2.8326,174.53,39.12,1155.87,Medium,63.6,Revise
F0665,Gujarat,Small,Broiler,Wholesale,4136,17394.6,169,81,180.11,729697.16,649039.6,111032.45,0.0409,4.2057,176.43,26.85,1370.77,Low,47.0,Approve
F0666,West Bengal,Small,Broiler,Wholesale,6808,25135.5,548,132,216.09,1411891.52,1053142.07,278948.2,0.0805,3.6921,207.39,40.97,2113.24,Low,55.6,Approve
F0667,Maharashtra,Small,Layer,Retail,3331,13716.8,157,130,192.43,625863.29,545302.71,52466.27,0.0471,4.1179,187.89,15.75,403.59,Medium,45.2,Revise
F0668,Gujarat,Small,Layer,Export,6449,20627.3,2465,171,239.04,1246935.88,972300.2,238541.76,0.3822,3.1985,193.35,36.99,1394.98,High,41.0,Reject
F0669,Sikkim,Small,Broiler,Retail,6826,23117.2,67,92,253.59,1722509.07,961521.42,667597.36,0.0098,3.3866,252.35,97.8,7256.49,Low,86.0,Approve
F0670,Uttar Pradesh,Small,Broiler,Export,5702,16257.4,90,57,183.36,1037231.35,700543.07,368444.67,0.0158,2.8512,181.91,64.62,6463.94,Low,87.9,Approve
F0671,Bihar,Small,Layer,Export,5088,22562.9,254,75,211.65,1049951.93,818623.8,263976.07,0.0499,4.4345,206.36,51.88,3519.68,Low,47.3,Approve
F0672,Himachal Pradesh,Large,Broiler,Retail,14379,56586.8,1785,57,259.75,3502976.33,2109566.8,1584683.21,0.1241,3.9354,243.62,110.21,27801.46,Medium,59.3,Revise
F0673,Gujarat,Small,Breeder,Wholesale,3958,17361.6,293,31,238.61,909379.26,601668.18,301084.77,0.074,4.3865,229.76,76.07,9712.41,Low,51.0,Approve
F0674,Uttar Pradesh,Medium,Broiler,Retail,13736,44660.5,827,156,256.26,3413915.3,2050276.07,1284710.71,0.0602,3.2513,248.54,93.53,8235.33,Low,80.7,Approve
F0675,Punjab,Medium,Broiler,Wholesale,6208,23835.5,921,46,193.13,1109957.53,885548.64,171843.4,0.1484,3.8395,178.79,27.68,3735.73,Medium,39.7,Revise
F0676,West Bengal,Large,Layer,Wholesale,9603,37965.0,3145,88,197.71,1587619.32,1465613.6,225483.72,0.3275,3.9535,165.33,23.48,2562.32,High,22.1,Reject
F0677,Maharashtra,Small,Layer,Wholesale,5497,18359.1,327,161,192.38,1026029.78,836086.56,178541.63,0.0595,3.3398,186.65,32.48,1108.95,Low,63.7,Approve
F0678,Uttarakhand,Small,Broiler,Export,4842,20538.7,566,106,204.19,930829.19,785196.2,111851.58,0.1169,4.2418,192.24,23.1,1055.2,Low,34.7,Approve
F0679,Bihar,Large,Broiler,Wholesale,14598,64379.7,1803,160,237.95,3259056.29,2561485.4,819854.65,0.1235,4.4102,223.25,56.16,5124.09,Medium,38.6,Revise
F0680,Odisha,Large,Broiler,Retail,14988,64512.2,743,144,193.2,2823837.11,2552361.2,223581.3,0.0496,4.3043,188.41,14.92,1552.65,Medium,40.8,Revise
F0681,Uttar Pradesh,Large,Breeder,Retail,12867,52193.9,326,126,221.94,2819461.74,2079836.6,589211.34,0.0253,4.0564,219.12,45.79,4676.28,Low,57.0,Approve
F0682,Maharashtra,Small,Layer,Retail,3909,12789.0,188,134,201.54,768774.3,569929.07,165504.75,0.0481,3.2717,196.67,42.34,1235.11,Low,69.1,Approve
F0683,West Bengal,Small,Broiler,Retail,3209,10521.5,391,53,246.34,742288.34,422158.91,323489.12,0.1218,3.2787,231.31,100.81,6103.57,Medium,73.1,Revise
F0684,Bihar,Medium,Broiler,Retail,7124,31614.3,688,64,180.53,1223936.87,1132769.89,25544.73,0.0966,4.4377,171.8,3.59,399.14,High,28.7,Reject
F0685,Uttar Pradesh,Large,Broiler,Wholesale,18567,52312.2,1378,31,197.85,3537129.74,2181543.2,1340449.84,0.0742,2.8175,190.51,72.2,43240.32,Low,82.3,Approve
F0686,Andhra Pradesh,Medium,Broiler,Wholesale,11520,46279.1,518,62,228.42,2572176.71,1721116.2,739841.69,0.045,4.0173,223.28,64.22,11932.93,Low,59.7,Approve
F0687,Punjab,Medium,Broiler,Export,12896,51592.0,712,105,187.74,2354149.58,2020549.33,222250.21,0.0552,4.0006,182.55,17.23,2116.67,Medium,46.9,Revise
F0688,Andhra Pradesh,Small,Layer,Wholesale,6622,25551.5,708,115,217.3,1362033.25,1028616.11,300187.02,0.1069,3.8586,205.68,45.33,2610.32,Low,49.6,Approve
F0689,Telangana,Medium,Broiler,Retail,9126,40913.5,834,167,214.9,1871442.36,1627337.8,259008.9,0.0914,4.4832,205.07,28.38,1550.95,Low,34.6,Approve
F0690,Sikkim,Small,Broiler,Retail,3770,12554.8,262,110,248.2,903148.01,538430.04,379145.6,0.0695,3.3302,239.56,100.57,3446.78,Low,79.4,Approve
F0691,Telangana,Small,Layer,Wholesale,6155,20791.3,19,91,230.03,1413652.38,864732.82,614253.35,0.0031,3.378,229.68,99.8,6750.04,Low,87.6,Approve
F0692,Bihar,Medium,Broiler,Export,11002,32282.0,665,72,231.18,2466463.11,1401129.6,968764.63,0.0604,2.9342,224.18,88.05,13455.06,Low,85.8,Approve
F0693,Telangana,Medium,Broiler,Retail,11428,40600.9,1873,150,256.14,2687224.98,1769366.47,1104823.39,0.1639,3.5528,235.14,96.68,7365.49,Medium,60.7,Revise
F0694,Uttar Pradesh,Small,Broiler,Wholesale,3628,11768.4,637,88,258.59,855684.91,497062.84,475035.92,0.1756,3.2438,235.86,130.94,5398.14,Medium,66.3,Revise
F0695,Maharashtra,Small,Broiler,Export,6585,22282.0,686,38,232.27,1449780.28,863939.33,555399.45,0.1042,3.3838,220.16,84.34,14615.78,Low,69.5,Approve
F0696,Uttar Pradesh,Medium,Layer,Retail,9256,39049.0,1270,106,221.76,1911696.42,1496302.18,246478.47,0.1372,4.2188,206.54,26.63,2325.27,Medium,33.2,Revise
F0697,Telangana,Small,Layer,Wholesale,4701,20638.9,328,92,228.63,1037238.54,765993.27,180923.66,0.0698,4.3903,220.64,38.49,1966.56,Low,42.1,Approve
F0698,Sikkim,Medium,Broiler,Retail,6772,21099.8,1154,81,210.6,1304595.05,900312.4,371875.6,0.1704,3.1157,192.65,54.91,4591.06,Medium,58.4,Revise
F0699,Tamil Nadu,Small,Broiler,Wholesale,4935,16943.2,184,52,259.0,1254299.79,665121.73,545646.49,0.0373,3.4333,254.16,110.57,10493.2,Low,81.7,Approve
F0700,Tamil Nadu,Medium,Broiler,Retail,12842,56230.9,2189,59,236.4,2777128.81,2013878.11,763964.25,0.1705,4.3787,216.25,59.49,12948.55,Medium,33.5,Revise
F0701,Tamil Nadu,Medium,Broiler,Wholesale,10686,31043.6,630,50,203.28,2108171.97,1312245.87,849503.73,0.059,2.9051,197.28,79.5,16990.07,Low,84.5,Approve
F0702,Sikkim,Small,Broiler,Retail,5305,15687.0,556,72,184.62,928084.05,678268.0,190136.54,0.1048,2.957,174.95,35.84,2640.79,Low,66.1,Approve
F0703,Punjab,Small,Broiler,Retail,4104,12627.0,553,164,183.58,702635.9,602648.4,93961.57,0.1347,3.0768,171.21,22.9,572.94,Medium,56.2,Revise
F0704,Uttar Pradesh,Small,Broiler,Export,3267,12453.4,297,45,196.39,612419.93,463460.8,133465.55,0.0909,3.8119,187.46,40.85,2965.9,Low,51.7,Approve
F0705,Bihar,Small,Broiler,Retail,5466,16703.0,46,52,198.63,1081061.57,691296.13,499793.23,0.0084,3.0558,197.78,91.44,9611.41,Low,91.4,Approve
F0706,Uttarakhand,Large,Layer,Wholesale,15846,70447.0,4382,116,213.2,2911285.42,2668913.73,41262.6,0.2765,4.4457,183.72,2.6,355.71,High,6.8,Reject
F0707,Sikkim,Small,Layer,Export,4856,17284.5,750,60,197.19,883596.51,674856.33,175215.66,0.1544,3.5594,181.96,36.08,2920.26,Medium,46.8,Revise
F0708,Arunachal Pradesh,Large,Breeder,Retail,19146,69932.3,2061,150,230.47,4175084.59,3006370.6,1175713.95,0.1076,3.6526,218.07,61.41,7838.09,Low,57.7,Approve
F0709,Sikkim,Small,Broiler,Retail,6884,22161.8,943,98,196.9,1262619.03,951694.18,263444.36,0.137,3.2193,183.41,38.27,2688.21,Medium,56.8,Revise
F0710,Karnataka,Medium,Layer,Wholesale,9996,35991.9,234,163,195.03,1926639.36,1581283.67,454510.94,0.0234,3.6006,192.74,45.47,2788.41,Low,66.6,Approve
F0711,Punjab,Medium,Layer,Export,12066,47362.1,656,144,217.7,2555296.44,1954155.8,470836.52,0.0544,3.9253,211.78,39.02,3269.7,Low,54.0,Approve
F0712,Uttarakhand,Medium,Breeder,Export,8760,35714.5,1357,88,251.09,2029177.06,1360764.33,575488.33,0.1549,4.077,231.64,65.7,6539.64,Medium,43.4,Revise
F0713,Himachal Pradesh,Medium,Broiler,Retail,8472,34579.1,1909,175,217.46,1634691.93,1447913.53,286441.43,0.2253,4.0816,192.95,33.81,1636.81,High,25.5,Reject
F0714,Arunachal Pradesh,Medium,Layer,Export,7146,27029.1,343,106,213.11,1486258.57,1086602.6,311156.15,0.048,3.7824,207.98,43.54,2935.44,Low,58.9,Approve
F0715,Karnataka,Small,Broiler,Wholesale,3048,13220.4,313,167,226.25,654176.21,533740.53,147734.1,0.1027,4.3374,214.62,48.47,884.64,Low,41.1,Approve
F0716,West Bengal,Large,Layer,Export,12450,52160.4,1103,36,200.58,2386519.49,1849708.8,482807.36,0.0886,4.1896,191.69,38.78,13411.32,Low,43.7,Approve
F0717,Sikkim,Large,Broiler,Wholesale,9666,39504.8,1478,66,208.27,1859166.26,1465820.0,335866.41,0.1529,4.087,192.34,34.75,5088.88,Medium,35.8,Revise
F0718,Telangana,Large,Layer,Wholesale,17904,51823.7,1323,115,197.11,3398536.8,2401358.73,910881.79,0.0739,2.8945,189.82,50.88,7920.71,Low,75.4,Approve
F0719,Uttar Pradesh,Small,Layer,Retail,6350,17854.2,858,45,225.74,1336630.92,761092.4,500650.68,0.1351,2.8117,210.49,78.84,11125.57,Medium,75.6,Revise
F0720,Maharashtra,Medium,Broiler,Retail,8862,28014.2,1416,145,235.79,1922526.6,1287855.07,721864.31,0.1598,3.1612,216.94,81.46,4978.37,Medium,65.6,Revise
F0721,Andhra Pradesh,Large,Broiler,Wholesale,13584,53357.8,754,147,233.9,3088947.02,2208066.8,901895.41,0.0555,3.928,227.4,66.39,6135.34,Low,60.6,Approve
F0722,West Bengal,Small,Broiler,Wholesale,6365,22271.4,694,43,200.39,1205886.21,856877.69,402728.52,0.109,3.499,189.46,63.27,9365.78,Low,61.2,Approve
F0723,Arunachal Pradesh,Small,Broiler,Wholesale,4819,16789.8,214,168,242.37,1142049.16,754253.07,454968.45,0.0444,3.4841,236.99,94.41,2708.15,Low,78.3,Approve
F0724,Sikkim,Medium,Broiler,Wholesale,10648,45826.8,1927,116,200.48,1941436.66,1760175.02,233780.11,0.181,4.3038,182.33,21.96,2015.35,High,24.2,Reject
F0725,Uttar Pradesh,Medium,Broiler,Wholesale,8922,38565.0,218,133,192.02,1692259.44,1505485.73,63850.03,0.0244,4.3225,189.67,7.16,480.08,Medium,42.0,Revise
F0726,Bihar,Large,Layer,Wholesale,12390,53842.0,2204,170,207.98,2347711.99,2178477.33,55454.5,0.1779,4.3456,189.48,4.48,326.2,High,19.4,Reject
F0727,Uttarakhand,Small,Broiler,Wholesale,4681,15604.5,881,73,227.82,965992.17,638097.98,368992.99,0.1882,3.3336,206.36,78.83,5054.7,High,57.4,Reject
F0728,Maharashtra,Medium,Layer,Export,10934,43460.4,1411,57,191.36,1957302.99,1613626.67,349108.25,0.129,3.9748,179.01,31.93,6124.71,Medium,40.7,Revise
F0729,Gujarat,Small,Layer,Retail,5658,18455.1,692,45,231.85,1231511.16,734176.2,537382.43,0.1223,3.2618,217.66,94.98,11941.83,Medium,72.1,Revise
F0730,Punjab,Small,Breeder,Wholesale,6500,20306.2,377,79,249.05,1571794.39,863025.29,701780.23,0.058,3.124,241.81,107.97,8883.29,Low,85.2,Approve
F0731,Himachal Pradesh,Small,Layer,Export,3374,10506.2,549,144,203.45,630544.51,486210.8,130786.65,0.1627,3.1139,186.88,38.76,908.24,Medium,55.4,Revise
F0732,Telangana,Large,Broiler,Retail,15360,51941.1,236,97,216.02,3292434.99,2175578.87,1224132.5,0.0154,3.3816,214.35,79.7,12619.92,Low,80.8,Approve
F0733,Arunachal Pradesh,Medium,Layer,Wholesale,10042,35457.6,738,121,198.26,1917795.77,1498181.78,253971.58,0.0735,3.5309,190.98,25.29,2098.94,Low,56.0,Approve
F0734,Himachal Pradesh,Medium,Broiler,Wholesale,13410,56491.1,1509,150,208.9,2643675.68,2270904.2,330507.78,0.1125,4.2126,197.14,24.65,2203.39,Low,36.3,Approve
F0735,Punjab,Small,Breeder,Wholesale,4053,12174.5,310,169,181.76,708464.37,592259.13,118560.04,0.0765,3.0038,174.8,29.25,701.54,Low,67.4,Approve
F0736,Maharashtra,Large,Layer,Wholesale,18777,76035.1,1113,45,256.3,4669860.69,2761838.2,1956750.76,0.0593,4.0494,248.7,104.21,43483.35,Low,66.0,Approve
F0737,Himachal Pradesh,Small,Layer,Wholesale,6435,23831.9,466,82,213.27,1322672.21,939859.8,297202.64,0.0724,3.7035,205.54,46.19,3624.42,Low,57.8,Approve
F0738,Uttarakhand,Large,Broiler,Retail,14667,48247.2,1334,78,243.11,3403480.1,1998170.8,1192061.89,0.091,3.2895,232.05,81.28,15282.84,Low,72.5,Approve
F0739,Bihar,Medium,Broiler,Retail,9646,35090.2,191,91,191.41,1827999.73,1410335.24,381730.44,0.0198,3.6378,189.51,39.57,4194.84,Low,64.9,Approve
F0740,West Bengal,Small,Layer,Retail,4474,14808.5,380,113,244.99,1049515.81,639364.69,406857.56,0.0849,3.3099,234.58,90.94,3600.51,Low,75.4,Approve
F0741,Telangana,Medium,Layer,Wholesale,10484,39979.0,1397,85,248.81,2434705.62,1562162.89,1061848.23,0.1333,3.8133,232.23,101.28,12492.33,Medium,60.5,Revise
F0742,Maharashtra,Small,Broiler,Retail,4179,14783.4,498,149,237.24,932262.49,644881.87,246455.24,0.1192,3.5375,223.08,58.97,1654.06,Low,57.9,Approve
F0743,Arunachal Pradesh,Medium,Breeder,Retail,12486,38450.5,1605,119,252.26,2947181.48,1734359.27,1140153.87,0.1285,3.0795,236.04,91.31,9581.12,Medium,74.1,Revise
F0744,West Bengal,Medium,Broiler,Export,11788,35342.7,1338,179,193.38,2150131.74,1742059.76,579168.8,0.1135,2.9982,182.4,49.13,3235.58,Low,67.3,Approve
F0745,Tamil Nadu,Small,Layer,Wholesale,4064,15156.2,36,149,218.12,882471.6,644287.24,285135.7,0.0089,3.7294,217.14,70.16,1913.66,Low,72.2,Approve
F0746,Uttarakhand,Large,Layer,Export,18402,79756.1,4929,102,229.61,3659309.84,3008423.8,447062.85,0.2679,4.3341,198.85,24.29,4382.97,High,14.5,Reject
F0747,Uttarakhand,Small,Broiler,Retail,5070,17160.6,642,98,227.7,1081318.8,719363.87,398473.59,0.1266,3.3847,213.28,78.59,4066.06,Medium,64.9,Revise
F0748,Uttar Pradesh,Medium,Broiler,Retail,6718,27181.7,373,127,248.88,1625497.11,1085574.91,607575.63,0.0555,4.0461,241.96,90.44,4784.06,Low,64.2,Approve
F0749,Bihar,Large,Layer,Retail,18438,72271.9,1291,31,197.26,3509661.34,2613495.67,930517.2,0.07,3.9197,190.35,50.47,30016.68,Low,54.8,Approve
F0750,Gujarat,Medium,Broiler,Wholesale,11214,49158.2,1135,82,194.05,2065877.38,1805655.6,139037.94,0.1012,4.3836,184.22,12.4,1695.58,Medium,31.3,Revise
F0751,Bihar,Small,Broiler,Export,5719,23995.0,256,148,200.27,1119670.02,964313.24,122018.35,0.0448,4.1957,195.78,21.34,824.45,Low,45.3,Approve
F0752,Bihar,Large,Layer,Wholesale,15123,56911.3,563,36,251.32,3729972.06,2104985.8,1507872.24,0.0372,3.7632,246.64,99.71,41885.34,Low,74.9,Approve
F0753,Karnataka,Medium,Layer,Retail,13792,54022.6,1038,177,255.28,3388260.33,2312085.47,1165778.93,0.0753,3.917,245.67,84.53,6586.32,Low,62.6,Approve
F0754,West Bengal,Small,Broiler,Wholesale,4141,17919.2,1206,104,225.57,797995.89,677834.89,103026.58,0.2912,4.3273,192.71,24.88,990.64,High,14.8,Reject
F0755,Uttarakhand,Small,Broiler,Wholesale,4635,16126.0,811,124,220.11,930941.11,688698.0,229917.46,0.175,3.4792,200.85,49.6,1854.17,Medium,48.9,Revise
F0756,Gujarat,Medium,Broiler,Retail,8806,29549.0,382,32,228.43,1967895.74,1140474.36,768188.26,0.0434,3.3556,223.47,87.23,24005.88,Low,79.3,Approve
F0757,Sikkim,Medium,Layer,Export,9886,27862.5,30,108,229.3,2263440.41,1297086.2,789981.18,0.003,2.8184,228.95,79.91,7314.64,Low,94.2,Approve
F0758,Uttar Pradesh,Medium,Broiler,Wholesale,7356,30933.0,269,46,193.62,1398200.81,1108481.73,471142.38,0.0366,4.2051,190.08,64.05,10242.23,Low,57.0,Approve
F0759,Bihar,Large,Layer,Export,19083,79417.1,2382,141,234.91,4202986.1,3179673.4,1107959.08,0.1248,4.1617,220.25,58.06,7857.87,Medium,44.0,Revise
F0760,Tamil Nadu,Medium,Layer,Retail,10974,32675.9,847,81,216.19,2280863.63,1425595.4,1023141.28,0.0772,2.9776,207.84,93.23,12631.37,Low,83.8,Approve
F0761,Andhra Pradesh,Small,Broiler,Wholesale,6739,25477.9,1083,36,221.39,1372056.28,940593.4,354929.23,0.1607,3.7807,203.6,52.67,9859.15,Medium,45.5,Revise
F0762,Sikkim,Small,Broiler,Wholesale,5980,21460.8,287,141,182.43,1064679.05,921036.27,224489.96,0.048,3.5888,178.04,37.54,1592.13,Low,61.4,Approve
F0763,West Bengal,Small,Breeder,Retail,3006,9023.4,248,162,241.16,694918.41,435387.6,245754.97,0.0825,3.0018,231.18,81.75,1517.01,Low,79.7,Approve
F0764,Karnataka,Medium,Broiler,Wholesale,12534,55989.0,1774,83,246.83,2874788.61,2043404.13,907605.85,0.1415,4.467,229.36,72.41,10935.01,Medium,39.0,Revise
F0765,Gujarat,Small,Layer,Wholesale,5468,17306.1,243,90,229.55,1227220.62,741622.2,546453.23,0.0444,3.165,224.44,99.94,6071.7,Low,86.3,Approve
F0766,West Bengal,Medium,Breeder,Wholesale,9182,26759.1,476,138,239.9,2145549.12,1273065.27,1034574.05,0.0518,2.9143,233.67,112.67,7496.91,Low,90.4,Approve
F0767,Bihar,Medium,Breeder,Wholesale,7664,29209.3,732,45,221.82,1618808.73,1087116.6,527938.19,0.0955,3.8112,211.22,68.89,11731.96,Low,58.0,Approve
F0768,Telangana,Large,Broiler,Retail,18792,76221.7,2519,76,229.47,4023040.43,2870378.2,950636.02,0.134,4.0561,214.08,50.59,12508.37,Medium,43.0,Revise
F0769,Sikkim,Small,Broiler,Wholesale,5606,16006.0,459,77,211.57,1137473.21,709171.91,427461.06,0.0819,2.8552,202.9,76.25,5551.44,Low,81.5,Approve
F0770,West Bengal,Large,Breeder,Wholesale,18657,73132.1,423,150,243.35,4488592.23,3039276.2,1581964.67,0.0227,3.9198,240.58,84.79,10546.43,Low,70.0,Approve
F0771,Sikkim,Small,Layer,Wholesale,4810,17820.6,246,93,217.46,1019174.06,712078.53,279787.76,0.0511,3.7049,211.89,58.17,3008.47,Low,63.8,Approve
F0772,Telangana,Large,Broiler,Wholesale,20220,60165.6,1700,79,234.42,4540547.53,2618621.87,1825868.23,0.0841,2.9755,224.56,90.3,23112.26,Low,82.2,Approve
F0773,Sikkim,Small,Broiler,Wholesale,6273,19404.2,451,70,229.71,1389131.44,818606.4,462987.28,0.0719,3.0933,221.45,73.81,6614.1,Low,77.3,Approve
F0774,West Bengal,Small,Broiler,Retail,6515,24532.6,1190,51,236.19,1398155.29,924536.53,405237.42,0.1827,3.7656,214.61,62.2,7945.83,High,45.1,Reject
F0775,Himachal Pradesh,Medium,Layer,Retail,7826,25855.6,1684,144,242.82,1695731.55,1160468.8,572933.31,0.2152,3.3038,216.68,73.21,3978.7,High,52.8,Reject
F0776,Andhra Pradesh,Small,Broiler,Wholesale,5011,22024.0,1108,34,221.02,985068.4,765366.71,263140.37,0.2211,4.3951,196.58,52.51,7739.42,High,24.3,Reject
F0777,Bihar,Small,Layer,Wholesale,4442,18620.2,186,174,245.05,1065643.84,769150.27,355197.56,0.0419,4.1919,239.9,79.96,2041.37,Low,60.5,Approve
F0778,Andhra Pradesh,Medium,Layer,Wholesale,8900,39801.4,1401,130,219.78,1801990.56,1526319.69,480733.31,0.1574,4.4721,202.47,54.01,3697.95,Medium,32.0,Revise
F0779,Arunachal Pradesh,Medium,Layer,Wholesale,12108,39247.4,976,107,256.53,2980839.88,1699163.87,1503474.81,0.0806,3.2414,246.19,124.17,14051.17,Low,79.6,Approve
F0780,West Bengal,Medium,Layer,Retail,9004,40054.6,451,70,240.21,2108611.27,1443450.98,649132.63,0.0501,4.4485,234.19,72.09,9273.32,Low,52.1,Approve
F0781,Sikkim,Medium,Layer,Wholesale,13092,46255.3,1318,121,193.69,2408151.53,1953840.07,341648.76,0.1007,3.5331,183.94,26.1,2823.54,Low,52.3,Approve
F0782,Punjab,Medium,Broiler,Wholesale,6250,21192.4,465,51,246.37,1482494.67,835399.47,628108.47,0.0744,3.3908,237.2,100.5,12315.85,Low,77.4,Approve
F0783,Odisha,Small,Broiler,Retail,5442,15703.4,1342,82,224.13,1069283.7,696907.07,342909.34,0.2466,2.8856,196.49,63.01,4181.82,High,54.5,Reject
F0784,Gujarat,Small,Layer,Wholesale,3816,11027.1,570,122,258.76,913574.98,516161.0,404991.31,0.1494,2.8897,239.41,106.13,3319.6,Medium,77.2,Revise
F0785,Punjab,Small,Broiler,Retail,5928,23572.2,46,39,237.51,1402424.55,856089.2,608809.37,0.0078,3.9764,236.58,102.7,15610.5,Low,74.7,Approve
F0786,Telangana,Large,Broiler,Retail,14487,51841.4,3504,175,186.75,2378241.75,2315567.47,119724.25,0.2419,3.5785,164.16,8.26,684.14,High,27.2,Reject
F0787,Karnataka,Medium,Broiler,Wholesale,7150,22773.4,69,78,211.6,1505530.7,957661.47,666501.69,0.0097,3.1851,210.56,93.22,8544.89,Low,89.0,Approve
F0788,Bihar,Medium,Broiler,Retail,10744,41297.2,1488,100,221.38,2213798.9,1636742.84,620836.8,0.1385,3.8437,206.05,57.78,6208.37,Medium,48.6,Revise
F0789,Karnataka,Medium,Layer,Retail,8830,28519.7,1543,48,247.12,1991382.3,1144282.73,720089.41,0.1747,3.2299,225.52,81.55,15001.86,Medium,62.1,Revise
F0790,Bihar,Large,Layer,Wholesale,11787,44578.1,1714,84,238.35,2605087.33,1746087.4,784755.98,0.1454,3.782,221.01,66.58,9342.33,Medium,51.1,Revise
F0791,Karnataka,Small,Broiler,Retail,6759,23052.6,194,50,209.55,1396005.91,905187.2,518918.58,0.0287,3.4107,206.54,76.77,10378.37,Low,77.6,Approve
F0792,Punjab,Medium,Layer,Retail,13398,56272.1,2265,55,232.27,2848933.61,2038888.87,842617.98,0.1691,4.2,212.64,62.89,15320.33,Medium,38.2,Revise
F0793,Karnataka,Medium,Broiler,Export,8926,37446.2,1367,57,226.15,1863990.46,1360566.53,625352.43,0.1531,4.1952,208.83,70.06,10971.1,Medium,42.4,Revise
F0794,Sikkim,Medium,Layer,Retail,12550,45324.3,606,69,190.08,2327907.41,1778581.27,550145.35,0.0483,3.6115,185.49,43.84,7973.12,Low,62.5,Approve
F0795,Gujarat,Small,Broiler,Export,6557,22270.1,285,58,198.79,1275034.69,885402.16,378386.55,0.0435,3.3964,194.45,57.71,6523.91,Low,71.1,Approve
F0796,Bihar,Large,Layer,Wholesale,11496,39274.4,1010,49,207.29,2278238.21,1538979.73,559963.11,0.0879,3.4164,198.18,48.71,11427.82,Low,62.2,Approve
F0797,Tamil Nadu,Large,Broiler,Retail,12162,50712.1,886,49,195.64,2292651.86,1829710.73,370464.38,0.0728,4.1697,188.51,30.46,7560.5,Low,44.2,Approve
F0798,Sikkim,Medium,Broiler,Wholesale,12918,43377.4,208,103,192.01,2460358.12,1836745.73,661596.9,0.0161,3.3579,190.46,51.22,6423.27,Low,74.1,Approve
F0799,Andhra Pradesh,Medium,Layer,Wholesale,9296,29332.6,1663,169,184.66,1562945.28,1389410.36,189918.8,0.1789,3.1554,168.13,20.43,1123.78,Medium,47.7,Revise
F0800,Andhra Pradesh,Large,Broiler,Retail,14700,43276.4,2300,149,249.85,3385409.08,2076467.47,1409638.32,0.1565,2.944,230.3,95.89,9460.66,Medium,74.1,Revise
F0801,West Bengal,Medium,Breeder,Retail,8914,32031.4,190,126,203.12,1791182.94,1350064.4,481472.1,0.0213,3.5934,200.94,54.01,3821.21,Low,69.2,Approve
F0802,West Bengal,Small,Layer,Wholesale,5884,21297.9,797,149,203.23,1114702.65,918614.42,189769.54,0.1355,3.6196,189.45,32.25,1273.62,Medium,47.2,Revise
F0803,Telangana,Medium,Broiler,Retail,11946,50526.1,1720,54,196.5,2178288.81,1823555.8,245633.97,0.144,4.2295,182.34,20.56,4548.78,Medium,30.5,Revise
F0804,Himachal Pradesh,Medium,Layer,Wholesale,8798,27943.4,512,33,218.03,1862417.58,1106269.73,756201.13,0.0582,3.1761,211.69,85.95,22915.19,Low,80.6,Approve
F0805,Uttar Pradesh,Medium,Broiler,Wholesale,12830,44233.8,3529,33,221.14,2446941.69,1689912.93,751615.47,0.2751,3.4477,190.72,58.58,22776.23,High,41.3,Reject
F0806,Gujarat,Medium,Broiler,Wholesale,6884,28735.8,481,166,196.66,1306524.71,1179542.09,216598.57,0.0699,4.1743,189.79,31.46,1304.81,Low,44.8,Approve
F0807,Maharashtra,Large,Breeder,Wholesale,19950,83793.2,972,172,228.69,4451068.75,3450977.07,1295684.2,0.0487,4.2002,223.11,64.95,7533.05,Low,55.6,Approve
F0808,Telangana,Large,Broiler,Wholesale,15366,53071.7,717,55,237.84,3569343.09,2086122.73,1397773.97,0.0467,3.4538,232.29,90.97,25414.07,Low,77.7,Approve
F0809,West Bengal,Medium,Layer,Retail,7112,25464.6,1747,108,209.91,1309481.19,1052371.6,216389.85,0.2456,3.5805,184.12,30.43,2003.61,High,32.2,Reject
F0810,Uttarakhand,Small,Broiler,Wholesale,6843,22688.6,705,119,226.84,1472196.85,986066.67,386485.7,0.103,3.3156,215.14,56.48,3247.78,Low,64.1,Approve
F0811,Karnataka,Large,Layer,Wholesale,20211,88632.2,1653,100,220.18,4268119.23,3319765.07,913166.09,0.0818,4.3853,211.18,45.18,9131.66,Low,42.2,Approve
F0812,Bihar,Large,Broiler,Retail,12534,37623.2,511,105,195.64,2402136.9,1688378.4,656802.97,0.0408,3.0017,191.65,52.4,6255.27,Low,78.2,Approve
F0813,Odisha,Small,Broiler,Retail,6501,28522.3,1142,128,238.4,1413652.81,1100474.47,497471.08,0.1757,4.3874,217.45,76.52,3886.49,Medium,36.9,Revise
F0814,Sikkim,Large,Breeder,Wholesale,15111,59878.4,663,156,244.12,3607842.13,2491953.2,914683.29,0.0439,3.9626,238.76,60.53,5863.35,Low,60.1,Approve
F0815,Uttarakhand,Large,Broiler,Wholesale,10086,37355.2,505,61,231.9,2280318.46,1435491.47,851506.16,0.0501,3.7037,226.09,84.42,13959.12,Low,70.5,Approve
F0816,Punjab,Medium,Layer,Wholesale,10990,31382.2,162,38,205.91,2246287.29,1314151.96,859932.84,0.0147,2.8555,204.39,78.25,22629.81,Low,91.4,Approve
F0817,Bihar,Medium,Broiler,Retail,8514,30722.9,704,107,254.14,2074239.89,1263559.0,813233.97,0.0827,3.6085,243.63,95.52,7600.32,Low,70.7,Approve
F0818,Himachal Pradesh,Small,Broiler,Export,6634,23173.7,171,42,216.43,1417222.91,891055.27,502542.81,0.0258,3.4932,213.63,75.75,11965.3,Low,76.1,Approve
F0819,Maharashtra,Small,Layer,Retail,4841,14881.6,305,153,201.27,943600.08,701120.4,280766.11,0.063,3.0741,194.92,58.0,1835.07,Low,75.0,Approve
F0820,Uttarakhand,Small,Broiler,Wholesale,5309,20789.5,807,125,212.66,1043113.29,840796.78,225281.6,0.152,3.9159,196.48,42.43,1802.25,Medium,41.4,Revise
F0821,Arunachal Pradesh,Large,Broiler,Retail,14550,64761.4,893,112,235.37,3319476.32,2441957.47,1006657.29,0.0614,4.451,228.14,69.19,8988.01,Low,49.7,Approve
F0822,Sikkim,Small,Breeder,Wholesale,5172,19424.6,271,173,247.67,1247379.18,845008.93,355468.57,0.0524,3.7557,241.18,68.73,2054.73,Low,65.2,Approve
F0823,Uttarakhand,Small,Layer,Wholesale,3910,15699.0,151,169,208.53,799537.54,658351.78,184332.93,0.0386,4.0151,204.49,47.14,1090.73,Low,56.4,Approve
F0824,Himachal Pradesh,Small,Broiler,Wholesale,3244,9460.7,690,47,198.61,575679.61,397440.82,164373.54,0.2127,2.9164,177.46,50.67,3497.31,High,55.5,Reject
F0825,Andhra Pradesh,Medium,Broiler,Retail,7082,24858.1,1596,170,230.12,1446019.58,1115011.98,229334.56,0.2254,3.51,204.18,32.38,1349.03,High,36.9,Reject
F0826,Karnataka,Large,Layer,Retail,16596,49751.6,2220,122,253.7,3928666.53,2284284.0,1608653.19,0.1338,2.9978,236.72,96.93,13185.68,Medium,76.4,Revise
F0827,Gujarat,Small,Breeder,Retail,5169,19858.0,582,53,194.66,949473.2,744029.47,210825.61,0.1126,3.8417,183.69,40.79,3977.84,Low,48.0,Approve
F0828,Punjab,Small,Breeder,Retail,5172,22733.1,196,131,244.24,1239280.41,879178.33,282663.08,0.0379,4.3954,239.61,54.65,2157.73,Low,50.5,Approve
F0829,Tamil Nadu,Medium,Layer,Wholesale,9144,35890.4,1232,169,218.13,1860170.61,1521515.2,419907.25,0.1347,3.925,203.43,45.92,2484.66,Medium,44.5,Revise
F0830,Uttar Pradesh,Medium,Broiler,Wholesale,10434,30577.5,878,89,243.96,2438351.19,1359494.07,979962.46,0.0841,2.9306,233.69,93.92,11010.81,Low,84.0,Approve
F0831,West Bengal,Small,Breeder,Retail,3123,10627.4,477,89,220.44,635845.93,439365.6,169331.05,0.1527,3.4029,203.6,54.22,1902.6,Medium,54.8,Revise
F0832,Tamil Nadu,Medium,Layer,Retail,13880,51857.5,152,129,210.19,2901336.63,2153179.67,748151.04,0.011,3.7361,209.03,53.9,5799.62,Low,67.7,Approve
F0833,Telangana,Small,Broiler,Retail,6106,21282.2,342,30,235.74,1399046.54,806073.73,652943.21,0.056,3.4855,229.13,106.93,21764.77,Low,78.0,Approve
F0834,Sikkim,Small,Broiler,Wholesale,6158,25969.5,160,72,252.05,1531943.63,958051.4,480763.59,0.026,4.2172,248.77,78.07,6677.27,Low,61.7,Approve
F0835,Odisha,Medium,Broiler,Retail,11386,47649.7,723,84,205.62,2266787.15,1787624.33,585773.02,0.0635,4.1849,199.09,51.45,6973.49,Low,50.5,Approve
F0836,Arunachal Pradesh,Medium,Layer,Wholesale,9462,36335.1,690,63,216.86,1977004.42,1378446.6,385103.96,0.0729,3.8401,208.94,40.7,6112.76,Low,53.6,Approve
F0837,Uttarakhand,Large,Broiler,Retail,11355,39003.0,1100,63,198.35,2143179.75,1552992.0,625621.79,0.0969,3.4349,188.74,55.1,9930.5,Low,62.1,Approve
F0838,Sikkim,Small,Broiler,Wholesale,5043,16309.4,624,139,194.67,920972.27,735574.93,133376.48,0.1237,3.2341,182.62,26.45,959.54,Medium,55.4,Revise
F0839,Gujarat,Medium,Broiler,Export,10496,31277.9,1890,113,242.23,2313504.99,1423766.78,797365.67,0.1801,2.98,220.42,75.97,7056.33,High,65.1,Reject
F0840,Punjab,Medium,Broiler,Wholesale,10832,36864.8,606,119,196.05,2064174.81,1581782.58,661757.41,0.0559,3.4033,190.56,61.09,5560.99,Low,70.0,Approve
F0841,West Bengal,Small,Broiler,Retail,3796,13295.1,612,108,243.47,849614.7,555175.4,252461.42,0.1612,3.5024,223.82,66.51,2337.61,Medium,54.6,Revise
F0842,Himachal Pradesh,Medium,Layer,Retail,6152,24293.6,720,100,214.34,1241414.74,951428.09,286495.57,0.117,3.9489,201.79,46.57,2864.96,Low,46.6,Approve
F0843,Tamil Nadu,Small,Broiler,Wholesale,3058,11983.9,37,100,259.6,789041.13,470910.24,276046.94,0.0121,3.9189,258.03,90.27,2760.47,Low,72.8,Approve
F0844,Uttar Pradesh,Large,Breeder,Wholesale,16434,47973.9,1159,143,195.79,3104102.93,2294914.6,928570.4,0.0705,2.9192,188.88,56.5,6493.5,Low,76.8,Approve
F0845,Karnataka,Small,Layer,Retail,5685,19738.0,1313,58,187.44,942486.63,777104.67,184653.12,0.231,3.4719,165.78,32.48,3183.67,High,36.9,Reject
F0846,Tamil Nadu,Medium,Breeder,Wholesale,9046,28124.2,1595,172,186.03,1534462.18,1347638.98,229005.71,0.1763,3.109,169.63,25.32,1331.43,Medium,50.3,Revise
F0847,Tamil Nadu,Small,Layer,Wholesale,4936,15136.6,341,126,246.83,1176240.83,690371.6,552377.97,0.0691,3.0666,238.3,111.91,4383.95,Low,84.8,Approve
F0848,Karnataka,Large,Broiler,Export,15468,65064.8,1477,82,215.02,3167122.35,2430314.67,683313.44,0.0955,4.2064,204.75,44.18,8333.09,Low,43.7,Approve
F0849,Sikkim,Medium,Broiler,Retail,13614,39089.3,1936,174,180.25,2279375.4,1961791.0,440044.7,0.1422,2.8713,167.43,32.32,2528.99,Medium,61.7,Revise
F0850,Odisha,Medium,Broiler,Wholesale,12110,42537.7,1992,93,249.98,2778258.51,1741548.07,1243677.65,0.1645,3.5126,229.42,102.7,13372.88,Medium,62.3,Revise
F0851,Telangana,Small,Breeder,Retail,4301,13272.7,448,90,250.15,1019830.02,575865.4,458468.91,0.1042,3.086,237.11,106.6,5094.1,Low,79.5,Approve
F0852,Telangana,Medium,Broiler,Retail,6134,26344.7,384,137,244.51,1452846.98,1035680.38,336803.56,0.0626,4.2949,236.85,54.91,2458.42,Low,49.2,Approve
F0853,Tamil Nadu,Small,Broiler,Retail,6140,23006.4,1109,66,199.87,1116263.42,885183.47,163827.44,0.1806,3.747,181.8,26.68,2482.23,High,36.9,Reject
F0854,West Bengal,Large,Layer,Retail,18708,59741.1,1038,164,209.82,3816383.86,2795146.33,1105631.82,0.0555,3.1933,204.0,59.1,6741.66,Low,73.9,Approve
F0855,Karnataka,Small,Breeder,Retail,6560,23971.1,892,37,239.59,1464826.89,898514.42,485239.8,0.136,3.6541,223.3,73.97,13114.59,Medium,56.9,Revise
F0856,Karnataka,Small,Layer,Wholesale,5352,21641.0,151,107,219.15,1156252.06,845508.93,233077.86,0.0282,4.0435,216.04,43.55,2178.3,Low,56.3,Approve
F0857,Uttar Pradesh,Small,Layer,Retail,4932,21842.8,829,97,192.31,868688.77,812191.2,94882.41,0.1681,4.4288,176.13,19.24,978.17,Medium,22.7,Revise
F0858,Arunachal Pradesh,Medium,Broiler,Wholesale,11442,36325.6,278,50,199.42,2254057.6,1472969.87,729379.92,0.0243,3.1748,197.0,63.75,14587.6,Low,79.8,Approve
F0859,Maharashtra,Medium,Layer,Wholesale,6728,28974.2,1022,123,257.81,1602710.16,1120951.33,675638.69,0.1519,4.3065,238.21,100.42,5493.0,Medium,47.7,Revise
F0860,Andhra Pradesh,Small,Broiler,Retail,6925,30389.1,1127,104,192.08,1221893.54,1142845.76,38880.13,0.1627,4.3883,176.45,5.61,373.85,Medium,20.9,Revise
F0861,Andhra Pradesh,Medium,Layer,Wholesale,7640,33294.5,677,171,238.09,1738283.17,1346735.0,348320.66,0.0886,4.3579,227.52,45.59,2036.96,Low,41.9,Approve
F0862,Tamil Nadu,Medium,Broiler,Retail,8804,34161.3,1264,107,218.24,1783376.81,1359220.24,456187.06,0.1436,3.8802,202.56,51.82,4263.43,Medium,45.6,Revise
F0863,Odisha,Medium,Broiler,Retail,10780,41726.1,1515,95,239.89,2404224.32,1639036.42,789778.91,0.1405,3.8707,223.03,73.26,8313.46,Medium,51.6,Revise
F0864,Andhra Pradesh,Medium,Breeder,Wholesale,7892,27507.2,1696,175,232.89,1640377.54,1245287.29,388185.47,0.2149,3.4855,207.85,49.19,2218.2,High,43.1,Reject
F0865,Gujarat,Medium,Broiler,Wholesale,11892,48508.4,565,83,215.13,2497546.73,1837257.87,646806.72,0.0475,4.0791,210.02,54.39,7792.85,Low,55.6,Approve
F0866,West Bengal,Medium,Layer,Retail,9154,33899.1,618,129,208.31,1842498.06,1413411.93,727831.71,0.0675,3.7032,201.28,79.51,5642.11,Low,66.8,Approve
F0867,Odisha,Small,Layer,Export,4377,17296.3,925,50,240.35,940774.67,638275.27,380619.97,0.2113,3.9516,214.94,86.96,7612.4,High,43.4,Reject
F0868,Gujarat,Small,Layer,Retail,4439,15662.5,473,82,205.85,865077.0,631235.76,270326.89,0.1066,3.5284,194.88,60.9,3296.67,Low,60.3,Approve
F0869,Arunachal Pradesh,Large,Broiler,Retail,18540,74967.3,2372,112,243.02,4217351.86,2945432.6,1013517.85,0.1279,4.0435,227.47,54.67,9049.27,Medium,45.2,Revise
F0870,Tamil Nadu,Large,Broiler,Wholesale,19902,83620.3,1062,173,234.39,4540300.3,3446843.67,1076677.79,0.0534,4.2016,228.13,54.1,6223.57,Low,52.2,Approve
F0871,Gujarat,Small,Layer,Wholesale,3761,11467.1,547,33,226.21,788859.65,462390.73,352522.76,0.1454,3.0489,209.75,93.73,10682.51,Medium,73.0,Revise
F0872,Tamil Nadu,Small,Layer,Retail,6568,27690.6,489,84,209.5,1324747.3,1035675.33,338632.03,0.0745,4.216,201.7,51.56,4031.33,Low,48.3,Approve
F0873,Tamil Nadu,Medium,Broiler,Wholesale,6680,24839.6,114,44,196.41,1300781.78,932723.64,451152.56,0.0171,3.7185,194.73,67.54,10253.47,Low,70.6,Approve
F0874,Punjab,Medium,Broiler,Export,11978,50738.0,3832,93,236.83,2382945.03,1913172.27,393381.17,0.3199,4.2359,198.94,32.84,4229.91,High,18.6,Reject
F0875,Odisha,Small,Broiler,Wholesale,3382,11949.3,255,141,187.31,609577.77,516760.07,91643.17,0.0754,3.5332,180.24,27.1,649.95,Low,56.1,Approve
F0876,Karnataka,Small,Breeder,Retail,4003,13787.8,395,173,257.64,980400.26,626596.09,316793.33,0.0987,3.4444,244.92,79.14,1831.18,Low,67.7,Approve
F0877,Himachal Pradesh,Medium,Broiler,Retail,9112,39688.3,110,147,258.3,2339385.91,1566869.53,928640.77,0.0121,4.3556,256.74,101.91,6317.28,Low,66.3,Approve
F0878,Maharashtra,Medium,Broiler,Retail,6598,21291.7,484,49,190.42,1210212.62,855793.31,396705.77,0.0734,3.227,183.42,60.13,8096.04,Low,71.0,Approve
F0879,Tamil Nadu,Small,Layer,Retail,3138,13289.9,83,93,188.31,583030.32,501159.4,67081.12,0.0264,4.2351,185.8,21.38,721.3,Low,47.1,Approve
F0880,Himachal Pradesh,Small,Broiler,Export,3358,12165.5,266,62,213.02,686926.51,472553.62,222096.62,0.0792,3.6228,204.56,66.14,3582.2,Low,63.5,Approve
F0881,Maharashtra,Small,Breeder,Export,3835,14089.6,565,110,257.09,913279.25,576716.76,338859.83,0.1473,3.674,238.14,88.36,3080.54,Medium,58.5,Revise
F0882,Uttarakhand,Medium,Broiler,Export,9044,30065.8,751,155,212.02,1837888.78,1362860.04,394167.88,0.083,3.3244,203.22,43.58,2543.02,Low,63.5,Approve
F0883,Odisha,Small,Broiler,Retail,6456,24366.1,844,98,209.1,1261723.5,971332.07,349072.07,0.1307,3.7742,195.43,54.07,3561.96,Medium,50.2,Revise
F0884,Andhra Pradesh,Small,Broiler,Retail,4627,15513.7,380,123,236.29,1048370.57,673828.47,378577.04,0.0821,3.3529,226.58,81.82,3077.86,Low,72.6,Approve
F0885,Karnataka,Medium,Broiler,Retail,9964,28564.4,1345,97,194.3,1805283.72,1298440.44,459064.62,0.135,2.8668,181.18,46.07,4732.62,Medium,66.2,Revise
F0886,Arunachal Pradesh,Small,Broiler,Wholesale,4303,14038.1,804,116,209.07,815529.78,612725.62,166223.18,0.1868,3.2624,189.53,38.63,1432.96,High,49.0,Reject
F0887,Odisha,Medium,Broiler,Wholesale,13416,37710.3,210,50,203.3,2706183.5,1619679.93,1202138.3,0.0157,2.8108,201.71,89.6,24042.77,Low,95.0,Approve
F0888,Telangana,Small,Broiler,Wholesale,5530,24681.5,493,92,228.12,1205177.27,909939.22,311395.94,0.0892,4.4632,217.93,56.31,3384.74,Low,42.3,Approve
F0889,Punjab,Small,Layer,Wholesale,3908,17358.4,228,114,193.02,732262.7,656486.93,50342.32,0.0583,4.4418,187.38,12.88,441.6,Medium,36.3,Revise
F0890,Telangana,Small,Broiler,Wholesale,4134,14352.3,429,163,223.9,877483.44,642244.73,213396.59,0.1038,3.4718,212.26,51.62,1309.18,Low,59.5,Approve
F0891,Andhra Pradesh,Medium,Breeder,Wholesale,11826,47756.1,512,53,248.6,2876304.15,1753361.4,1123736.62,0.0433,4.0382,243.22,95.02,21202.58,Low,67.2,Approve
F0892,Tamil Nadu,Large,Layer,Export,15558,52708.5,1519,140,221.13,3272404.03,2324708.33,958136.37,0.0976,3.3879,210.34,61.58,6843.83,Low,64.6,Approve
F0893,Maharashtra,Large,Broiler,Retail,11985,47231.2,754,124,234.68,2724055.86,1902539.07,847675.14,0.0629,3.9409,227.29,70.73,6836.09,Low,60.4,Approve
F0894,Sikkim,Small,Broiler,Wholesale,5482,22855.7,503,112,186.02,972908.88,886078.11,767.73,0.0918,4.1692,177.47,0.14,6.85,High,34.0,Reject
F0895,Bihar,Medium,Broiler,Wholesale,11112,48998.2,1112,131,215.92,2279234.97,1892346.53,400610.85,0.1001,4.4095,205.11,36.05,3058.1,Low,36.9,Approve
F0896,Uttarakhand,Small,Broiler,Retail,5320,18515.5,190,107,187.59,980137.65,774539.22,145851.65,0.0357,3.4804,184.24,27.42,1363.1,Low,62.8,Approve
F0897,Uttar Pradesh,Small,Broiler,Retail,6170,25492.0,402,153,227.96,1360642.15,1037148.0,420032.0,0.0652,4.1316,220.53,68.08,2745.31,Low,55.5,Approve
F0898,Sikkim,Large,Broiler,Export,20505,66683.9,2901,169,202.48,3858203.02,3108357.13,951036.96,0.1415,3.2521,188.16,46.38,5627.44,Medium,57.5,Revise
F0899,Tamil Nadu,Small,Layer,Export,6921,31030.8,455,149,202.98,1358567.18,1212057.2,225084.78,0.0657,4.4836,196.3,32.52,1510.64,Low,39.3,Approve
F0900,Karnataka,Small,Broiler,Export,5151,14648.5,610,44,186.14,901971.26,620109.27,170969.42,0.1184,2.8438,175.11,33.19,3885.67,Low,65.8,Approve
F0901,Andhra Pradesh,Small,Broiler,Wholesale,4237,16210.8,396,112,204.82,827188.32,652850.98,161963.36,0.0935,3.826,195.23,38.23,1446.1,Low,50.3,Approve
F0902,Sikkim,Small,Broiler,Wholesale,4784,18758.8,71,35,220.53,1047185.02,681660.71,361439.89,0.0148,3.9212,218.89,75.55,10326.85,Low,68.7,Approve
F0903,Odisha,Small,Layer,Retail,6735,26735.8,145,96,226.77,1510868.31,1039881.6,514423.91,0.0215,3.9697,224.33,76.38,5358.58,Low,67.0,Approve
F0904,Maharashtra,Medium,Broiler,Wholesale,11618,34908.1,347,151,185.33,2120987.07,1660756.96,555767.28,0.0299,3.0047,182.56,47.84,3680.58,Low,78.6,Approve
F0905,Sikkim,Medium,Layer,Retail,11668,51286.7,453,178,232.12,2655649.18,2080934.78,745290.15,0.0388,4.3955,227.6,63.87,4187.02,Low,52.7,Approve
F0906,Bihar,Large,Broiler,Retail,9492,29501.2,2534,113,219.11,1802170.92,1314310.13,279123.87,0.267,3.108,189.86,29.41,2470.12,High,41.0,Reject
F0907,Sikkim,Large,Breeder,Retail,11994,46281.0,1319,140,222.95,2527045.71,1916399.33,509400.23,0.11,3.8587,210.69,42.47,3638.57,Low,48.4,Approve
F0908,Odisha,Small,Broiler,Wholesale,6924,22008.3,579,174,246.62,1636118.52,1044565.0,596281.81,0.0836,3.1786,236.3,86.12,3426.91,Low,77.0,Approve
F0909,Telangana,Small,Breeder,Retail,5567,18495.1,486,165,207.38,1103980.57,848540.87,301227.24,0.0873,3.3223,198.31,54.11,1825.62,Low,65.6,Approve
F0910,West Bengal,Small,Layer,Retail,4307,16060.7,288,93,193.92,807211.27,639894.47,199678.38,0.0669,3.729,187.42,46.36,2147.08,Low,58.1,Approve
F0911,Sikkim,Medium,Broiler,Export,11128,39050.7,1629,155,224.14,2311642.29,1722153.62,644378.9,0.1464,3.5092,207.73,57.91,4157.28,Medium,54.4,Revise
F0912,Uttar Pradesh,Small,Broiler,Wholesale,3656,11232.6,181,57,255.6,911261.63,466964.67,415270.51,0.0495,3.0724,249.25,113.59,7285.45,Low,87.5,Approve
F0913,Punjab,Medium,Broiler,Export,11320,34985.5,893,127,221.43,2407660.5,1591261.44,755027.7,0.0789,3.0906,212.69,66.7,5945.1,Low,74.6,Approve
F0914,Punjab,Medium,Breeder,Retail,10422,36590.0,1320,170,246.55,2406782.07,1641056.0,689978.77,0.1267,3.5108,230.93,66.2,4058.7,Medium,59.2,Revise
F0915,Andhra Pradesh,Medium,Layer,Retail,9818,40129.9,932,42,240.56,2249681.04,1447065.53,692262.63,0.0949,4.0874,229.14,70.51,16482.44,Low,52.8,Approve
F0916,Gujarat,Medium,Broiler,Retail,13460,58235.2,441,115,221.47,2932085.69,2229356.62,556849.28,0.0328,4.3265,217.84,41.37,4842.17,Low,49.3,Approve
F0917,Uttarakhand,Small,Broiler,Retail,5046,14850.5,1238,50,231.8,1026136.4,623864.33,346312.06,0.2453,2.943,203.36,68.63,6926.24,High,54.9,Reject
F0918,Tamil Nadu,Large,Broiler,Wholesale,15333,53179.1,1376,92,212.53,3112541.65,2187369.93,977454.66,0.0897,3.4683,203.0,63.75,10624.51,Low,64.6,Approve
F0919,Bihar,Medium,Layer,Wholesale,12324,36607.4,1795,140,222.45,2541808.44,1728293.47,829316.18,0.1457,2.9704,206.25,67.29,5923.69,Medium,67.9,Revise
F0920,Himachal Pradesh,Small,Layer,Export,4140,11708.8,486,105,220.58,859593.8,541873.6,277887.19,0.1174,2.8282,207.63,67.12,2646.54,Low,74.8,Approve
F0921,Bihar,Large,Broiler,Retail,14667,57566.8,2310,102,236.73,3198613.7,2265781.2,659113.91,0.1575,3.9249,218.08,44.94,6461.9,Medium,41.0,Revise
F0922,Gujarat,Medium,Broiler,Wholesale,6532,24979.4,232,36,212.8,1365242.37,917951.6,422079.3,0.0355,3.8242,209.01,64.62,11724.42,Low,65.1,Approve
F0923,Uttar Pradesh,Large,Broiler,Retail,14535,44726.1,497,101,187.98,2685538.1,1971708.2,912567.17,0.0342,3.0771,184.76,62.78,9035.32,Low,80.2,Approve
F0924,Tamil Nadu,Medium,Broiler,Wholesale,9416,30107.5,2317,158,243.1,2007324.79,1397649.98,610281.35,0.2461,3.1975,213.18,64.81,3862.54,High,48.6,Reject
F0925,Maharashtra,Medium,Broiler,Wholesale,13260,37662.4,1778,160,234.79,2904550.66,1868746.13,1151997.71,0.1341,2.8403,219.05,86.88,7199.99,Medium,77.1,Revise
F0926,Karnataka,Small,Broiler,Retail,6211,26206.8,9,133,256.01,1588908.03,1033955.24,569256.61,0.0014,4.2194,255.82,91.65,4280.12,Low,68.5,Approve
F0927,Telangana,Small,Broiler,Wholesale,5293,23590.8,544,57,214.3,1075961.45,837283.33,235550.58,0.1028,4.457,203.28,44.5,4132.47,Low,37.6,Approve
F0928,Himachal Pradesh,Medium,Breeder,Wholesale,13464,40799.7,512,72,186.26,2460008.72,1743132.6,535690.09,0.038,3.0303,182.71,39.79,7440.14,Low,74.9,Approve
F0929,Odisha,Medium,Layer,Wholesale,13658,43616.9,770,126,189.73,2518224.25,1948411.0,518607.05,0.0564,3.1935,184.38,37.97,4115.93,Low,68.5,Approve
F0930,Odisha,Small,Breeder,Retail,5442,23271.6,658,75,241.87,1236541.43,856635.2,346841.85,0.1209,4.2763,227.22,63.73,4624.56,Medium,43.6,Revise
F0931,Uttarakhand,Small,Broiler,Wholesale,4510,19731.2,200,30,185.42,817680.64,683639.73,194599.09,0.0443,4.375,181.3,43.15,6486.64,Low,47.2,Approve
F0932,Himachal Pradesh,Large,Layer,Wholesale,10425,36626.8,1625,131,252.63,2428362.73,1569826.27,880782.77,0.1559,3.5134,232.94,84.49,6723.53,Medium,59.6,Revise
F0933,Andhra Pradesh,Large,Layer,Wholesale,19764,57040.1,599,64,202.53,3942149.13,2467952.6,1726008.36,0.0303,2.8861,199.46,87.33,26968.88,Low,90.8,Approve
F0934,West Bengal,Medium,Broiler,Wholesale,7952,22798.1,1055,83,251.91,1870249.23,1016494.38,959185.14,0.1327,2.867,235.19,120.62,11556.45,Medium,80.0,Revise
F0935,Odisha,Small,Broiler,Wholesale,4207,15884.4,428,53,241.88,965817.28,599446.09,325521.28,0.1017,3.7757,229.57,77.38,6141.91,Low,60.0,Approve
F0936,Uttarakhand,Small,Layer,Wholesale,4043,14020.8,111,51,249.7,995595.69,547264.13,448389.28,0.0275,3.4679,246.25,110.91,8791.95,Low,82.4,Approve
F0937,Uttar Pradesh,Small,Breeder,Wholesale,4960,14129.6,908,45,197.12,888164.01,598531.2,364455.24,0.1831,2.8487,179.07,73.48,8099.01,High,66.7,Reject
F0938,Himachal Pradesh,Large,Broiler,Retail,10671,40459.4,1136,42,227.66,2299986.3,1503333.6,861417.92,0.1065,3.7915,215.54,80.73,20509.95,Low,59.9,Approve
F0939,Uttar Pradesh,Small,Broiler,Wholesale,4017,11324.8,72,129,187.49,746370.16,542118.8,223012.08,0.0179,2.8192,185.8,55.52,1728.78,Low,86.0,Approve
F0940,Odisha,Medium,Layer,Wholesale,13190,54587.2,1645,129,196.18,2426252.64,2162909.07,374172.5,0.1247,4.1385,183.95,28.37,2900.56,Medium,37.1,Revise
F0941,Tamil Nadu,Small,Breeder,Wholesale,4605,15292.9,207,91,204.79,921814.98,641192.47,302763.64,0.045,3.3209,200.18,65.75,3327.07,Low,74.4,Approve
F0942,Punjab,Medium,Layer,Wholesale,13200,37863.4,2822,116,239.27,2820630.96,1765208.13,1132476.13,0.2138,2.8684,213.68,85.79,9762.73,High,65.1,Reject
F0943,Bihar,Medium,Broiler,Retail,7764,29504.7,1266,107,181.98,1297678.88,1184991.93,132289.07,0.1631,3.8002,167.14,17.04,1236.35,Medium,35.8,Revise
F0944,Bihar,Large,Broiler,Wholesale,15582,54164.0,1345,96,252.25,3760839.55,2236640.8,1460310.15,0.0863,3.4761,241.36,93.72,15211.56,Low,72.4,Approve
F0945,Tamil Nadu,Small,Broiler,Wholesale,3665,16329.3,391,120,185.66,644117.97,620681.27,-10640.07,0.1067,4.4555,175.75,-2.9,-88.67,High,25.3,Reject
F0946,Uttar Pradesh,Small,Layer,Wholesale,6375,23747.8,1164,62,210.12,1217122.19,911468.27,192647.09,0.1826,3.7251,190.92,30.22,3107.21,High,37.9,Reject
F0947,Punjab,Small,Layer,Retail,5667,18519.2,361,144,186.49,1023086.49,835847.6,170389.93,0.0637,3.2679,180.53,30.07,1183.26,Low,64.0,Approve
F0948,Uttarakhand,Large,Broiler,Wholesale,14313,57338.5,156,48,241.52,3437975.71,2099234.6,1413792.87,0.0109,4.006,240.2,98.78,29454.02,Low,73.3,Approve
F0949,Tamil Nadu,Large,Broiler,Retail,17601,57406.3,1997,153,191.31,3176136.59,2621735.8,592287.51,0.1135,3.2615,180.45,33.65,3871.16,Low,58.0,Approve
F0950,Telangana,Medium,Breeder,Wholesale,7726,33509.3,926,172,250.78,1821310.22,1359748.51,519471.31,0.1199,4.3372,235.74,67.24,3020.18,Low,43.4,Approve
F0951,Maharashtra,Medium,Layer,Wholesale,7162,24616.0,347,149,222.42,1554269.2,1089365.42,455108.49,0.0485,3.437,217.02,63.54,3054.42,Low,71.0,Approve
F0952,Telangana,Medium,Breeder,Retail,12140,45340.2,993,126,255.88,2979220.26,1876420.4,1508271.75,0.0818,3.7348,245.41,124.24,11970.41,Low,69.3,Approve
F0953,Arunachal Pradesh,Small,Broiler,Retail,3694,10660.8,333,53,203.23,716878.88,454043.29,335500.48,0.0901,2.886,194.07,90.82,6330.2,Low,83.3,Approve
F0954,Gujarat,Large,Layer,Retail,20499,72246.8,254,56,216.35,4407365.52,2818458.53,1254477.15,0.0124,3.5244,215.0,61.2,22401.38,Low,73.6,Approve
F0955,Sikkim,Medium,Layer,Wholesale,8502,35836.1,1643,104,235.54,1808989.31,1370686.73,497683.45,0.1932,4.215,212.77,58.54,4785.42,High,33.5,Reject
F0956,Karnataka,Small,Broiler,Retail,6173,25739.0,505,52,246.55,1459615.57,931973.96,598343.6,0.0818,4.1696,236.45,96.93,11506.61,Low,59.6,Approve
F0957,Arunachal Pradesh,Medium,Breeder,Wholesale,9220,29332.0,1853,70,213.71,1772331.02,1221041.78,363199.0,0.201,3.1813,192.23,39.39,5188.56,High,48.9,Reject
F0958,Telangana,Small,Broiler,Retail,6488,20660.0,1175,85,251.39,1483308.64,876960.89,618724.79,0.1811,3.1843,228.62,95.36,7279.12,High,65.6,Reject
F0959,Maharashtra,Small,Layer,Retail,4239,17758.9,405,127,189.44,764626.36,698353.0,86035.71,0.0955,4.1894,180.38,20.3,677.45,Low,38.1,Approve
F0960,Punjab,Medium,Breeder,Wholesale,10908,47795.3,443,175,236.69,2529389.06,1936256.6,592421.49,0.0406,4.3817,231.88,54.31,3385.27,Low,50.3,Approve
F0961,Bihar,Small,Broiler,Retail,3398,10065.3,316,35,207.86,673421.48,412479.71,273937.92,0.093,2.9621,198.18,80.62,7826.8,Low,78.8,Approve
F0962,Karnataka,Medium,Layer,Retail,9892,35266.0,1696,69,188.11,1701213.66,1391793.87,316144.99,0.1715,3.5651,171.98,31.96,4581.81,Medium,43.2,Revise
F0963,Bihar,Small,Broiler,Wholesale,3714,12529.8,114,71,210.93,771357.28,508234.53,290219.73,0.0307,3.3737,207.69,78.14,4087.6,Low,78.4,Approve
F0964,Telangana,Small,Layer,Export,3703,15849.5,96,61,250.42,915263.18,573995.98,412124.24,0.0259,4.2802,247.17,111.29,6756.14,Low,65.9,Approve
F0965,Telangana,Small,Layer,Retail,5808,17087.1,854,39,258.44,1390650.39,706585.0,737645.88,0.147,2.942,239.44,127.01,18914.0,Medium,76.5,Revise
F0966,Gujarat,Small,Layer,Wholesale,5546,17519.3,703,98,211.42,1098229.26,759348.24,403419.14,0.1268,3.1589,198.02,72.74,4116.52,Medium,68.0,Revise
F0967,Andhra Pradesh,Medium,Layer,Export,13650,55681.0,1649,38,250.91,3218000.11,1999695.33,1048166.03,0.1208,4.0792,235.75,76.79,27583.32,Medium,50.9,Revise
F0968,Telangana,Small,Broiler,Wholesale,6536,18870.7,431,98,220.77,1395370.57,855827.04,680993.87,0.0659,2.8872,213.49,104.19,6948.92,Low,89.0,Approve
F0969,Uttar Pradesh,Medium,Broiler,Retail,9428,34292.6,1394,168,237.36,2072354.62,1507420.13,597566.48,0.1479,3.6373,219.81,63.38,3556.94,Medium,52.9,Revise
F0970,Karnataka,Medium,Broiler,Retail,9944,35316.9,405,128,183.63,1788825.19,1500453.04,253439.43,0.0407,3.5516,179.89,25.49,1980.0,Low,60.2,Approve
F0971,Odisha,Medium,Layer,Retail,12042,40563.3,408,103,224.58,2658583.05,1714995.0,998804.23,0.0339,3.3685,220.78,82.94,9697.13,Low,79.3,Approve
F0972,Sikkim,Large,Broiler,Wholesale,20406,70824.6,697,132,185.61,3722912.73,3057302.0,564233.59,0.0342,3.4708,182.44,27.65,4274.5,Low,63.3,Approve
F0973,Uttarakhand,Medium,Layer,Export,6162,22804.9,328,152,201.49,1208495.26,976318.73,240519.54,0.0532,3.7009,196.12,39.03,1582.37,Low,58.8,Approve
F0974,Sikkim,Small,Broiler,Wholesale,3603,11076.8,252,131,225.35,783455.7,507749.47,287502.08,0.0699,3.0743,217.45,79.8,2194.67,Low,79.5,Approve
F0975,Sikkim,Small,Layer,Wholesale,4970,18748.8,1688,37,244.57,1009052.76,693665.16,280765.29,0.3396,3.7724,203.03,56.49,7588.25,High,34.1,Reject
F0976,Arunachal Pradesh,Small,Broiler,Wholesale,4710,19637.1,487,48,224.87,1004340.34,707708.2,304455.13,0.1034,4.1692,213.24,64.64,6342.82,Low,48.5,Approve
F0977,West Bengal,Medium,Layer,Export,10092,41299.2,1198,31,254.9,2419661.92,1468800.53,866058.38,0.1187,4.0923,239.76,85.82,27937.37,Low,53.2,Approve
F0978,West Bengal,Small,Layer,Export,6822,20886.4,358,84,244.83,1626316.2,902476.0,666318.34,0.0525,3.0616,238.39,97.67,7932.36,Low,86.7,Approve
F0979,Telangana,Medium,Breeder,Wholesale,11638,35539.2,1437,168,192.5,2101985.8,1711350.67,284385.34,0.1235,3.0537,180.61,24.44,1692.77,Medium,58.6,Revise
F0980,Uttar Pradesh,Medium,Layer,Export,7804,25409.0,461,46,211.12,1598827.1,1013017.38,555935.17,0.0591,3.2559,204.87,71.24,12085.55,Low,75.1,Approve
F0981,Tamil Nadu,Small,Layer,Wholesale,3364,11484.1,390,90,233.48,739852.28,474674.2,244806.52,0.1159,3.4138,219.93,72.77,2720.07,Low,64.3,Approve
F0982,Arunachal Pradesh,Medium,Breeder,Export,6324,22098.4,333,160,255.07,1570538.19,982247.47,625502.89,0.0527,3.4944,248.35,98.91,3909.39,Low,78.1,Approve
F0983,Tamil Nadu,Small,Layer,Retail,6119,24203.6,664,115,259.02,1498840.71,963528.76,617471.28,0.1085,3.9555,244.95,100.91,5369.32,Low,61.0,Approve
F0984,Arunachal Pradesh,Small,Broiler,Wholesale,5558,16098.0,47,64,241.05,1334085.46,695293.69,682955.8,0.0085,2.8964,240.03,122.88,10671.18,Low,96.8,Approve
F0985,Odisha,Medium,Layer,Wholesale,12800,36594.5,716,132,225.9,2810660.57,1745452.33,1201876.33,0.0559,2.8589,219.58,93.9,9105.12,Low,89.4,Approve
F0986,Odisha,Medium,Layer,Wholesale,9726,33712.7,403,95,240.53,2290907.44,1392240.73,1000402.26,0.0414,3.4662,235.54,102.86,10530.55,Low,80.5,Approve
F0987,Punjab,Medium,Broiler,Wholesale,6230,24827.7,362,30,201.86,1221008.13,890936.07,273496.91,0.0581,3.9852,195.99,43.9,9116.56,Low,53.4,Approve
F0988,Odisha,Medium,Layer,Retail,11976,37471.0,232,164,202.69,2403864.6,1772328.93,591383.2,0.0194,3.1288,200.72,49.38,3606.0,Low,77.9,Approve
F0989,Uttar Pradesh,Small,Layer,Wholesale,6920,26922.7,251,177,232.35,1578650.94,1156048.73,563055.45,0.0363,3.8906,228.13,81.37,3181.1,Low,67.8,Approve
F0990,Karnataka,Large,Breeder,Export,16152,52360.1,783,148,249.75,3936111.12,2384499.27,1444423.92,0.0485,3.2417,243.69,89.43,9759.62,Low,81.5,Approve
F0991,West Bengal,Medium,Breeder,Retail,7760,33417.2,1111,163,257.58,1855748.28,1348045.96,679719.2,0.1432,4.3063,239.14,87.59,4170.06,Medium,45.8,Revise
F0992,Punjab,Medium,Broiler,Retail,11568,50004.7,472,84,207.31,2349163.74,1851252.2,448907.12,0.0408,4.3227,203.07,38.81,5344.13,Low,47.6,Approve
F0993,Himachal Pradesh,Small,Broiler,Wholesale,6935,22922.9,415,129,243.72,1639620.59,1010096.47,461663.5,0.0598,3.3054,236.43,66.57,3578.79,Low,72.9,Approve
F0994,Gujarat,Medium,Broiler,Export,7678,24500.4,543,50,248.12,1837699.35,991157.69,823820.3,0.0707,3.191,239.35,107.3,16476.41,Low,82.1,Approve
F0995,Himachal Pradesh,Small,Broiler,Retail,5194,18174.9,973,80,229.85,1082000.47,733418.02,394381.86,0.1873,3.4992,208.32,75.93,4929.77,High,53.4,Reject
F0996,Sikkim,Small,Layer,Export,6646,21326.4,232,129,207.81,1356928.17,953895.73,515891.66,0.0349,3.2089,204.17,77.62,3999.16,Low,81.1,Approve
F0997,Andhra Pradesh,Large,Broiler,Export,20631,81349.1,4243,37,229.53,4248428.05,2956936.33,977552.29,0.2057,3.9431,205.92,47.38,26420.33,High,34.5,Reject
F0998,Arunachal Pradesh,Small,Layer,Wholesale,4346,18271.9,541,97,226.76,924047.54,694226.16,268089.28,0.1245,4.2043,212.62,61.69,2763.81,Medium,44.1,Revise
F0999,Tamil Nadu,Large,Layer,Wholesale,16470,64961.9,1730,136,228.52,3566052.53,2650869.8,1074433.34,0.105,3.9443,216.52,65.24,7900.25,Low,53.1,Approve
F1000,Uttar Pradesh,Medium,Layer,Retail,11768,49442.0,351,173,229.54,2660847.12,2038055.38,795933.39,0.0298,4.2014,226.11,67.64,4600.77,Low,58.9,Approve
F1001,Karnataka,Small,Broiler,Export,4036,14024.6,69,96,247.76,991309.32,579222.27,279687.87,0.0171,3.4749,245.62,69.3,2913.42,Low,76.0,Approve
F1002,Tamil Nadu,Medium,Broiler,Retail,7884,24170.3,299,31,193.61,1497391.93,969396.2,652041.9,0.0379,3.0657,189.93,82.7,21033.61,Low,84.9,Approve
F1003,Karnataka,Large,Broiler,Wholesale,19695,79853.7,2040,30,209.38,3910173.86,2846571.4,1149802.63,0.1036,4.0545,198.54,58.38,38326.75,Low,49.3,Approve
F1004,Punjab,Medium,Broiler,Retail,9448,32244.2,258,30,226.88,2114183.16,1232161.73,930504.63,0.0273,3.4128,223.77,98.49,31016.82,Low,83.2,Approve
F1005,Himachal Pradesh,Large,Breeder,Wholesale,16002,63066.4,284,131,202.67,3214249.86,2560229.6,821000.32,0.0177,3.9412,200.87,51.31,6267.18,Low,61.9,Approve
F1006,Andhra Pradesh,Medium,Layer,Wholesale,11534,37601.9,1329,144,258.25,2806947.12,1699212.2,826360.27,0.1152,3.2601,243.36,71.65,5738.61,Low,67.3,Approve
F1007,Arunachal Pradesh,Medium,Broiler,Wholesale,8274,24309.8,333,164,201.05,1629983.52,1189748.67,522956.41,0.0402,2.9381,197.0,63.2,3188.76,Low,82.3,Approve
F1008,Uttar Pradesh,Large,Layer,Wholesale,16581,74405.4,1896,117,217.57,3401227.86,2810853.6,994256.01,0.1143,4.4874,205.13,59.96,8497.91,Low,39.2,Approve
F1009,Uttarakhand,Small,Broiler,Wholesale,3021,9261.0,347,121,250.19,712382.29,419777.07,243855.12,0.1149,3.0655,235.81,80.72,2015.33,Low,73.6,Approve
F1010,Uttarakhand,Medium,Layer,Export,12840,57527.3,464,47,186.41,2350103.83,2014885.93,327651.29,0.0361,4.4803,183.03,25.52,6971.3,Low,41.7,Approve
F1011,Uttarakhand,Small,Broiler,Retail,4749,21187.1,258,117,245.66,1134884.89,802345.4,334665.16,0.0543,4.4614,238.97,70.47,2860.39,Low,50.8,Approve
F1012,Gujarat,Large,Layer,Export,11046,45835.3,577,62,225.68,2427735.51,1682428.07,788576.11,0.0522,4.1495,219.78,71.39,12718.97,Low,57.8,Approve
F1013,Andhra Pradesh,Large,Broiler,Retail,20718,81235.7,2066,102,182.54,3593381.25,3198771.8,471155.58,0.0997,3.921,173.44,22.74,4619.17,Low,43.6,Approve
F1014,Odisha,Small,Broiler,Wholesale,6637,25102.9,410,57,252.23,1622295.16,951368.73,616458.52,0.0618,3.7823,244.43,92.88,10815.06,Low,69.3,Approve
F1015,Karnataka,Medium,Broiler,Retail,11906,50866.9,2789,116,183.14,1925008.39,1959899.98,-31046.34,0.2343,4.2724,161.68,-2.61,-267.64,High,11.2,Reject
F1016,Gujarat,Large,Broiler,Export,14499,47731.4,483,82,221.22,3153908.25,1986404.0,1442530.02,0.0333,3.292,217.53,99.49,17591.83,Low,85.1,Approve
F1017,West Bengal,Small,Layer,Export,5367,19294.7,628,73,183.92,929329.03,762485.13,185716.37,0.117,3.5951,173.16,34.6,2544.06,Low,50.9,Approve
F1018,Gujarat,Medium,Broiler,Retail,6250,24081.0,597,109,185.7,1105122.23,963393.11,162077.13,0.0955,3.853,176.82,25.93,1486.95,Low,46.4,Approve
F1019,Andhra Pradesh,Large,Layer,Wholesale,9828,34388.4,339,167,250.98,2423930.95,1539727.2,797603.04,0.0345,3.499,246.64,81.16,4776.07,Low,76.1,Approve
F1020,Tamil Nadu,Small,Layer,Wholesale,4999,17630.1,849,43,241.27,1103635.3,676026.78,501504.68,0.1698,3.5267,220.77,100.32,11662.9,Medium,61.3,Revise
F1021,Uttar Pradesh,Medium,Layer,Wholesale,8454,28418.0,908,132,195.76,1566034.15,1246283.2,302765.6,0.1074,3.3615,185.24,35.81,2293.68,Low,57.4,Approve
F1022,Tamil Nadu,Small,Layer,Export,5241,19701.9,394,65,229.64,1158270.5,756054.47,283485.39,0.0752,3.7592,221.0,54.09,4361.31,Low,58.2,Approve
F1023,Uttar Pradesh,Large,Broiler,Wholesale,20256,86006.5,1432,63,243.57,4759351.76,3131810.2,1727535.82,0.0707,4.246,234.96,85.29,27421.2,Low,56.7,Approve
F1024,Sikkim,Large,Broiler,Export,20205,63496.2,715,117,251.17,4984926.93,2827430.4,2333697.08,0.0354,3.1426,246.72,115.5,19946.13,Low,88.0,Approve
F1025,Punjab,Large,Breeder,Wholesale,19854,87130.0,1728,175,217.46,4129561.33,3527240.0,540624.76,0.087,4.3885,208.0,27.23,3089.28,Low,36.9,Approve
F1026,Tamil Nadu,Medium,Layer,Retail,7390,29349.0,45,45,251.8,1855028.04,1074298.0,573694.74,0.0061,3.9714,251.02,77.63,12748.77,Low,69.4,Approve
F1027,Bihar,Large,Layer,Wholesale,12927,54287.8,1019,70,220.63,2739619.51,2001550.93,585169.94,0.0788,4.1996,211.93,45.27,8359.57,Low,46.5,Approve
F1028,Uttarakhand,Large,Layer,Wholesale,9168,34339.0,1193,54,235.06,2014799.97,1301870.8,701331.71,0.1301,3.7455,219.76,76.5,12987.62,Medium,56.4,Revise
F1029,Telangana,Small,Broiler,Wholesale,6805,28071.8,529,155,258.32,1689430.6,1145345.16,511105.7,0.0777,4.1252,248.26,75.11,3297.46,Low,55.6,Approve
F1030,Arunachal Pradesh,Large,Layer,Retail,19122,54068.2,1394,37,198.88,3664277.17,2271380.67,1473816.82,0.0729,2.8275,191.63,77.07,39832.89,Low,83.5,Approve
F1031,Tamil Nadu,Small,Breeder,Wholesale,6234,26128.2,902,141,193.48,1118850.69,1042786.0,109164.57,0.1447,4.1912,179.48,17.51,774.22,Medium,30.5,Revise
F1032,Bihar,Medium,Broiler,Retail,6036,17312.7,797,123,207.36,1168971.11,814666.6,328831.33,0.132,2.8682,193.67,54.48,2673.43,Medium,68.7,Revise
F1033,Telangana,Small,Layer,Wholesale,6441,27779.1,335,113,193.15,1211708.44,1062582.73,64367.78,0.052,4.3129,188.12,9.99,569.63,Medium,39.1,Revise
F1034,Uttar Pradesh,Small,Broiler,Retail,5311,23826.9,682,175,202.73,1007500.39,954972.91,125732.96,0.1284,4.4863,189.7,23.67,718.47,Medium,28.2,Revise
F1035,Bihar,Small,Broiler,Wholesale,5841,19274.8,559,97,239.44,1331536.11,816820.4,552037.25,0.0957,3.2999,227.96,94.51,5691.11,Low,74.9,Approve
F1036,Karnataka,Medium,Layer,Retail,6224,19652.5,1336,96,218.2,1212310.29,849777.93,403229.59,0.2147,3.1575,194.78,64.79,4200.31,High,53.8,Reject
F1037,Sikkim,Small,Layer,Wholesale,6559,26899.2,636,175,210.0,1310576.35,1123790.18,211958.76,0.097,4.1011,199.81,32.32,1211.19,Low,42.7,Approve
F1038,Andhra Pradesh,Medium,Layer,Retail,12796,41332.9,527,140,209.5,2625463.03,1867602.02,901922.63,0.0412,3.2301,205.18,70.48,6442.3,Low,78.0,Approve
F1039,Uttarakhand,Small,Breeder,Wholesale,3541,15125.2,176,47,195.56,675195.32,539391.42,122938.19,0.0497,4.2714,190.68,34.72,2615.71,Low,46.4,Approve
F1040,Odisha,Small,Broiler,Retail,5694,16938.7,336,85,215.79,1192426.56,743394.07,498418.43,0.059,2.9748,209.42,87.53,5863.75,Low,85.0,Approve
F1041,Arunachal Pradesh,Medium,Layer,Export,7156,21569.1,1034,64,229.97,1526768.66,913739.58,664061.41,0.1445,3.0141,213.36,92.8,10375.96,Medium,73.6,Revise
F1042,Telangana,Medium,Broiler,Wholesale,8176,36502.2,546,163,191.13,1510512.33,1448770.71,109732.0,0.0668,4.4646,184.75,13.42,673.2,Medium,34.7,Revise
F1043,Karnataka,Small,Broiler,Wholesale,6363,25105.4,239,147,257.83,1609634.34,1036755.2,476733.56,0.0376,3.9455,252.97,74.92,3243.09,Low,64.9,Approve
F1044,Maharashtra,Medium,Broiler,Retail,6048,25641.8,339,55,215.46,1266506.04,925655.6,349660.47,0.0561,4.2397,209.41,57.81,6357.46,Low,52.0,Approve
F1045,Uttarakhand,Large,Layer,Retail,13716,45967.3,3848,90,255.84,3016798.79,1916536.6,1158645.49,0.2805,3.3514,219.95,84.47,12873.84,High,49.8,Reject
F1046,West Bengal,Medium,Broiler,Wholesale,10096,39879.4,1077,117,190.77,1823260.24,1592143.6,393294.44,0.1067,3.95,180.59,38.96,3361.49,Low,46.1,Approve
F1047,Sikkim,Small,Layer,Wholesale,5958,22701.2,378,44,241.38,1392499.42,843931.2,555520.25,0.0634,3.8102,233.72,93.24,12625.46,Low,68.6,Approve
F1048,Odisha,Small,Layer,Wholesale,4572,17489.5,478,120,229.41,994014.86,710905.0,336884.46,0.1045,3.8253,217.41,73.68,2807.37,Low,57.7,Approve
F1049,Tamil Nadu,Large,Broiler,Wholesale,9420,37306.1,674,61,245.61,2230756.08,1393888.87,671069.77,0.0715,3.9603,236.81,71.24,11001.14,Low,58.9,Approve
F1050,Arunachal Pradesh,Small,Layer,Wholesale,4767,18010.3,180,169,228.05,1066519.11,777798.47,250511.59,0.0378,3.7781,223.73,52.55,1482.32,Low,62.7,Approve
F1051,Odisha,Large,Broiler,Retail,10941,38615.2,1797,162,257.03,2581104.55,1711685.2,926087.27,0.1642,3.5294,235.91,84.64,5716.59,Medium,58.2,Revise
F1052,Punjab,Medium,Broiler,Wholesale,13944,45583.9,841,93,230.15,3112491.32,1930586.6,1248883.88,0.0603,3.2691,223.21,89.56,13428.86,Low,79.3,Approve
F1053,Sikkim,Large,Layer,Retail,15705,64494.0,3494,115,242.77,3388548.67,2525198.0,741918.37,0.2225,4.1066,215.76,47.24,6451.46,High,28.8,Reject
F1054,Sikkim,Medium,Broiler,Export,12398,39483.5,1254,74,250.21,2945114.65,1651639.58,1434215.09,0.1011,3.1847,237.55,115.68,19381.28,Low,77.9,Approve
F1055,Arunachal Pradesh,Large,Layer,Wholesale,9600,38179.2,698,64,237.17,2193972.54,1429169.07,746426.76,0.0727,3.977,228.54,77.75,11662.92,Low,60.0,Approve
F1056,Uttarakhand,Small,Layer,Retail,6198,19812.9,1129,55,221.94,1250219.36,806386.47,431905.45,0.1822,3.1967,201.71,69.68,7852.83,High,58.7,Reject
F1057,Uttarakhand,Medium,Broiler,Export,6512,25156.3,608,52,201.83,1252916.12,939238.42,308764.94,0.0934,3.8631,192.4,47.41,5937.79,Low,51.9,Approve
F1058,Maharashtra,Medium,Layer,Wholesale,13494,54921.0,537,170,248.36,3284674.43,2290780.67,1213741.25,0.0398,4.07,243.42,89.95,7139.65,Low,65.8,Approve
F1059,Himachal Pradesh,Medium,Broiler,Wholesale,7092,22494.5,1087,160,218.45,1430389.59,1051207.0,457063.96,0.1533,3.1718,201.69,64.45,2856.65,Medium,62.0,Revise
F1060,Uttarakhand,Medium,Broiler,Export,10482,30417.8,954,58,229.66,2297700.05,1301372.67,1212671.69,0.091,2.9019,219.2,115.69,20908.13,Low,85.2,Approve
F1061,Uttarakhand,Large,Broiler,Export,17250,52140.8,3507,93,186.34,2887536.88,2294797.6,672215.4,0.2033,3.0227,167.39,38.97,7228.12,High,51.7,Reject
F1062,Punjab,Large,Broiler,Wholesale,18525,70954.4,1548,142,219.79,3901379.44,2954900.13,1323139.74,0.0836,3.8302,210.6,71.42,9317.89,Low,59.9,Approve
F1063,Odisha,Medium,Broiler,Wholesale,13212,56072.5,868,163,235.85,3013612.21,2277049.4,772441.12,0.0657,4.2441,228.1,58.47,4738.9,Low,50.7,Approve
F1064,Punjab,Medium,Breeder,Wholesale,12672,36450.9,208,168,226.73,2849407.16,1813990.2,1017404.52,0.0164,2.8765,224.86,80.29,6055.98,Low,91.2,Approve
F1065,Andhra Pradesh,Medium,Broiler,Wholesale,7602,30773.3,682,147,215.88,1567454.06,1255778.2,277338.04,0.0897,4.0481,206.19,36.48,1886.65,Low,45.9,Approve
F1066,Uttarakhand,Medium,Layer,Wholesale,7882,26643.1,1570,96,197.87,1404264.64,1114767.67,277125.0,0.1992,3.3802,178.16,35.16,2886.72,High,44.0,Reject
F1067,Karnataka,Small,Broiler,Retail,6455,23325.1,476,137,204.77,1273044.87,993117.31,271832.58,0.0737,3.6135,197.22,42.11,1984.18,Low,58.5,Approve
F1068,Maharashtra,Small,Broiler,Export,6331,27723.8,668,115,236.05,1415569.72,1055907.38,311131.78,0.1055,4.3791,223.59,49.14,2705.49,Low,40.0,Approve
F1069,Bihar,Small,Broiler,Wholesale,3413,11482.5,384,58,197.94,637528.77,458456.82,160244.46,0.1125,3.3643,186.79,46.95,2762.84,Low,59.4,Approve
F1070,Punjab,Small,Layer,Retail,5014,18005.6,530,89,229.74,1090985.46,726155.82,397970.87,0.1057,3.5911,217.59,79.37,4471.58,Low,63.8,Approve
F1071,Gujarat,Small,Broiler,Wholesale,4381,12368.7,335,83,227.18,957193.74,555805.49,378027.55,0.0765,2.8233,218.49,86.29,4554.55,Low,85.4,Approve
F1072,Bihar,Small,Broiler,Wholesale,4098,12042.9,496,122,257.63,991867.45,558724.87,348814.88,0.121,2.9387,242.04,85.12,2859.14,Medium,76.5,Revise
F1073,Tamil Nadu,Small,Broiler,Retail,6426,20817.7,389,98,184.86,1151925.4,891244.6,159815.52,0.0605,3.2396,179.26,24.87,1630.77,Low,63.7,Approve
F1074,Telangana,Small,Layer,Wholesale,6655,18949.1,550,146,188.65,1203576.36,922364.42,154994.48,0.0826,2.8473,180.85,23.29,1061.61,Low,68.3,Approve
F1075,Karnataka,Large,Broiler,Wholesale,20526,79504.1,896,38,220.49,4426889.25,2914054.73,1199080.02,0.0437,3.8733,215.67,58.42,31554.74,Low,61.4,Approve
F1076,Uttar Pradesh,Medium,Layer,Export,7818,27557.5,1755,155,222.17,1541900.95,1212594.33,236797.58,0.2245,3.5249,197.22,30.29,1527.73,High,36.2,Reject
F1077,Himachal Pradesh,Small,Broiler,Wholesale,3187,11893.4,198,106,183.19,565622.93,481062.04,57014.41,0.0621,3.7318,177.48,17.89,537.87,Low,51.6,Approve
F1078,Telangana,Medium,Layer,Retail,13512,41845.3,2051,39,246.07,3072472.13,1689879.8,1426533.66,0.1518,3.0969,227.39,105.58,36577.79,Medium,72.6,Revise
F1079,Andhra Pradesh,Small,Broiler,Wholesale,5015,16565.0,440,131,219.58,1052833.37,731973.78,253899.53,0.0877,3.3031,209.94,50.63,1938.16,Low,65.0,Approve
F1080,Uttar Pradesh,Large,Broiler,Wholesale,12939,50830.9,2157,87,207.73,2463721.03,1965353.0,385107.82,0.1667,3.9285,190.41,29.76,4426.53,Medium,35.9,Revise
F1081,Karnataka,Medium,Broiler,Retail,10184,45227.3,437,142,205.51,2047927.68,1761290.02,99065.95,0.0429,4.441,201.09,9.73,697.65,Medium,37.6,Revise
F1082,Punjab,Small,Breeder,Retail,6644,19172.6,703,135,248.91,1566248.67,913453.2,601077.71,0.1058,2.8857,235.74,90.47,4452.43,Low,81.0,Approve
F1083,Gujarat,Medium,Broiler,Wholesale,10260,44258.1,1495,64,195.74,1861926.81,1603414.2,325904.02,0.1457,4.3137,181.47,31.76,5092.25,Medium,31.4,Revise
F1084,Andhra Pradesh,Large,Breeder,Retail,12438,47024.3,937,132,192.83,2308061.37,1948313.0,357051.16,0.0753,3.7807,185.57,28.71,2704.93,Low,51.4,Approve
F1085,Uttar Pradesh,Large,Broiler,Export,10071,37853.5,1510,132,197.05,1835732.93,1572659.8,270598.55,0.1499,3.7587,182.28,26.87,2049.99,Medium,41.0,Revise
F1086,Karnataka,Medium,Broiler,Retail,9102,33226.6,638,126,230.0,2020105.72,1389970.0,629938.35,0.0701,3.6505,221.94,69.21,4999.51,Low,65.0,Approve
F1087,Uttar Pradesh,Medium,Broiler,Wholesale,8178,23863.2,853,165,244.87,1898075.75,1173778.4,602363.12,0.1043,2.918,232.1,73.66,3650.69,Low,76.4,Approve
F1088,Telangana,Small,Broiler,Retail,5983,17666.5,556,171,206.48,1177918.9,869696.2,284148.64,0.0929,2.9528,196.88,47.49,1661.69,Low,70.7,Approve
F1089,Uttarakhand,Large,Breeder,Retail,14040,53654.6,827,165,193.88,2641793.36,2294241.2,376740.72,0.0589,3.8216,188.16,26.83,2283.28,Low,52.4,Approve
F1090,Himachal Pradesh,Small,Layer,Retail,5422,18324.4,418,135,196.74,1025581.78,804364.8,270934.98,0.0771,3.3796,189.15,49.97,2006.93,Low,64.8,Approve
F1091,Odisha,Large,Layer,Wholesale,9483,41339.8,516,100,229.53,2117386.73,1552212.27,603669.05,0.0544,4.3594,223.28,63.66,6036.69,Low,51.2,Approve
F1092,Karnataka,Medium,Layer,Wholesale,13634,47599.1,413,106,199.68,2681174.79,1985805.36,813422.83,0.0303,3.4912,196.65,59.66,7673.8,Low,71.4,Approve
F1093,Gujarat,Medium,Broiler,Retail,12902,39268.2,840,83,250.18,3122667.17,1699376.58,1253692.84,0.0651,3.0436,242.03,97.17,15104.73,Low,85.2,Approve
F1094,Andhra Pradesh,Medium,Breeder,Wholesale,13454,54018.1,1795,50,188.31,2364518.53,1980689.31,206095.46,0.1334,4.015,175.75,15.32,4121.91,Medium,35.1,Revise
F1095,Maharashtra,Small,Broiler,Retail,6429,21207.3,589,140,182.59,1120046.41,948021.27,73885.51,0.0916,3.2987,174.22,11.49,527.75,Medium,54.8,Revise
F1096,Uttar Pradesh,Small,Layer,Export,6259,23116.4,445,104,187.07,1129217.7,937232.76,238117.25,0.0711,3.6933,180.42,38.04,2289.59,Low,56.2,Approve
F1097,Uttarakhand,Small,Broiler,Export,5369,21402.5,482,43,247.65,1269907.82,780348.02,398145.6,0.0898,3.9863,236.53,74.16,9259.2,Low,56.5,Approve
F1098,Odisha,Small,Breeder,Wholesale,3449,14935.7,766,31,232.1,711603.17,520043.22,229335.58,0.2221,4.3304,206.32,66.49,7397.92,High,29.0,Reject
F1099,Maharashtra,Medium,Layer,Wholesale,8994,37295.6,1964,137,256.62,2056016.83,1489257.07,520912.12,0.2184,4.1467,228.6,57.92,3802.28,High,31.2,Reject
F1100,Gujarat,Small,Breeder,Retail,4036,15941.4,358,174,206.9,797925.59,677357.73,187145.16,0.0887,3.9498,197.7,46.37,1075.55,Low,50.5,Approve
F1101,Uttarakhand,Small,Broiler,Retail,5231,20690.6,117,107,197.01,1018962.09,816248.44,179857.37,0.0224,3.9554,194.79,34.38,1680.91,Low,56.7,Approve
F1102,West Bengal,Large,Broiler,Export,15474,68210.5,4545,77,224.96,2969763.68,2486152.87,425136.63,0.2937,4.4081,191.92,27.47,5521.25,High,13.8,Reject
F1103,Uttarakhand,Large,Broiler,Retail,14850,49048.1,5977,120,223.03,2645383.33,2138358.2,515883.17,0.4025,3.3029,178.14,34.74,4299.03,High,38.3,Reject
F1104,Arunachal Pradesh,Large,Layer,Wholesale,16665,46693.5,2403,165,227.28,3514557.36,2349347.0,1092350.43,0.1442,2.8019,210.89,65.55,6620.31,Medium,71.2,Revise
F1105,Sikkim,Large,Layer,Retail,12939,42211.2,1189,46,207.8,2565156.0,1681408.67,937367.69,0.0919,3.2623,198.25,72.45,20377.56,Low,70.7,Approve
F1106,Uttarakhand,Small,Broiler,Retail,5342,16936.4,1025,41,180.47,871503.68,678638.04,147341.77,0.1919,3.1704,163.14,27.58,3593.7,High,47.4,Reject
F1107,Odisha,Small,Broiler,Retail,6522,25599.6,1077,175,182.8,1093792.41,1092197.87,11785.1,0.1651,3.9251,167.71,1.81,67.34,High,29.2,Reject
F1108,Himachal Pradesh,Medium,Broiler,Retail,11902,46147.7,1515,55,233.11,2597761.71,1726724.51,773511.36,0.1273,3.8773,218.26,64.99,14063.84,Medium,51.2,Revise
F1109,Sikkim,Medium,Layer,Wholesale,8476,32284.1,846,66,221.86,1786619.19,1233501.93,534755.93,0.0998,3.8089,210.79,63.09,8102.36,Low,56.0,Approve
F1110,Gujarat,Small,Broiler,Wholesale,3973,11234.1,154,99,245.68,957079.67,515725.0,375547.47,0.0388,2.8276,240.9,94.52,3793.41,Low,92.6,Approve
F1111,West Bengal,Large,Layer,Wholesale,10893,43996.0,1889,108,204.03,2029790.95,1721707.6,396612.28,0.1734,4.0389,186.34,36.41,3672.34,Medium,34.3,Revise
F1112,Karnataka,Small,Broiler,Wholesale,6965,23332.8,1297,119,245.24,1549004.53,1008920.04,512524.89,0.1862,3.35,222.4,73.59,4306.93,High,56.0,Reject
F1113,Bihar,Small,Broiler,Wholesale,4590,18041.4,390,70,214.04,940637.33,683530.8,300191.26,0.085,3.9306,204.93,65.4,4288.45,Low,56.2,Approve
F1114,Punjab,Medium,Breeder,Retail,8100,30344.1,258,171,187.74,1496377.21,1318810.2,122428.56,0.0319,3.7462,184.74,15.11,715.96,Medium,54.8,Revise
F1115,Gujarat,Medium,Broiler,Wholesale,13402,45334.2,599,158,258.23,3383422.03,2043899.69,1337989.59,0.0447,3.3826,252.46,99.84,8468.29,Low,81.7,Approve
F1116,Uttarakhand,Medium,Broiler,Export,11560,35012.7,640,46,220.95,2483518.42,1442814.51,1155683.26,0.0554,3.0288,214.84,99.97,25123.55,Low,87.5,Approve
F1117,Odisha,Small,Broiler,Wholesale,6302,18657.1,768,82,230.36,1363254.68,817425.36,465704.93,0.1219,2.9605,216.32,73.9,5679.33,Medium,73.1,Revise
F1118,Uttar Pradesh,Large,Broiler,Wholesale,13764,57995.7,1307,147,233.66,3063418.74,2323804.6,604467.35,0.095,4.2136,222.57,43.92,4112.02,Low,43.6,Approve
F1119,Telangana,Small,Layer,Wholesale,6878,29996.9,1214,138,208.99,1310563.11,1172572.07,191106.21,0.1765,4.3613,190.54,27.79,1384.83,Medium,25.1,Revise
F1120,West Bengal,Small,Broiler,Wholesale,5368,20960.1,165,165,239.8,1267462.59,886983.53,465870.14,0.0307,3.9046,236.11,86.79,2823.46,Low,69.7,Approve
F1121,Punjab,Large,Layer,Export,17880,53208.0,2301,106,249.62,4175923.99,2401514.67,1777794.01,0.1287,2.9758,233.55,99.43,16771.64,Medium,78.2,Revise
F1122,Gujarat,Large,Broiler,Wholesale,18912,65878.9,1780,109,210.97,3802177.99,2761408.33,856445.86,0.0941,3.4834,201.05,45.29,7857.3,Low,59.1,Approve
F1123,Arunachal Pradesh,Large,Layer,Wholesale,14079,56867.8,2290,74,232.56,3007838.7,2140258.67,819765.78,0.1627,4.0392,213.64,58.23,11077.92,Medium,41.3,Revise
F1124,Maharashtra,Large,Layer,Export,10308,42527.7,564,47,240.57,2411949.48,1537138.47,1112350.03,0.0547,4.1257,233.99,107.91,23667.02,Low,65.0,Approve
F1125,Telangana,Medium,Breeder,Wholesale,11656,34979.3,937,128,195.21,2183889.73,1617583.36,420689.52,0.0804,3.001,187.36,36.09,3286.64,Low,68.6,Approve
F1126,West Bengal,Medium,Breeder,Wholesale,9112,25514.1,518,176,206.61,1829091.2,1302014.56,575363.37,0.0568,2.8001,200.73,63.14,3269.11,Low,82.8,Approve
F1127,Punjab,Small,Broiler,Wholesale,6474,25964.8,1414,97,188.7,1088231.66,1006566.13,88495.35,0.2184,4.0106,168.09,13.67,912.32,High,22.9,Reject
F1128,Himachal Pradesh,Medium,Broiler,Wholesale,8152,27767.5,144,112,228.18,1843664.58,1180800.38,556264.98,0.0177,3.4062,226.16,68.24,4966.65,Low,77.1,Approve
F1129,Karnataka,Small,Layer,Wholesale,6858,22169.3,216,79,244.08,1647435.0,926941.4,694646.94,0.0315,3.2326,240.22,101.29,8793.0,Low,86.7,Approve
F1130,Uttar Pradesh,Small,Broiler,Wholesale,6384,18015.2,291,54,228.87,1427686.64,776820.8,522048.23,0.0456,2.8219,223.64,81.77,9667.56,Low,88.6,Approve
F1131,Arunachal Pradesh,Medium,Broiler,Retail,8608,32008.9,384,150,194.38,1635912.26,1364142.47,295344.97,0.0446,3.7185,190.05,34.31,1968.97,Low,58.4,Approve
F1132,Punjab,Medium,Broiler,Export,11546,49035.4,590,97,223.71,2516850.41,1855183.16,716159.47,0.0511,4.247,217.98,62.03,7383.09,Low,53.6,Approve
F1133,Uttarakhand,Small,Broiler,Wholesale,5078,22485.3,393,85,246.79,1204710.55,825310.82,297107.92,0.0774,4.428,237.24,58.51,3495.39,Low,45.3,Approve
F1134,Punjab,Small,Broiler,Wholesale,5384,20253.4,711,68,204.22,1026909.21,779861.38,275628.27,0.1321,3.7618,190.73,51.19,4053.36,Medium,49.5,Revise
F1135,Odisha,Medium,Broiler,Wholesale,6364,23385.1,169,92,246.61,1548560.44,936758.96,560301.45,0.0266,3.6746,243.33,88.04,6090.23,Low,75.3,Approve
F1136,Odisha,Small,Broiler,Retail,6094,17944.4,425,157,242.77,1427805.23,869567.11,504288.27,0.0697,2.9446,234.3,82.75,3212.03,Low,83.0,Approve
F1137,Odisha,Large,Layer,Wholesale,16773,62615.0,1627,164,181.74,2900453.03,2705206.13,53799.34,0.097,3.7331,172.92,3.21,328.04,High,43.0,Reject
F1138,Gujarat,Medium,Broiler,Retail,8938,30800.0,1087,151,199.16,1671764.04,1364435.64,362632.51,0.1216,3.446,187.04,40.57,2401.54,Medium,54.8,Revise
F1139,Uttar Pradesh,Medium,Breeder,Retail,12290,47096.9,207,88,223.44,2722793.03,1842902.02,652014.96,0.0168,3.8321,221.55,53.05,7409.26,Low,64.7,Approve
F1140,Uttar Pradesh,Medium,Broiler,Wholesale,12162,42090.7,1747,77,237.41,2679896.26,1700579.67,766352.04,0.1436,3.4608,220.35,63.01,9952.62,Medium,57.0,Revise
F1141,Maharashtra,Large,Layer,Retail,19665,63095.3,1880,162,250.44,4689488.94,2937698.6,1612943.96,0.0956,3.2085,238.47,82.02,9956.44,Low,73.7,Approve
F1142,Gujarat,Small,Broiler,Wholesale,4479,13264.3,285,65,231.28,1002912.28,567521.93,407430.05,0.0636,2.9614,223.91,90.96,6268.15,Low,85.5,Approve
F1143,West Bengal,Medium,Broiler,Wholesale,9178,30611.9,586,117,210.43,1869600.28,1323264.2,604911.94,0.0638,3.3354,203.7,65.91,5170.19,Low,71.5,Approve
F1144,Uttar Pradesh,Medium,Broiler,Wholesale,9174,27194.5,353,54,194.77,1752353.68,1145049.4,599318.87,0.0385,2.9643,191.01,65.33,11098.5,Low,82.6,Approve
F1145,Odisha,Small,Broiler,Wholesale,3659,11345.6,77,48,240.8,871775.37,463776.67,404100.71,0.021,3.1007,238.26,110.44,8418.76,Low,90.9,Approve
F1146,West Bengal,Large,Layer,Retail,9477,42442.5,1221,164,196.54,1742638.42,1683892.2,-82391.11,0.1288,4.4785,183.88,-8.69,-502.38,High,20.2,Reject
F1147,Odisha,Medium,Layer,Retail,13906,49435.5,405,95,235.63,3228933.96,2017737.89,1174004.25,0.0291,3.555,232.2,84.42,12357.94,Low,76.5,Approve
F1148,Bihar,Medium,Broiler,Wholesale,12170,45079.9,635,109,194.5,2305198.26,1836085.36,191582.75,0.0522,3.7042,189.42,15.74,1757.64,Medium,53.0,Revise
F1149,Andhra Pradesh,Large,Broiler,Export,18747,80333.7,2561,154,187.28,3271117.23,3217942.6,92012.22,0.1366,4.2851,174.49,4.91,597.48,High,26.5,Reject
F1150,Karnataka,Large,Broiler,Wholesale,16377,73573.1,100,175,200.09,3266784.24,2946964.87,430447.67,0.0061,4.4925,199.47,26.28,2459.7,Low,45.9,Approve
F1151,Punjab,Medium,Broiler,Wholesale,13898,52682.0,715,132,202.79,2745857.43,2180043.73,458789.75,0.0514,3.7906,197.57,33.01,3475.68,Low,55.7,Approve
F1152,Karnataka,Large,Broiler,Wholesale,12033,50312.4,848,158,231.78,2690693.6,2046516.4,694673.2,0.0705,4.1812,223.61,57.73,4396.67,Low,51.1,Approve
F1153,Maharashtra,Medium,Breeder,Retail,6104,20483.8,377,160,192.87,1140900.55,929468.49,186386.69,0.0618,3.3558,186.91,30.54,1164.92,Low,62.5,Approve
F1154,Uttar Pradesh,Medium,Broiler,Export,10910,36218.6,468,156,254.42,2716215.92,1644879.87,1238670.61,0.0429,3.3198,248.97,113.54,7940.2,Low,83.3,Approve
F1155,Sikkim,Medium,Layer,Retail,11788,41076.4,854,50,224.35,2548757.13,1597863.02,979951.69,0.0724,3.4846,216.22,83.13,19599.03,Low,71.6,Approve
F1156,Maharashtra,Medium,Layer,Export,8090,31901.0,923,155,219.27,1672731.29,1329246.44,256616.59,0.1141,3.9433,206.77,31.72,1655.59,Low,43.4,Approve
F1157,Andhra Pradesh,Small,Layer,Wholesale,4053,16048.8,731,153,214.78,791936.03,665965.2,172337.59,0.1804,3.9597,195.4,42.52,1126.39,High,36.5,Reject
F1158,Odisha,Large,Broiler,Wholesale,17250,57544.4,1069,40,225.33,3766368.75,2251143.47,1670967.87,0.062,3.3359,218.34,96.87,41774.2,Low,79.5,Approve
F1159,Punjab,Large,Layer,Retail,15921,48184.2,1144,51,181.8,2790298.98,2000452.8,732346.0,0.0719,3.0265,175.26,46.0,14359.73,Low,71.8,Approve
F1160,Telangana,Small,Layer,Retail,4228,16383.8,149,140,259.21,1076495.42,677073.82,426092.44,0.0352,3.8751,254.61,100.78,3043.52,Low,72.9,Approve
F1161,Arunachal Pradesh,Large,Broiler,Wholesale,18390,55503.9,1143,154,224.6,4002015.84,2644063.13,1453906.54,0.0622,3.0182,217.62,79.06,9440.95,Low,81.6,Approve
F1162,Andhra Pradesh,Small,Broiler,Export,4494,17002.8,746,86,182.82,753382.15,667469.87,69880.12,0.166,3.7834,167.64,15.55,812.56,Medium,35.4,Revise
F1163,Andhra Pradesh,Small,Breeder,Wholesale,5823,23168.7,677,118,227.2,1245995.1,923015.0,327069.91,0.1163,3.9788,213.98,56.17,2771.78,Low,48.5,Approve
F1164,Sikkim,Medium,Layer,Wholesale,8978,35831.6,750,160,214.97,1849275.4,1492569.42,379315.46,0.0835,3.991,205.98,42.25,2370.72,Low,49.4,Approve
F1165,Sikkim,Small,Broiler,Retail,4035,16466.4,495,157,181.92,688974.35,676632.13,-10932.51,0.1227,4.0809,170.75,-2.71,-69.63,High,30.8,Reject
F1166,Arunachal Pradesh,Large,Broiler,Retail,20106,86131.3,1296,74,253.95,4941361.63,3164694.2,2109355.59,0.0645,4.2839,245.77,104.91,28504.81,Low,60.4,Approve
F1167,Gujarat,Large,Broiler,Wholesale,14850,54201.5,117,65,180.85,2674904.77,2106533.0,303928.89,0.0079,3.6499,180.13,20.47,4675.83,Low,61.5,Approve
F1168,Andhra Pradesh,Medium,Broiler,Wholesale,12722,51415.0,613,116,226.23,2808699.48,2029585.91,874179.77,0.0482,4.0414,220.77,68.71,7536.03,Low,59.9,Approve
F1169,Uttar Pradesh,Small,Broiler,Wholesale,3849,14828.6,470,147,256.94,928534.29,619266.4,252703.23,0.1221,3.8526,241.24,65.65,1719.07,Medium,52.6,Revise
F1170,Sikkim,Small,Broiler,Retail,6831,21294.2,322,101,199.01,1327348.98,932676.8,378509.6,0.0471,3.1173,194.31,55.41,3747.62,Low,75.7,Approve
F1171,Andhra Pradesh,Medium,Layer,Retail,6706,19069.7,980,97,200.33,1245220.76,870474.64,275240.18,0.1461,2.8437,185.69,41.04,2837.53,Medium,63.9,Revise
F1172,Telangana,Large,Layer,Retail,20130,66101.3,1681,132,180.03,3472731.05,2933112.6,310587.58,0.0835,3.2837,172.52,15.43,2352.94,Medium,57.2,Revise
F1173,Punjab,Medium,Layer,Wholesale,8196,29121.7,890,58,185.31,1436249.51,1134987.27,295008.75,0.1086,3.5532,175.24,35.99,5086.36,Low,53.3,Approve
F1174,Maharashtra,Small,Broiler,Export,5920,22786.6,820,134,183.59,1011533.7,938332.76,76879.87,0.1385,3.8491,170.87,12.99,573.73,Medium,37.3,Revise
F1175,Gujarat,Medium,Layer,Retail,9478,40233.5,714,102,245.81,2242023.69,1530904.73,829923.8,0.0753,4.2449,236.55,87.56,8136.51,Low,56.6,Approve
F1176,Uttarakhand,Medium,Broiler,Wholesale,13264,41564.3,3497,148,246.94,2843617.16,1926605.18,860271.14,0.2636,3.1336,214.39,64.86,5812.64,High,49.3,Reject
F1177,Uttarakhand,Medium,Broiler,Wholesale,13324,40151.0,908,114,238.14,3064724.99,1819555.07,1339625.59,0.0681,3.0134,230.02,100.54,11751.1,Low,86.1,Approve
F1178,Arunachal Pradesh,Small,Breeder,Wholesale,4464,19810.9,798,118,208.22,846395.93,752684.6,93277.07,0.1788,4.4379,189.6,20.9,790.48,Medium,21.5,Revise
F1179,Punjab,Medium,Broiler,Wholesale,7980,23809.7,900,118,245.7,1850089.91,1090216.07,813334.8,0.1128,2.9837,231.84,101.92,6892.67,Low,80.4,Approve
F1180,Punjab,Medium,Broiler,Export,8528,30815.4,471,105,223.18,1850663.79,1263528.13,486094.85,0.0552,3.6134,217.01,57.0,4629.47,Low,64.8,Approve
F1181,Uttarakhand,Large,Broiler,Retail,18195,69058.4,1812,168,204.34,3532914.24,2972458.8,576142.95,0.0996,3.7955,194.17,31.66,3429.42,Low,48.5,Approve
F1182,Sikkim,Small,Broiler,Export,4884,18170.1,546,145,214.98,991212.26,769840.87,239868.35,0.1118,3.7203,202.95,49.11,1654.26,Low,52.7,Approve
F1183,Uttar Pradesh,Medium,Layer,Wholesale,12450,36680.9,489,168,185.26,2261153.05,1801319.8,403685.41,0.0393,2.9463,181.62,32.42,2402.89,Low,74.6,Approve
F1184,Arunachal Pradesh,Large,Breeder,Retail,14427,41794.2,1909,82,255.59,3443436.38,1851136.0,1657886.95,0.1323,2.8969,238.68,114.92,20218.13,Medium,79.5,Revise
F1185,Uttarakhand,Small,Layer,Wholesale,6167,18373.5,860,171,229.53,1316770.4,900043.8,448062.55,0.1395,2.9793,213.52,72.65,2620.25,Medium,69.9,Revise
F1186,Punjab,Large,Layer,Wholesale,20391,77394.0,3779,93,238.5,4412576.71,3059349.2,1238979.24,0.1853,3.7955,216.4,60.76,13322.36,High,43.8,Reject
F1187,Gujarat,Medium,Layer,Retail,10682,39794.6,1067,167,234.13,2375970.81,1726717.91,741372.53,0.0999,3.7254,222.43,69.4,4439.36,Low,59.3,Approve
F1188,Andhra Pradesh,Small,Layer,Wholesale,5256,16805.3,300,60,233.42,1191735.31,688580.6,365930.44,0.0571,3.1974,226.74,69.62,6098.84,Low,76.2,Approve
F1189,Telangana,Small,Broiler,Retail,6414,24913.4,612,65,181.38,1107850.0,942912.13,58840.85,0.0954,3.8842,172.72,9.17,905.24,Medium,41.6,Revise
F1190,Gujarat,Medium,Breeder,Retail,8222,34484.0,663,39,222.03,1751914.05,1226753.87,434567.03,0.0806,4.1941,213.08,52.85,11142.74,Low,48.2,Approve
F1191,Andhra Pradesh,Small,Broiler,Retail,3817,10957.4,265,55,245.74,905395.52,469234.58,448897.59,0.0694,2.8707,237.2,117.6,8161.77,Low,88.8,Approve
F1192,Gujarat,Medium,Breeder,Wholesale,9598,35002.2,612,49,183.56,1705592.18,1333557.64,307650.93,0.0638,3.6468,177.7,32.05,6278.59,Low,56.6,Approve
F1193,Uttar Pradesh,Small,Broiler,Retail,4960,19700.3,379,154,256.49,1223527.05,817200.38,324488.03,0.0764,3.9718,246.68,65.42,2107.07,Low,56.5,Approve
F1194,Maharashtra,Medium,Layer,Export,10874,35111.4,1969,73,213.93,2115634.08,1457271.16,648992.83,0.1811,3.2289,194.56,59.68,8890.31,High,55.7,Reject
F1195,Arunachal Pradesh,Small,Layer,Export,5372,17852.3,92,91,203.19,1082133.16,748257.62,339306.27,0.0171,3.3232,201.44,63.16,3728.64,Low,77.6,Approve
F1196,Uttarakhand,Large,Breeder,Retail,17961,69027.4,1120,108,222.55,3872503.22,2761504.0,987743.83,0.0624,3.8432,215.61,54.99,9145.78,Low,58.5,Approve
F1197,Odisha,Large,Layer,Retail,11664,50464.2,2987,38,244.1,2482499.18,1772209.2,563267.23,0.2561,4.3265,212.83,48.29,14822.82,High,20.6,Reject
F1198,Maharashtra,Large,Broiler,Wholesale,14565,60836.1,480,100,217.98,3122469.4,2325577.53,798000.09,0.033,4.1769,214.38,54.79,7980.0,Low,55.7,Approve
F1199,Punjab,Medium,Broiler,Retail,8360,31695.4,2255,119,231.61,1675089.05,1292159.24,449509.48,0.2697,3.7913,200.37,53.77,3777.39,High,33.0,Reject
F1200,Gujarat,Small,Broiler,Retail,3667,14819.7,440,53,219.99,758276.51,543934.69,168305.03,0.12,4.0414,206.78,45.9,3175.57,Low,44.1,Approve
F1201,Gujarat,Medium,Broiler,Retail,13444,45981.1,691,169,230.5,3019177.53,2087701.71,1170135.71,0.0514,3.4202,224.57,87.04,6923.88,Low,76.8,Approve
F1202,Arunachal Pradesh,Small,Broiler,Retail,3632,14127.2,440,89,191.04,651780.54,549864.71,83450.06,0.1211,3.8896,179.45,22.98,937.64,Medium,41.4,Revise
F1203,Maharashtra,Small,Broiler,Wholesale,5624,20204.3,339,113,183.09,998652.48,838674.51,128186.15,0.0603,3.5925,177.57,22.79,1134.39,Low,55.9,Approve
F1204,Himachal Pradesh,Small,Broiler,Wholesale,4642,14496.5,217,149,190.95,865624.1,673984.42,197451.6,0.0467,3.1229,186.48,42.54,1325.18,Low,72.4,Approve
F1205,Andhra Pradesh,Medium,Breeder,Retail,13460,53745.2,1659,107,202.87,2562242.09,2111433.51,464041.53,0.1233,3.993,190.36,34.48,4336.84,Medium,41.8,Revise
F1206,Punjab,Medium,Breeder,Wholesale,6272,23494.8,96,45,200.27,1246428.32,880661.6,226544.01,0.0153,3.746,198.73,36.12,5034.31,Low,62.4,Approve
F1207,Telangana,Medium,Broiler,Wholesale,9892,33728.3,229,58,229.21,2241045.51,1338620.11,890304.93,0.0232,3.4097,226.55,90.0,15350.08,Low,81.7,Approve
F1208,Odisha,Medium,Broiler,Wholesale,9394,40857.1,1186,148,216.47,1905149.02,1615722.78,344484.93,0.1263,4.3493,202.8,36.67,2327.6,Medium,34.6,Revise
F1209,Karnataka,Small,Broiler,Wholesale,3427,9717.6,168,64,183.1,612045.66,424128.84,219373.65,0.049,2.8356,178.6,64.01,3427.71,Low,83.4,Approve
F1210,West Bengal,Large,Broiler,Retail,13425,44796.7,2295,72,182.79,2244187.31,1828617.4,402580.24,0.1709,3.3368,167.16,29.99,5591.39,Medium,47.5,Revise
F1211,Uttarakhand,Medium,Broiler,Retail,11318,32784.8,916,125,187.25,2033445.15,1538676.71,458563.93,0.0809,2.8967,179.66,40.52,3668.51,Low,71.8,Approve
F1212,Andhra Pradesh,Medium,Broiler,Wholesale,13842,56795.1,798,148,208.25,2799361.73,2305790.6,595003.35,0.0577,4.1031,202.24,42.99,4020.29,Low,50.8,Approve
F1213,Andhra Pradesh,Small,Broiler,Wholesale,5958,23793.8,886,82,180.49,995342.24,908218.0,176295.48,0.1487,3.9936,167.06,29.59,2149.94,Medium,37.0,Revise
F1214,Bihar,Medium,Broiler,Wholesale,7636,25682.1,757,49,219.52,1593149.91,1013324.24,587276.88,0.0991,3.3633,208.64,76.91,11985.24,Low,68.8,Approve
F1215,Bihar,Medium,Broiler,Wholesale,10376,40971.0,3933,144,208.85,1756251.74,1685787.6,54446.3,0.379,3.9486,169.26,5.25,378.1,High,17.7,Reject
F1216,Punjab,Small,Broiler,Wholesale,4106,14260.5,248,37,224.44,893632.92,546039.36,403752.3,0.0604,3.4731,217.64,98.33,10912.22,Low,77.3,Approve
F1217,Uttarakhand,Small,Layer,Export,5224,21343.3,125,151,237.67,1226650.44,870987.98,286369.62,0.0239,4.0856,234.81,54.82,1896.49,Low,58.9,Approve
F1218,Tamil Nadu,Medium,Layer,Wholesale,6394,22840.1,1441,71,200.08,1135044.7,902888.69,235711.46,0.2254,3.5721,177.52,36.86,3319.88,High,36.8,Reject
F1219,Karnataka,Medium,Broiler,Retail,11342,39706.9,721,106,192.57,2114598.6,1654385.49,714773.97,0.0636,3.5009,186.44,63.02,6743.15,Low,67.4,Approve
F1220,Maharashtra,Small,Broiler,Export,6639,29138.8,192,99,202.24,1323209.09,1089850.0,263354.83,0.0289,4.389,199.31,39.67,2660.15,Low,48.2,Approve
F1221,Himachal Pradesh,Large,Broiler,Export,14985,48349.0,1724,140,180.14,2544054.22,2185888.0,455703.07,0.115,3.2265,169.77,30.41,3255.02,Low,57.7,Approve
F1222,Telangana,Small,Broiler,Wholesale,5738,17241.3,455,45,189.6,1044704.97,712112.6,315422.7,0.0793,3.0048,182.07,54.97,7009.39,Low,73.4,Approve
F1223,Maharashtra,Medium,Broiler,Retail,12984,49257.7,1024,98,240.07,2994095.35,1959079.53,1122788.1,0.0789,3.7937,230.6,86.47,11457.02,Low,65.1,Approve
F1224,Odisha,Large,Broiler,Wholesale,16344,72695.6,2228,82,197.82,3012778.72,2654762.4,541172.35,0.1363,4.4478,184.34,33.11,6599.66,Medium,30.3,Revise
F1225,Maharashtra,Medium,Broiler,Wholesale,13538,46602.2,960,35,259.54,3389031.82,1786384.84,1346067.4,0.0709,3.4423,250.33,99.43,38459.07,Low,76.7,Approve
F1226,Karnataka,Medium,Broiler,Wholesale,6940,20163.9,1379,152,193.43,1208949.26,978140.02,224989.02,0.1987,2.9055,174.2,32.42,1480.19,High,53.1,Reject
F1227,Himachal Pradesh,Small,Layer,Retail,5265,17779.0,605,62,243.1,1206347.63,712420.0,515023.47,0.1149,3.3768,229.13,97.82,8306.83,Low,71.5,Approve
F1228,Odisha,Small,Broiler,Wholesale,4948,18110.1,176,44,236.4,1148872.21,684526.56,461108.15,0.0356,3.6601,232.19,93.19,10479.73,Low,75.6,Approve
F1229,Karnataka,Large,Broiler,Retail,11784,36239.0,1575,43,205.77,2262754.45,1476540.13,731101.08,0.1337,3.0753,192.02,62.04,17002.35,Medium,66.1,Revise
F1230,Bihar,Medium,Broiler,Retail,13798,54071.2,1096,92,206.46,2735580.63,2105140.36,821272.15,0.0794,3.9188,198.26,59.52,8926.87,Low,55.7,Approve
F1231,Sikkim,Large,Broiler,Export,15030,67577.5,4534,34,225.08,2872710.05,2329053.0,572905.43,0.3017,4.4962,191.13,38.12,16850.16,High,14.6,Reject
F1232,Bihar,Small,Layer,Retail,6800,24262.1,361,150,248.19,1642882.99,1055099.53,530190.13,0.0531,3.568,241.6,77.97,3534.6,Low,71.2,Approve
F1233,Sikkim,Small,Layer,Wholesale,5679,19325.9,187,119,210.89,1177941.46,829262.2,406647.54,0.0329,3.403,207.42,71.61,3417.21,Low,75.9,Approve
F1234,Uttarakhand,Small,Broiler,Wholesale,5998,20880.2,308,136,184.89,1080494.79,904282.71,251292.99,0.0514,3.4812,180.14,41.9,1847.74,Low,64.3,Approve
F1235,West Bengal,Medium,Layer,Wholesale,7810,23396.8,493,45,209.95,1587932.68,967709.6,710794.43,0.0631,2.9957,203.32,91.01,15795.43,Low,84.9,Approve
F1236,Tamil Nadu,Small,Layer,Retail,5222,22462.8,449,128,196.59,982393.73,874111.11,87867.56,0.086,4.3016,188.13,16.83,686.47,Medium,36.3,Revise
F1237,Punjab,Large,Broiler,Retail,9066,31778.2,1167,82,255.14,2164157.67,1284582.53,839277.21,0.1287,3.5052,238.71,92.57,10235.09,Medium,65.6,Revise
F1238,Bihar,Medium,Broiler,Retail,13592,47006.1,226,106,235.78,3178022.25,1969867.89,1042883.14,0.0166,3.4584,233.82,76.73,9838.52,Low,78.3,Approve
F1239,Arunachal Pradesh,Large,Layer,Wholesale,20964,82209.8,929,122,184.07,3773271.37,3311501.47,509688.83,0.0443,3.9215,179.99,24.31,4177.78,Low,51.8,Approve
F1240,Himachal Pradesh,Small,Broiler,Retail,3234,11485.4,298,127,203.44,627595.49,487395.33,174672.66,0.0921,3.5515,194.06,54.01,1375.38,Low,60.1,Approve
F1241,Arunachal Pradesh,Large,Broiler,Retail,18252,71219.2,608,127,184.02,3302660.82,2891512.0,504313.75,0.0333,3.902,180.95,27.63,3970.97,Low,54.6,Approve
F1242,Karnataka,Medium,Broiler,Export,8248,23956.0,975,172,246.4,1912138.75,1191637.51,888011.26,0.1182,2.9045,231.83,107.66,5162.86,Low,81.3,Approve
F1243,Andhra Pradesh,Medium,Layer,Retail,7856,32864.2,332,88,252.5,1941722.88,1238715.16,514624.72,0.0423,4.1833,247.16,65.51,5848.01,Low,57.0,Approve
F1244,Uttarakhand,Large,Breeder,Wholesale,19821,87189.7,951,166,188.98,3655921.44,3494163.13,187382.53,0.048,4.3989,184.45,9.45,1128.81,Medium,37.7,Revise
F1245,Maharashtra,Medium,Layer,Wholesale,13894,54226.9,394,55,215.22,2947903.02,2023544.24,1046941.2,0.0284,3.9029,212.17,75.35,19035.29,Low,67.2,Approve
F1246,Karnataka,Medium,Layer,Wholesale,7044,31153.9,211,32,254.55,1766122.93,1077658.33,634695.22,0.03,4.4228,250.73,90.1,19834.23,Low,59.9,Approve
F1247,Karnataka,Small,Breeder,Retail,4808,14700.1,711,129,191.62,853108.24,674065.67,130777.14,0.1479,3.0574,177.44,27.2,1013.78,Medium,55.8,Revise
F1248,Gujarat,Small,Layer,Retail,6523,23558.5,626,76,203.35,1262794.73,932569.98,254004.19,0.096,3.6116,193.59,38.94,3342.16,Low,54.6,Approve
F1249,Arunachal Pradesh,Large,Layer,Wholesale,10290,39339.4,609,34,204.34,2040404.83,1442164.13,608891.71,0.0592,3.8231,198.29,59.17,17908.58,Low,60.4,Approve
F1250,Maharashtra,Medium,Breeder,Wholesale,7584,28735.4,1011,91,182.4,1291073.24,1134071.07,77463.41,0.1333,3.789,170.24,10.21,851.25,Medium,38.5,Revise
F1251,Uttarakhand,Medium,Broiler,Wholesale,9258,32240.8,3143,113,182.9,1405806.38,1358180.53,151166.31,0.3395,3.4825,151.85,16.33,1337.75,High,30.0,Reject
F1252,West Bengal,Medium,Layer,Export,9472,31965.6,646,162,256.22,2344084.06,1449636.8,954800.09,0.0682,3.3747,247.48,100.8,5893.83,Low,78.6,Approve
F1253,Tamil Nadu,Small,Layer,Wholesale,3532,10651.1,759,167,225.69,711441.64,515785.36,188515.54,0.2149,3.0156,201.43,53.37,1128.84,High,53.8,Reject
F1254,Gujarat,Small,Breeder,Wholesale,6923,23994.9,1006,109,204.53,1313012.69,1008190.16,299537.83,0.1453,3.466,189.66,43.27,2748.05,Medium,51.8,Revise
F1255,Sikkim,Medium,Layer,Wholesale,12052,37078.3,1083,92,210.29,2420523.35,1615439.76,936024.87,0.0899,3.0765,200.84,77.67,10174.18,Low,76.1,Approve
F1256,Arunachal Pradesh,Medium,Layer,Wholesale,9492,38427.6,907,54,237.19,2143761.31,1411130.4,876359.34,0.0956,4.0484,225.85,92.33,16228.88,Low,59.0,Approve
F1257,Uttarakhand,Small,Breeder,Retail,4675,14749.7,1495,73,209.32,822107.93,618914.51,164804.36,0.3198,3.155,175.85,35.25,2257.59,High,41.5,Reject
F1258,West Bengal,Medium,Broiler,Export,8632,25029.0,229,43,198.22,1688282.58,1048224.84,578168.6,0.0265,2.8996,195.58,66.98,13445.78,Low,86.0,Approve
F1259,Gujarat,Small,Broiler,Wholesale,5857,21899.5,1125,115,188.15,996089.73,894382.11,83910.87,0.1921,3.739,170.07,14.33,729.66,High,32.4,Reject
F1260,Sikkim,Medium,Broiler,Retail,7824,29824.2,596,48,238.31,1793488.41,1114097.2,623380.13,0.0762,3.8119,229.23,79.68,12987.09,Low,63.4,Approve
F1261,Uttarakhand,Small,Broiler,Wholesale,4124,17660.0,243,131,194.45,778261.7,690763.38,17269.62,0.0589,4.2823,188.72,4.19,131.83,High,37.3,Reject
F1262,Uttarakhand,Medium,Broiler,Export,9050,34216.9,272,49,185.57,1654178.95,1284107.36,302673.85,0.0301,3.7809,182.78,33.44,6177.02,Low,59.0,Approve
F1263,Sikkim,Small,Broiler,Wholesale,4327,14656.9,300,108,214.16,894476.51,621880.2,241119.13,0.0693,3.3873,206.72,55.72,2232.58,Low,67.1,Approve
F1264,Sikkim,Medium,Broiler,Wholesale,11836,49298.4,236,168,183.17,2146333.89,2029866.67,-12329.32,0.0199,4.1651,181.34,-1.04,-73.39,High,43.8,Reject
F1265,Maharashtra,Small,Breeder,Retail,5587,20775.1,972,127,257.2,1311949.9,862544.24,478286.94,0.174,3.7185,234.82,85.61,3766.04,Medium,53.1,Revise
F1266,Uttarakhand,Small,Broiler,Wholesale,4023,11806.6,236,150,230.18,898765.57,568175.2,324936.16,0.0587,2.9348,223.41,80.77,2166.24,Low,84.2,Approve
F1267,Karnataka,Small,Layer,Wholesale,4576,17214.7,720,46,192.22,810285.71,644944.91,190349.74,0.1573,3.762,177.07,41.6,4138.04,Medium,43.6,Revise
F1268,Uttar Pradesh,Medium,Breeder,Retail,8756,38032.8,811,79,193.8,1618290.03,1397494.76,141112.49,0.0926,4.3436,184.82,16.12,1786.23,Medium,34.3,Revise
F1269,Odisha,Medium,Broiler,Retail,12748,44283.1,1185,39,225.59,2742021.35,1700014.33,1128915.66,0.093,3.4737,215.09,88.56,28946.56,Low,70.2,Approve
F1270,West Bengal,Small,Broiler,Wholesale,4519,14929.7,273,178,208.53,913764.54,697404.64,222971.89,0.0604,3.3038,202.21,49.34,1252.65,Low,68.5,Approve
F1271,Uttar Pradesh,Medium,Layer,Retail,9362,28497.0,667,87,241.94,2184288.95,1239832.93,884555.76,0.0712,3.0439,233.31,94.48,10167.31,Low,83.6,Approve
F1272,West Bengal,Large,Layer,Retail,20517,62729.9,637,124,223.66,4517620.23,2858193.67,2021804.0,0.031,3.0575,220.19,98.54,16304.87,Low,90.0,Approve
F1273,Telangana,Medium,Broiler,Retail,9994,35335.9,1479,136,214.67,1986565.4,1518722.51,479037.81,0.148,3.5357,198.78,47.93,3522.34,Medium,51.1,Revise
F1274,West Bengal,Small,Broiler,Retail,3226,12299.6,203,168,257.04,803076.38,528241.07,253692.43,0.0629,3.8126,248.94,78.64,1510.07,Low,65.0,Approve
F1275,Bihar,Medium,Broiler,Retail,8518,25017.8,1244,62,211.26,1668059.9,1070178.89,621320.2,0.146,2.9371,195.83,72.94,10021.29,Medium,70.0,Revise
F1276,Odisha,Small,Broiler,Wholesale,3872,17026.2,21,75,212.05,818742.2,619803.07,160192.76,0.0054,4.3973,211.45,41.37,2135.9,Low,51.7,Approve
F1277,Tamil Nadu,Small,Broiler,Wholesale,3891,15889.8,657,158,233.26,830970.59,653419.47,170206.68,0.1689,4.0837,213.56,43.74,1077.26,Medium,35.9,Revise
F1278,Himachal Pradesh,Large,Broiler,Wholesale,13434,51012.4,1186,178,244.76,3142919.72,2219084.27,1242698.5,0.0883,3.7973,233.95,92.5,6981.45,Low,65.2,Approve
F1279,Karnataka,Small,Layer,Wholesale,4036,16984.9,438,91,230.1,878180.97,640761.31,159718.47,0.1085,4.2083,217.59,39.57,1755.15,Low,40.7,Approve
F1280,Arunachal Pradesh,Medium,Breeder,Retail,10514,30872.4,64,116,235.89,2472482.43,1421714.84,985466.36,0.0061,2.9363,235.16,93.73,8495.4,Low,94.8,Approve
F1281,Maharashtra,Medium,Layer,Wholesale,11576,41796.6,183,102,209.83,2409844.57,1708236.67,683824.23,0.0158,3.6106,208.18,59.07,6704.16,Low,70.9,Approve
F1282,Andhra Pradesh,Medium,Breeder,Wholesale,6792,26292.9,2369,30,218.36,1224349.75,954267.8,247651.81,0.3488,3.8712,180.26,36.46,8255.06,High,27.1,Reject
F1283,Bihar,Medium,Layer,Wholesale,8246,34705.0,426,50,195.76,1572495.46,1249107.78,284024.42,0.0517,4.2087,190.7,34.44,5680.49,Low,47.4,Approve
F1284,Uttar Pradesh,Small,Layer,Wholesale,5078,20981.8,1196,51,234.42,1050153.81,761540.13,377521.89,0.2355,4.1319,206.8,74.34,7402.39,High,33.2,Reject
F1285,Maharashtra,Small,Broiler,Retail,5945,19446.2,293,33,197.72,1146438.52,759943.73,354689.88,0.0493,3.271,192.84,59.66,10748.18,Low,73.3,Approve
F1286,Sikkim,Medium,Broiler,Wholesale,13198,58064.6,1013,94,180.1,2285740.2,2157874.44,173219.28,0.0768,4.3995,173.19,13.12,1842.76,Medium,34.6,Revise
F1287,Karnataka,Small,Layer,Retail,3648,10985.5,370,92,254.7,881926.18,483746.07,371168.57,0.1014,3.0114,241.76,101.75,4034.44,Low,81.5,Approve
F1288,West Bengal,Small,Breeder,Wholesale,3328,14269.6,146,172,204.48,665508.77,582094.04,96697.82,0.0439,4.2877,199.97,29.06,562.2,Low,45.5,Approve
F1289,Maharashtra,Small,Broiler,Export,6237,27758.4,477,65,195.73,1174042.4,994606.8,234361.86,0.0765,4.4506,188.24,37.58,3605.57,Low,39.7,Approve
F1290,Uttarakhand,Small,Broiler,Export,4482,13899.4,145,58,201.45,888251.53,576101.2,308847.17,0.0324,3.1012,198.18,68.91,5324.95,Low,81.5,Approve
F1291,West Bengal,Small,Layer,Retail,6893,27761.6,1673,98,206.44,1250276.79,1075496.58,139033.87,0.2427,4.0275,181.38,20.17,1418.71,High,20.8,Reject
F1292,Uttar Pradesh,Small,Broiler,Export,3951,11333.4,430,140,217.96,814238.2,545220.8,263988.71,0.1088,2.8685,206.08,66.82,1885.63,Low,75.1,Approve
F1293,Himachal Pradesh,Medium,Broiler,Retail,10010,34927.1,870,173,185.55,1776603.13,1576759.31,247374.87,0.0869,3.4892,177.48,24.71,1429.91,Low,54.8,Approve
F1294,Telangana,Medium,Layer,Export,10032,36894.5,362,129,184.21,1814676.72,1543346.2,349948.03,0.0361,3.6777,180.89,34.88,2712.78,Low,60.6,Approve
F1295,Himachal Pradesh,Large,Broiler,Retail,18513,70110.5,2468,70,203.43,3515087.22,2698465.0,861795.81,0.1333,3.7871,189.87,46.55,12311.37,Medium,47.7,Revise
F1296,Himachal Pradesh,Small,Layer,Export,5668,24888.7,162,177,203.66,1137771.29,1009304.47,123944.61,0.0286,4.3911,200.74,21.87,700.25,Low,43.7,Approve
F1297,Uttar Pradesh,Small,Breeder,Retail,4878,19233.1,183,77,189.41,906582.36,733802.6,230747.32,0.0375,3.9428,185.85,47.3,2996.72,Low,58.0,Approve
F1298,Sikkim,Small,Broiler,Retail,4196,15181.9,183,159,212.38,871687.35,662408.73,181968.57,0.0436,3.6182,207.74,43.37,1144.46,Low,62.9,Approve
F1299,Odisha,Medium,Broiler,Retail,9544,39860.0,99,173,202.72,1924679.08,1647651.02,237355.33,0.0104,4.1764,201.66,24.87,1372.0,Low,51.4,Approve
F1300,Andhra Pradesh,Medium,Broiler,Wholesale,6322,27917.4,181,140,182.08,1134616.05,1087630.36,148743.43,0.0286,4.4159,179.47,23.53,1062.45,Low,43.6,Approve
F1301,West Bengal,Small,Broiler,Wholesale,6976,19794.5,589,91,250.86,1676105.26,897135.18,770862.08,0.0844,2.8375,240.27,110.5,8471.01,Low,87.4,Approve
F1302,Maharashtra,Large,Layer,Export,14253,63715.0,2019,136,250.88,3322451.82,2458985.87,972948.27,0.1417,4.4703,233.11,68.26,7154.03,Medium,37.8,Revise
F1303,Bihar,Small,Broiler,Wholesale,3775,11122.8,97,135,196.73,733058.07,524051.6,176499.45,0.0257,2.9464,194.19,46.75,1307.4,Low,80.1,Approve
F1304,Karnataka,Medium,Broiler,Retail,12668,53008.7,1721,161,193.03,2279135.28,2162177.71,231027.01,0.1359,4.1845,179.91,18.24,1434.95,Medium,32.0,Revise
F1305,Sikkim,Medium,Broiler,Wholesale,9654,31632.0,1390,142,223.78,2004843.97,1422313.87,467189.4,0.144,3.2766,207.67,48.39,3290.07,Medium,57.1,Revise
F1306,Punjab,Large,Broiler,Wholesale,15963,48283.4,2672,97,230.46,3370846.49,2135657.87,1028735.97,0.1674,3.0247,211.17,64.45,10605.53,Medium,63.1,Revise
F1307,Maharashtra,Medium,Broiler,Export,12148,43098.1,1792,118,256.6,2887249.06,1810396.24,1205692.82,0.1475,3.5478,237.67,99.25,10217.74,Medium,63.8,Revise
F1308,Uttar Pradesh,Large,Layer,Export,12153,47332.6,936,107,210.19,2455990.23,1880144.27,531463.85,0.077,3.8947,202.09,43.73,4966.95,Low,52.6,Approve
F1309,Arunachal Pradesh,Small,Broiler,Retail,5373,18524.1,383,104,229.46,1188914.36,775521.0,398984.98,0.0713,3.4476,221.28,74.26,3836.39,Low,70.3,Approve
F1310,Himachal Pradesh,Large,Broiler,Wholesale,11817,34183.8,1011,54,250.25,2830631.71,1456336.8,1435238.16,0.0856,2.8928,239.54,121.46,26578.48,Low,86.1,Approve
F1311,Arunachal Pradesh,Small,Broiler,Wholesale,6220,23754.7,620,36,216.0,1276507.08,873411.4,384581.56,0.0997,3.8191,205.23,61.83,10682.82,Low,55.5,Approve
F1312,Karnataka,Large,Breeder,Wholesale,10617,46015.0,1632,142,189.79,1860092.08,1811200.27,-48550.73,0.1537,4.3341,175.2,-4.57,-341.91,High,20.8,Reject
F1313,Bihar,Medium,Broiler,Wholesale,11070,38207.7,240,65,210.2,2301613.03,1521989.4,714267.74,0.0217,3.4515,207.91,64.52,10988.73,Low,74.7,Approve
F1314,West Bengal,Large,Layer,Wholesale,11463,36312.1,877,39,190.93,2104792.72,1451493.0,550712.11,0.0765,3.1678,183.62,48.04,14120.82,Low,68.7,Approve
F1315,Himachal Pradesh,Medium,Broiler,Retail,8922,31694.3,818,142,181.33,1543584.73,1368605.53,264611.38,0.0917,3.5524,173.01,29.66,1863.46,Low,54.1,Approve
F1316,Telangana,Medium,Layer,Wholesale,8176,23565.0,811,65,240.12,1865816.42,1021708.22,956589.53,0.0992,2.8822,228.21,117.0,14716.76,Low,84.4,Approve
F1317,Telangana,Medium,Broiler,Retail,6710,28147.3,371,47,199.07,1298803.87,1010806.38,233401.38,0.0553,4.1948,193.56,34.78,4965.99,Low,47.2,Approve
F1318,Bihar,Medium,Breeder,Wholesale,13208,55536.7,702,163,180.16,2316277.67,2264945.89,101763.33,0.0531,4.2048,175.37,7.7,624.31,Medium,40.6,Revise
F1319,Tamil Nadu,Small,Layer,Wholesale,6323,24024.9,689,164,249.79,1493352.17,1029048.38,443951.88,0.109,3.7996,236.18,70.21,2707.02,Low,56.7,Approve
F1320,Himachal Pradesh,Small,Layer,Wholesale,3234,10996.5,329,131,215.5,661384.77,478939.27,230707.29,0.1017,3.4003,204.51,71.34,1761.12,Low,66.2,Approve
F1321,Andhra Pradesh,Small,Broiler,Export,5274,21937.9,534,169,199.11,996899.8,904788.2,210216.08,0.1013,4.1596,189.02,39.86,1243.88,Low,42.8,Approve
F1322,Gujarat,Small,Layer,Retail,4548,17023.0,269,54,201.02,887175.24,645566.8,274068.92,0.0591,3.743,195.07,60.26,5075.35,Low,62.4,Approve
F1323,Punjab,Large,Layer,Wholesale,19152,80516.6,1304,62,199.24,3685945.31,2940062.8,651203.7,0.0681,4.2041,192.46,34.0,10503.29,Low,45.1,Approve
F1324,Karnataka,Small,Broiler,Retail,5096,19739.3,61,116,195.56,990574.34,794155.44,139019.36,0.012,3.8735,194.38,27.28,1198.44,Low,58.0,Approve
F1325,West Bengal,Large,Broiler,Export,9351,38652.3,494,102,247.3,2251302.08,1487465.4,791386.39,0.0528,4.1335,240.76,84.63,7758.69,Low,61.3,Approve
F1326,Maharashtra,Small,Layer,Retail,5101,19473.4,107,35,193.63,977291.14,715204.36,254468.65,0.021,3.8176,191.59,49.89,7270.53,Low,63.6,Approve
F1327,Maharashtra,Small,Broiler,Retail,4673,16374.4,709,166,224.95,971350.32,731792.22,169502.28,0.1517,3.504,207.86,36.27,1021.1,Medium,48.3,Revise
F1328,West Bengal,Medium,Layer,Wholesale,11224,49705.6,654,96,186.19,2028842.65,1846279.47,190614.59,0.0583,4.4285,180.76,16.98,1985.57,Medium,37.6,Revise
F1329,Gujarat,Medium,Broiler,Retail,8134,30257.6,877,173,255.96,1969698.13,1322532.89,855201.47,0.1078,3.7199,242.16,105.14,4943.36,Low,66.0,Approve
F1330,Odisha,Medium,Broiler,Retail,13772,52728.2,1001,122,228.27,3029411.18,2147319.78,1004133.1,0.0727,3.8287,219.97,72.91,8230.6,Low,61.9,Approve
F1331,Odisha,Medium,Layer,Retail,10200,32383.3,876,137,252.25,2462380.53,1470859.27,848481.35,0.0859,3.1748,241.41,83.18,6193.29,Low,76.1,Approve
F1332,Uttarakhand,Medium,Broiler,Export,13314,51440.1,365,55,211.83,2781572.74,1927563.53,851448.23,0.0274,3.8636,208.92,63.95,15480.88,Low,65.3,Approve
F1333,Odisha,Small,Breeder,Wholesale,3557,13416.1,214,67,244.85,844738.95,515372.02,345140.68,0.0602,3.7717,237.49,97.03,5151.35,Low,70.8,Approve
F1334,Sikkim,Large,Layer,Wholesale,19788,61624.3,3277,171,248.29,4506318.34,2946689.8,1670580.21,0.1656,3.1142,227.73,84.42,9769.47,Medium,66.5,Revise
F1335,Uttarakhand,Large,Layer,Export,20244,58733.9,2851,132,236.24,4445492.1,2779405.0,1302390.25,0.1408,2.9013,219.6,64.33,9866.59,Medium,69.3,Revise
F1336,Karnataka,Medium,Layer,Retail,12346,47253.2,2431,71,187.44,2086195.68,1812704.36,261253.05,0.1969,3.8274,168.98,21.16,3679.62,High,31.6,Reject
F1337,Telangana,Small,Layer,Wholesale,4815,19733.2,953,176,181.29,786420.59,825536.4,-28852.22,0.1979,4.0983,163.33,-5.99,-163.93,High,19.1,Reject
F1338,Maharashtra,Medium,Broiler,Wholesale,13682,50483.6,1192,95,193.48,2531875.65,2025812.98,482446.48,0.0871,3.6898,185.05,35.26,5078.38,Low,53.3,Approve
F1339,Sikkim,Small,Layer,Export,5005,15943.5,409,71,189.45,909393.2,664181.22,157500.94,0.0817,3.1855,181.7,31.47,2218.32,Low,63.5,Approve
F1340,Himachal Pradesh,Small,Broiler,Wholesale,6920,27217.0,426,67,238.01,1596312.1,1027198.89,557009.06,0.0616,3.9331,230.68,80.49,8313.57,Low,63.2,Approve
F1341,Bihar,Small,Broiler,Wholesale,5915,17367.5,466,170,224.56,1275887.17,856599.44,469311.7,0.0788,2.9362,215.7,79.34,2760.66,Low,81.0,Approve
F1342,Bihar,Medium,Broiler,Wholesale,6794,24126.3,795,135,222.08,1420461.59,1033534.6,346303.18,0.117,3.5511,209.08,50.97,2565.21,Low,55.9,Approve
F1343,Punjab,Large,Layer,Export,18627,57328.8,2940,125,200.23,3435306.69,2606516.93,748070.8,0.1578,3.0777,184.43,40.16,5984.57,Medium,57.2,Revise
F1344,Telangana,Medium,Broiler,Export,7348,22878.6,1143,99,192.37,1303579.95,1000054.0,394634.1,0.1556,3.1136,177.41,53.71,3986.2,Medium,60.2,Revise
F1345,Punjab,Medium,Broiler,Retail,13984,43964.3,1143,67,196.52,2635780.84,1832979.58,776465.79,0.0817,3.1439,188.49,55.53,11589.04,Low,70.4,Approve
F1346,Gujarat,Medium,Layer,Retail,6772,23413.5,682,126,212.02,1363458.55,1005389.8,365697.31,0.1007,3.4574,201.34,54.0,2902.36,Low,60.9,Approve
F1347,Uttar Pradesh,Small,Broiler,Wholesale,5158,14890.9,419,137,239.21,1183635.68,711125.76,362169.1,0.0812,2.887,229.48,70.22,2643.57,Low,79.4,Approve
F1348,Telangana,Small,Layer,Wholesale,5661,19679.0,553,148,200.36,1078832.42,864935.2,157103.93,0.0977,3.4762,190.57,27.75,1061.51,Low,54.3,Approve
F1349,Arunachal Pradesh,Large,Layer,Retail,15192,55753.2,1009,103,235.89,3464508.98,2264352.8,1579464.25,0.0664,3.6699,228.05,103.97,15334.6,Low,72.8,Approve
F1350,Karnataka,Small,Broiler,Wholesale,6851,24811.6,803,86,219.32,1414491.56,993149.38,538427.67,0.1172,3.6216,206.46,78.59,6260.79,Low,61.3,Approve
F1351,Odisha,Large,Broiler,Wholesale,18759,64732.3,860,139,250.84,4597496.41,2825616.33,1880582.3,0.0458,3.4507,245.08,100.25,13529.37,Low,80.2,Approve
F1352,West Bengal,Medium,Layer,Retail,7766,32823.4,490,108,198.63,1493826.29,1259522.0,63496.59,0.0631,4.2266,192.35,8.18,587.93,Medium,38.8,Revise
F1353,West Bengal,Medium,Broiler,Wholesale,13214,40263.8,1937,65,216.07,2645761.68,1699198.71,770398.8,0.1466,3.0471,200.22,58.3,11852.29,Medium,64.0,Revise
F1354,Uttarakhand,Medium,Broiler,Retail,7080,25910.6,880,86,187.73,1246477.1,1032278.53,129532.89,0.1243,3.6597,176.06,18.3,1506.2,Medium,44.5,Revise
F1355,West Bengal,Medium,Broiler,Retail,6340,18420.7,337,158,206.81,1276250.33,900338.96,288290.8,0.0532,2.9055,201.3,45.47,1824.63,Low,76.7,Approve
F1356,Gujarat,Large,Broiler,Retail,16368,47810.3,3090,32,220.55,3269210.89,1963342.33,1242769.09,0.1888,2.921,199.73,75.93,38836.53,High,65.1,Reject
F1357,Odisha,Large,Broiler,Wholesale,11217,42350.6,112,43,238.62,2663169.66,1578310.93,1188820.55,0.01,3.7756,237.42,105.98,27646.99,Low,78.5,Approve
F1358,Uttarakhand,Medium,Broiler,Wholesale,8802,33115.2,780,63,195.85,1647374.95,1267216.8,328108.49,0.0886,3.7622,187.16,37.28,5208.07,Low,52.1,Approve
F1359,Andhra Pradesh,Small,Layer,Retail,6259,26867.7,536,99,197.45,1182894.38,1014197.8,150335.87,0.0856,4.2927,188.99,24.02,1518.54,Low,38.3,Approve
F1360,Bihar,Medium,Broiler,Export,11810,44268.4,2120,98,230.53,2478121.68,1770161.24,669896.17,0.1795,3.7484,209.83,56.72,6835.68,Medium,44.5,Revise
F1361,Tamil Nadu,Large,Layer,Wholesale,15831,70157.4,612,133,210.6,3269451.06,2709328.0,707776.47,0.0387,4.4316,206.52,44.71,5321.63,Low,47.2,Approve
F1362,Sikkim,Small,Broiler,Export,6904,19902.7,506,58,218.57,1453678.69,854247.31,664353.47,0.0733,2.8828,210.56,96.23,11454.37,Low,87.1,Approve
F1363,Bihar,Medium,Broiler,Retail,13846,41075.7,696,77,246.89,3332479.8,1785501.76,1573970.99,0.0503,2.9666,240.68,113.68,20441.18,Low,89.5,Approve
F1364,Gujarat,Medium,Layer,Retail,6236,17928.0,281,123,219.93,1340471.42,842576.53,583580.3,0.0451,2.8749,214.96,93.58,4744.56,Low,90.5,Approve
F1365,Bihar,Medium,Layer,Wholesale,12454,38793.8,1328,108,232.2,2737588.47,1715280.4,969902.4,0.1066,3.115,219.82,77.88,8980.58,Low,73.1,Approve
F1366,Bihar,Small,Layer,Wholesale,5831,21692.2,489,146,232.54,1299002.77,920125.24,492340.52,0.0839,3.7202,222.78,84.44,3372.2,Low,65.4,Approve
F1367,Bihar,Medium,Layer,Wholesale,13516,52678.2,2095,173,244.29,3045853.39,2250412.49,703139.76,0.155,3.8975,225.35,52.02,4064.39,Medium,43.7,Revise
F1368,Telangana,Large,Layer,Wholesale,16536,47582.3,5035,167,231.05,3238914.09,2364546.07,555640.71,0.3045,2.8775,195.87,33.6,3327.19,High,46.8,Reject
F1369,Gujarat,Small,Broiler,Export,5151,22706.4,815,176,185.18,878410.3,918259.87,-95317.74,0.1582,4.4082,170.53,-18.5,-541.58,High,15.1,Reject
F1370,Punjab,Small,Layer,Wholesale,6675,28246.5,550,96,207.37,1327127.37,1069093.0,168334.01,0.0824,4.2317,198.82,25.22,1753.48,Low,40.3,Approve
F1371,Bihar,Large,Layer,Retail,17235,56948.6,431,161,259.15,4410432.7,2607923.2,1639281.01,0.025,3.3042,255.9,95.11,10181.87,Low,84.9,Approve
F1372,Bihar,Small,Breeder,Wholesale,4995,14641.4,232,104,195.72,954910.26,664212.8,344583.7,0.0464,2.9312,191.17,68.99,3313.3,Low,83.1,Approve
F1373,Uttarakhand,Large,Layer,Retail,20598,63623.3,1502,57,226.94,4504027.61,2638339.0,1764543.92,0.0729,3.0888,218.66,85.67,30956.91,Low,80.3,Approve
F1374,Karnataka,Medium,Layer,Wholesale,13146,39645.8,535,150,247.44,3186484.85,1880067.6,1090533.47,0.0407,3.0158,242.39,82.96,7270.22,Low,85.6,Approve
F1375,Andhra Pradesh,Small,Broiler,Wholesale,6764,20356.8,959,38,226.92,1426094.1,831744.18,490516.16,0.1418,3.0096,210.84,72.52,12908.32,Medium,69.0,Revise
F1376,Tamil Nadu,Large,Layer,Wholesale,14115,51965.1,1514,163,209.78,2802165.03,2258003.53,536101.4,0.1073,3.6816,198.52,37.98,3288.97,Low,51.3,Approve
F1377,Karnataka,Medium,Breeder,Retail,9444,30390.2,706,152,186.42,1694641.13,1395982.27,427853.35,0.0748,3.2179,179.44,45.3,2814.82,Low,67.2,Approve
F1378,Tamil Nadu,Medium,Layer,Wholesale,10444,35601.9,890,78,208.93,2089040.32,1450265.27,661863.21,0.0852,3.4088,200.02,63.37,8485.43,Low,66.4,Approve
F1379,Sikkim,Small,Layer,Wholesale,6805,30501.1,707,120,194.57,1255193.37,1156447.53,157983.52,0.1039,4.4822,184.45,23.22,1316.53,Low,31.6,Approve
F1380,Bihar,Medium,Broiler,Wholesale,11584,45911.3,1593,154,256.87,2770875.95,1906392.78,920154.06,0.1375,3.9633,239.2,79.43,5975.03,Medium,51.7,Revise
F1381,Punjab,Small,Layer,Export,4697,20729.1,337,105,237.2,1074060.18,778567.53,213515.47,0.0717,4.4133,228.67,45.46,2033.48,Low,43.1,Approve
F1382,Punjab,Small,Layer,Retail,4444,13520.2,318,179,239.95,1028181.2,661062.36,398034.01,0.0716,3.0423,231.36,89.57,2223.65,Low,82.4,Approve
F1383,Andhra Pradesh,Large,Layer,Retail,18615,64215.0,2465,133,214.88,3735025.48,2783621.33,738688.71,0.1324,3.4496,200.65,39.68,5554.05,Medium,53.0,Revise
F1384,Sikkim,Small,Broiler,Retail,6462,24187.6,360,178,188.8,1185950.3,1059713.6,101522.58,0.0557,3.7431,183.53,15.71,570.35,Medium,51.7,Revise
F1385,Tamil Nadu,Medium,Layer,Wholesale,9518,27892.4,1561,62,201.34,1759177.85,1194442.31,501169.36,0.164,2.9305,184.83,52.65,8083.38,Medium,62.5,Revise
F1386,Sikkim,Small,Broiler,Retail,4524,12699.4,487,82,200.78,859356.41,571536.67,283367.92,0.1076,2.8071,189.95,62.64,3455.71,Low,75.4,Approve
F1387,Gujarat,Medium,Layer,Wholesale,7328,28870.4,1345,69,218.94,1457104.32,1091438.93,347551.77,0.1835,3.9397,198.84,47.43,5036.98,High,37.7,Reject
F1388,Sikkim,Small,Broiler,Wholesale,3032,11797.8,273,47,216.88,627866.34,436485.64,179430.79,0.09,3.8911,207.08,59.18,3817.68,Low,54.7,Approve
F1389,West Bengal,Large,Layer,Retail,15306,53545.6,587,42,214.67,3222717.8,2057588.0,1120676.64,0.0384,3.4983,210.55,73.22,26682.78,Low,73.6,Approve
F1390,Arunachal Pradesh,Medium,Broiler,Retail,11132,40435.8,1193,103,219.68,2314392.67,1650026.89,695346.26,0.1072,3.6324,207.9,62.46,6750.93,Low,58.5,Approve
F1391,Maharashtra,Small,Broiler,Wholesale,5803,20346.8,297,125,258.96,1464233.48,866735.16,577296.34,0.0512,3.5063,252.32,99.48,4618.37,Low,78.2,Approve
F1392,Gujarat,Small,Layer,Wholesale,6896,19590.2,355,134,203.87,1369668.13,940062.44,417785.56,0.0515,2.8408,198.62,60.58,3117.8,Low,82.1,Approve
F1393,Himachal Pradesh,Small,Broiler,Retail,6709,22610.2,1485,160,229.22,1367584.04,1023708.18,480099.21,0.2213,3.3701,203.84,71.56,3000.62,High,50.2,Reject
F1394,Bihar,Medium,Layer,Retail,10118,31376.3,1187,179,199.16,1896825.69,1518155.84,477262.99,0.1173,3.101,187.47,47.17,2666.27,Low,64.2,Approve
F1395,West Bengal,Small,Breeder,Wholesale,4551,13504.3,378,96,217.33,947928.19,602315.0,321987.17,0.0831,2.9673,208.29,70.75,3354.03,Low,77.6,Approve
F1396,Maharashtra,Large,Breeder,Wholesale,11157,49385.6,1418,62,196.0,2047805.53,1767308.13,291421.47,0.1271,4.4264,183.54,26.12,4700.35,Medium,30.3,Revise
F1397,Punjab,Medium,Broiler,Export,11204,42787.1,1261,31,224.66,2375388.38,1563262.69,815500.54,0.1125,3.8189,212.01,72.79,26306.47,Low,56.5,Approve
F1398,Karnataka,Small,Layer,Retail,5420,21889.8,542,104,201.2,1035890.99,852785.38,187246.94,0.1,4.0387,191.12,34.55,1800.45,Low,44.1,Approve
F1399,Himachal Pradesh,Medium,Broiler,Export,6966,23239.4,582,103,182.94,1221129.45,987122.0,232729.67,0.0835,3.3361,175.3,33.41,2259.51,Low,60.6,Approve
F1400,Andhra Pradesh,Medium,Breeder,Wholesale,7944,27552.6,30,164,245.22,1944280.79,1234968.93,717788.64,0.0038,3.4684,244.75,90.36,4376.76,Low,83.3,Approve
F1401,Bihar,Small,Layer,Wholesale,6718,21516.2,131,172,190.26,1265679.6,1014677.91,235068.35,0.0195,3.2028,188.4,34.99,1366.68,Low,72.7,Approve
F1402,Andhra Pradesh,Small,Broiler,Wholesale,6299,18675.5,444,55,209.44,1272744.41,787401.22,446235.25,0.0705,2.9648,202.05,70.84,8113.37,Low,79.4,Approve
F1403,Maharashtra,Small,Broiler,Retail,5670,17601.7,435,168,218.17,1189487.11,840081.4,326338.59,0.0767,3.1044,209.79,57.56,1942.49,Low,72.4,Approve
F1404,Punjab,Medium,Broiler,Wholesale,6612,27478.0,806,157,214.6,1332421.61,1119664.27,97102.61,0.1219,4.1558,201.52,14.69,618.49,Medium,33.7,Revise
F1405,West Bengal,Medium,Layer,Wholesale,6912,27315.0,1059,56,238.05,1519342.66,1015342.8,556802.79,0.1532,3.9518,219.81,80.56,9942.91,Medium,50.0,Revise
F1406,Punjab,Medium,Broiler,Wholesale,10414,38841.9,693,164,227.74,2292708.41,1678847.76,669125.95,0.0665,3.7298,220.16,64.25,4080.04,Low,62.6,Approve
F1407,Uttarakhand,Large,Layer,Retail,9990,36040.5,937,158,203.63,1938764.81,1572999.0,560766.71,0.0938,3.6077,194.07,56.13,3549.16,Low,59.3,Approve
F1408,Gujarat,Large,Layer,Wholesale,17469,76307.0,1698,50,184.14,3060278.91,2707484.0,169863.74,0.0972,4.3681,175.18,9.72,3397.27,Medium,31.5,Revise
F1409,Maharashtra,Medium,Breeder,Retail,6448,18851.7,398,108,241.41,1508521.76,860939.0,617142.0,0.0617,2.9237,233.95,95.71,5714.28,Low,87.7,Approve
F1410,Uttar Pradesh,Large,Breeder,Export,18090,59281.3,2634,123,208.2,3492071.91,2604256.6,1091575.39,0.1456,3.277,193.04,60.34,8874.6,Medium,59.9,Revise
F1411,Uttarakhand,Small,Broiler,Retail,5776,19608.9,105,37,251.18,1437600.23,758189.04,705208.21,0.0182,3.3949,248.89,122.09,19059.68,Low,85.2,Approve
F1412,Karnataka,Small,Layer,Wholesale,6575,27155.6,508,112,211.6,1337497.27,1057088.76,389517.35,0.0773,4.1301,203.42,59.24,3477.83,Low,51.6,Approve
F1413,Himachal Pradesh,Small,Layer,Export,4479,20098.5,355,32,237.41,1021132.18,691597.53,404907.94,0.0793,4.4873,227.98,90.4,12653.37,Low,51.8,Approve
F1414,Odisha,Small,Layer,Wholesale,6116,19627.1,769,84,255.17,1462380.98,828928.47,455779.7,0.1257,3.2091,239.11,74.52,5425.95,Medium,67.6,Revise
F1415,Tamil Nadu,Medium,Broiler,Wholesale,12570,53879.1,453,172,232.09,2864715.18,2198202.87,703377.04,0.036,4.2863,227.9,55.96,4089.4,Low,53.3,Approve
F1416,West Bengal,Large,Broiler,Export,12246,51580.9,2068,65,213.08,2388944.96,1888589.13,531728.72,0.1689,4.2121,195.08,43.42,8180.44,Medium,33.1,Revise
F1417,Gujarat,Small,Broiler,Wholesale,3643,11591.7,703,35,225.39,741851.71,459834.96,281170.12,0.193,3.1819,203.64,77.18,8033.43,High,59.4,Reject
F1418,Sikkim,Small,Broiler,Retail,3615,12576.1,189,150,223.48,786723.45,553824.2,215809.07,0.0523,3.4789,217.63,59.7,1438.73,Low,68.6,Approve
F1419,Maharashtra,Medium,Broiler,Wholesale,6388,22335.3,465,71,226.79,1395937.71,891407.36,613559.15,0.0728,3.4964,218.53,96.05,8641.68,Low,74.5,Approve
F1420,Odisha,Large,Broiler,Retail,20988,93668.9,3724,79,191.75,3667314.81,3404880.6,257477.44,0.1774,4.463,174.73,12.27,3259.21,Medium,19.0,Revise
F1421,Karnataka,Small,Layer,Retail,3488,10839.0,503,141,235.88,763409.76,500290.53,143380.53,0.1442,3.1075,218.87,41.11,1016.88,Medium,58.8,Revise
F1422,Himachal Pradesh,Medium,Broiler,Wholesale,10408,43282.4,1780,175,191.6,1823654.08,1796417.24,-13117.18,0.171,4.1586,175.22,-1.26,-74.96,High,22.8,Reject
F1423,Maharashtra,Small,Layer,Retail,5657,19053.5,213,79,181.17,1005505.69,781476.42,328158.17,0.0377,3.3681,177.75,58.01,4153.9,Low,72.5,Approve
F1424,Bihar,Small,Broiler,Retail,4249,17176.5,227,59,229.98,951008.98,634900.29,262992.81,0.0534,4.0425,223.82,61.9,4457.51,Low,57.4,Approve
F1425,Andhra Pradesh,Large,Layer,Wholesale,16377,57549.1,663,68,189.35,3038191.8,2282909.93,940237.28,0.0405,3.514,185.52,57.41,13827.02,Low,69.0,Approve
F1426,Maharashtra,Large,Breeder,Wholesale,18828,71230.3,3550,145,241.63,4120464.66,2993810.6,1341427.31,0.1885,3.7832,218.85,71.25,9251.22,High,46.2,Reject
F1427,Telangana,Small,Layer,Wholesale,4102,17291.7,404,169,249.28,972079.46,708759.71,250882.74,0.0985,4.2154,236.98,61.16,1484.51,Low,47.4,Approve
F1428,Uttar Pradesh,Large,Layer,Retail,12441,51842.7,599,88,255.58,3103075.92,1957221.93,1175193.5,0.0481,4.1671,249.42,94.46,13354.47,Low,63.7,Approve
F1429,Uttarakhand,Medium,Broiler,Retail,11036,47155.9,1534,105,233.16,2394275.82,1795235.13,590701.11,0.139,4.2729,216.95,53.52,5625.72,Medium,38.6,Revise
F1430,Bihar,Large,Layer,Export,12723,36913.9,2126,161,218.56,2548360.48,1812416.33,668753.32,0.1671,2.9014,200.3,52.56,4153.75,Medium,62.7,Revise
F1431,Andhra Pradesh,Medium,Broiler,Wholesale,7030,27954.7,541,77,208.18,1407123.82,1062736.29,297351.81,0.077,3.9765,200.16,42.3,3861.71,Low,50.6,Approve
F1432,Andhra Pradesh,Medium,Broiler,Wholesale,9250,28101.3,314,171,219.27,1993785.5,1361928.6,773482.16,0.0339,3.038,215.54,83.62,4523.29,Low,86.3,Approve
F1433,Himachal Pradesh,Medium,Broiler,Wholesale,8254,28945.9,2704,110,195.23,1347402.15,1210921.36,124792.4,0.3276,3.5069,163.24,15.12,1134.48,High,29.2,Reject
F1434,Gujarat,Medium,Broiler,Wholesale,6784,25322.0,445,78,207.87,1363886.02,990355.47,320884.41,0.0656,3.7326,201.04,47.3,4113.9,Low,58.4,Approve
F1435,Himachal Pradesh,Small,Broiler,Retail,3630,12649.3,489,96,237.43,803763.52,521736.6,304097.46,0.1347,3.4847,221.42,83.77,3167.68,Medium,63.0,Revise
F1436,Odisha,Small,Layer,Export,6716,24737.3,455,106,197.39,1280743.01,1006579.89,301472.38,0.0677,3.6833,190.7,44.89,2844.08,Low,58.6,Approve
F1437,Telangana,Small,Broiler,Wholesale,4847,21782.9,250,166,201.13,949685.79,864614.16,14224.56,0.0516,4.4941,195.93,2.93,85.69,High,33.6,Reject
F1438,Odisha,Medium,Layer,Export,11310,34267.8,1217,50,239.95,2567745.29,1419924.93,1065114.07,0.1076,3.0299,227.03,94.17,21302.28,Low,78.7,Approve
F1439,Gujarat,Small,Layer,Wholesale,3979,15710.2,178,134,194.23,755490.26,639363.02,51955.95,0.0447,3.9483,189.87,13.06,387.73,Medium,48.4,Revise
F1440,Karnataka,Medium,Broiler,Export,6866,23847.0,1049,101,199.67,1266121.55,991216.84,436343.37,0.1528,3.4732,184.4,63.55,4320.23,Medium,55.6,Revise
F1441,Maharashtra,Large,Broiler,Wholesale,19206,58119.6,4061,45,181.4,3115627.28,2392579.2,666540.3,0.2114,3.0261,162.22,34.7,14812.01,High,49.4,Reject
F1442,Punjab,Small,Layer,Export,6214,19076.1,299,173,237.6,1440864.73,921489.22,470617.28,0.0481,3.0699,231.87,75.73,2720.33,Low,81.6,Approve
F1443,Odisha,Medium,Broiler,Wholesale,13742,60653.9,969,57,229.43,3041668.75,2160738.07,804863.53,0.0705,4.4138,221.34,58.57,14120.41,Low,46.5,Approve
F1444,Arunachal Pradesh,Medium,Broiler,Export,11174,47995.9,553,109,235.55,2566823.49,1831137.09,638892.82,0.0495,4.2953,229.71,57.18,5861.4,Low,51.6,Approve
F1445,Tamil Nadu,Large,Layer,Wholesale,9831,42685.9,572,86,197.15,1881681.12,1580944.87,283515.9,0.0582,4.342,191.4,28.84,3296.7,Low,42.3,Approve
F1446,Punjab,Small,Broiler,Wholesale,3232,14497.5,215,139,234.99,734121.87,560411.31,219045.76,0.0665,4.4856,227.14,67.77,1575.87,Low,47.9,Approve
F1447,Andhra Pradesh,Medium,Broiler,Wholesale,9104,28715.3,1108,81,227.71,1946825.7,1218034.2,738266.74,0.1217,3.1541,213.84,81.09,9114.4,Medium,70.9,Revise
F1448,Sikkim,Large,Broiler,Wholesale,13782,46917.3,1571,113,209.29,2720021.37,1998145.67,533160.31,0.114,3.4042,197.36,38.69,4718.23,Low,56.3,Approve
F1449,West Bengal,Large,Broiler,Retail,12339,48586.9,2322,77,215.03,2403464.86,1854769.0,410737.83,0.1882,3.9377,194.79,33.29,5334.26,High,33.6,Reject
F1450,Bihar,Medium,Broiler,Export,13126,47548.5,1043,156,225.43,2841392.53,2066394.73,799803.81,0.0795,3.6225,216.47,60.93,5126.95,Low,62.2,Approve
F1451,Tamil Nadu,Medium,Broiler,Retail,12540,44031.2,1780,127,219.46,2556715.34,1878811.73,571470.34,0.1419,3.5113,203.88,45.57,4499.77,Medium,51.9,Revise
F1452,Tamil Nadu,Medium,Broiler,Retail,10818,36870.8,839,147,231.35,2405565.2,1634768.0,747845.85,0.0776,3.4083,222.37,69.13,5087.39,Low,68.9,Approve
F1453,Maharashtra,Large,Broiler,Wholesale,19536,74421.0,250,122,194.48,3774924.98,3037776.13,1236515.1,0.0128,3.8094,193.23,63.29,10135.37,Low,68.2,Approve
F1454,Gujarat,Medium,Breeder,Retail,6050,22860.0,76,96,223.26,1342157.43,908673.33,365993.4,0.0126,3.7785,221.84,60.49,3812.43,Low,68.2,Approve
F1455,West Bengal,Small,Broiler,Wholesale,6096,18742.0,171,103,216.02,1298326.9,828748.53,375696.53,0.0281,3.0745,212.98,61.63,3647.54,Low,80.8,Approve
F1456,Himachal Pradesh,Large,Layer,Export,13251,47729.5,2103,113,216.88,2645778.59,1978796.87,569052.67,0.1587,3.602,199.67,42.94,5035.86,Medium,47.0,Revise
F1457,Tamil Nadu,Medium,Broiler,Wholesale,11108,41553.9,1849,39,217.55,2215370.32,1546601.27,469477.44,0.1665,3.7409,199.44,42.26,12037.88,Medium,42.9,Revise
F1458,Maharashtra,Medium,Broiler,Retail,12744,48038.4,573,174,250.52,3120718.84,2088259.2,1233138.09,0.045,3.7695,244.88,96.76,7087.0,Low,72.9,Approve
F1459,Sikkim,Small,Layer,Wholesale,6410,20237.5,1349,147,245.49,1407934.15,933239.67,393083.69,0.2105,3.1572,219.65,61.32,2674.04,High,53.5,Reject
F1460,Odisha,Medium,Layer,Wholesale,10628,43169.5,724,126,230.37,2364863.33,1719196.2,530502.44,0.0681,4.0619,222.51,49.92,4210.34,Low,52.0,Approve
F1461,Bihar,Small,Broiler,Wholesale,3460,9836.2,249,35,237.32,791486.54,410925.29,327791.65,0.072,2.8428,228.75,94.74,9365.48,Low,87.7,Approve
F1462,Tamil Nadu,Medium,Broiler,Wholesale,13528,46038.7,3047,47,183.42,2201837.31,1802285.36,213314.51,0.2252,3.4032,162.76,15.77,4538.61,High,35.0,Reject
F1463,West Bengal,Small,Broiler,Wholesale,5503,22707.4,318,101,239.52,1279914.25,873522.22,402881.79,0.0578,4.1264,232.58,73.21,3988.93,Low,57.9,Approve
F1464,Punjab,Medium,Layer,Wholesale,12862,48343.3,1408,118,218.89,2661244.88,1976468.78,584824.01,0.1095,3.7586,206.91,45.47,4956.14,Low,51.3,Approve
F1465,Karnataka,Large,Broiler,Retail,12273,39813.3,1693,71,205.42,2347167.8,1644455.13,490916.89,0.1379,3.244,191.25,40.0,6914.32,Medium,56.6,Revise
F1466,Arunachal Pradesh,Small,Broiler,Wholesale,4006,15949.6,1040,33,191.18,666432.77,574693.07,79336.87,0.2596,3.9814,166.36,19.8,2404.15,High,20.6,Reject
F1467,Punjab,Large,Layer,Export,17730,66745.7,552,49,186.02,3246643.58,2509353.4,796648.7,0.0311,3.7646,183.12,44.93,16258.14,Low,62.0,Approve
F1468,Karnataka,Medium,Breeder,Wholesale,12966,53855.8,1439,57,183.59,2248316.45,1964516.4,234113.83,0.111,4.1536,173.4,18.06,4107.26,Low,36.1,Approve
F1469,Uttarakhand,Large,Layer,Wholesale,14982,60670.3,5029,133,192.94,2405485.03,2438087.67,39475.49,0.3357,4.0495,160.56,2.63,296.81,High,14.9,Reject
F1470,Gujarat,Medium,Broiler,Retail,6980,26783.5,1048,73,182.41,1177627.29,1028821.89,248817.53,0.1501,3.8372,168.71,35.65,3408.46,Medium,41.5,Revise
F1471,Punjab,Medium,Layer,Retail,13808,50121.7,470,52,238.61,3238579.91,1920724.69,1449745.55,0.034,3.6299,234.54,104.99,27879.72,Low,78.2,Approve
F1472,Telangana,Medium,Layer,Wholesale,8144,24647.1,2007,76,199.89,1427273.95,1059470.69,383207.23,0.2464,3.0264,175.25,47.05,5042.2,High,47.6,Reject
F1473,Gujarat,Large,Layer,Retail,20274,65774.3,597,42,209.5,4184785.26,2612113.8,1742614.36,0.0294,3.2443,206.41,85.95,41490.82,Low,83.2,Approve
F1474,Andhra Pradesh,Medium,Layer,Wholesale,11222,39416.9,641,173,245.82,2679670.86,1773410.64,1204656.69,0.0571,3.5125,238.79,107.35,6963.33,Low,77.3,Approve
F1475,Tamil Nadu,Small,Breeder,Retail,6173,23573.5,400,124,189.17,1129897.4,963347.36,85126.92,0.0648,3.8188,183.04,13.79,686.51,Medium,48.4,Revise
F1476,Tamil Nadu,Medium,Broiler,Retail,6430,23619.3,237,45,246.85,1557892.9,892564.6,714613.71,0.0369,3.6733,242.29,111.14,15880.3,Low,76.9,Approve
F1477,Uttarakhand,Large,Broiler,Wholesale,19527,64242.1,2059,148,231.16,4275900.28,2903453.27,1159303.62,0.1054,3.2899,218.97,59.37,7833.13,Low,65.0,Approve
F1478,Gujarat,Medium,Layer,Retail,9446,26552.6,442,146,207.36,1912822.4,1301633.38,634307.09,0.0468,2.811,202.5,67.15,4344.57,Low,85.0,Approve
F1479,Gujarat,Medium,Broiler,Retail,9184,33462.9,2674,39,189.42,1486342.87,1259059.53,129029.78,0.2912,3.6436,161.84,14.05,3308.46,High,26.1,Reject
F1480,Arunachal Pradesh,Medium,Broiler,Wholesale,11212,36837.7,617,151,187.32,2042374.94,1672009.31,447556.96,0.055,3.2856,182.16,39.92,2963.95,Low,67.3,Approve
F1481,Arunachal Pradesh,Large,Broiler,Retail,9474,38358.7,1131,67,206.84,1842569.85,1430437.27,437921.62,0.1194,4.0488,194.49,46.22,6536.14,Low,44.1,Approve
F1482,Himachal Pradesh,Small,Layer,Export,5536,15726.2,993,73,191.23,963626.98,694621.38,341253.65,0.1794,2.8407,174.07,61.64,4674.71,Medium,64.5,Revise
F1483,Punjab,Medium,Broiler,Retail,7370,27963.3,987,124,201.42,1384950.69,1146160.16,220005.54,0.1339,3.7942,187.92,29.85,1774.24,Medium,43.2,Revise
F1484,Odisha,Small,Layer,Wholesale,6313,27780.4,1804,103,184.24,996823.91,1042416.84,-60699.62,0.2858,4.4005,157.9,-9.62,-589.32,High,4.6,Reject
F1485,West Bengal,Small,Broiler,Export,5841,18086.6,978,142,227.6,1218082.73,837408.0,362823.47,0.1674,3.0965,208.54,62.12,2555.09,Medium,61.0,Revise
F1486,Odisha,Small,Broiler,Wholesale,4776,17202.2,418,80,191.62,875084.04,685173.73,297595.83,0.0875,3.6018,183.23,62.31,3719.95,Low,61.8,Approve
F1487,Karnataka,Small,Broiler,Wholesale,6953,20549.0,466,81,240.54,1616359.41,899851.2,767706.13,0.067,2.9554,232.47,110.41,9477.85,Low,87.4,Approve
F1488,Arunachal Pradesh,Medium,Broiler,Wholesale,10104,39038.4,211,121,197.45,1974234.71,1581393.07,525576.83,0.0209,3.8637,195.39,52.02,4343.61,Low,63.2,Approve
F1489,Bihar,Small,Layer,Retail,6667,24907.3,589,88,243.84,1553742.8,985612.11,624403.9,0.0883,3.7359,233.05,93.66,7095.5,Low,66.8,Approve
F1490,Bihar,Medium,Layer,Export,9686,33828.6,440,42,195.19,1847587.44,1300851.33,628210.37,0.0454,3.4925,190.75,64.86,14957.39,Low,70.6,Approve
F1491,Bihar,Small,Layer,Retail,5408,19935.7,1079,41,237.71,1157264.89,748403.71,323506.09,0.1995,3.6863,213.99,59.82,7890.39,High,43.8,Reject
F1492,Andhra Pradesh,Small,Broiler,Export,5506,23808.9,214,79,206.65,1115676.75,876424.51,208022.16,0.0389,4.3242,202.63,37.78,2633.19,Low,47.6,Approve
F1493,Maharashtra,Small,Broiler,Wholesale,5295,16592.9,483,86,226.65,1145338.97,710748.47,399009.37,0.0912,3.1337,216.31,75.36,4639.64,Low,74.2,Approve
F1494,Bihar,Small,Broiler,Wholesale,4589,13025.2,627,148,183.09,782764.38,636746.09,148330.7,0.1366,2.8384,170.57,32.32,1002.23,Medium,63.2,Revise
F1495,Tamil Nadu,Medium,Broiler,Retail,9392,40055.3,332,86,219.62,2026127.96,1494409.84,521232.83,0.0353,4.2648,215.73,55.5,6060.85,Low,53.8,Approve
F1496,Sikkim,Medium,Broiler,Export,11986,45320.3,1353,37,191.9,2170202.74,1675187.84,320565.81,0.1129,3.7811,181.06,26.75,8663.94,Low,45.7,Approve
F1497,Odisha,Medium,Layer,Retail,10938,47187.8,653,135,218.91,2322875.8,1847543.6,480319.47,0.0597,4.3141,212.37,43.91,3557.92,Low,46.4,Approve
F1498,Bihar,Medium,Broiler,Wholesale,9892,37736.1,1553,166,191.31,1743857.66,1616718.11,-48335.86,0.157,3.8148,176.29,-4.89,-291.18,High,30.9,Reject
F1499,Uttarakhand,Small,Broiler,Wholesale,6809,28443.1,155,149,214.97,1446954.65,1146561.04,356569.52,0.0228,4.1773,212.51,52.37,2393.08,Low,56.5,Approve
F1500,Tamil Nadu,Large,Breeder,Wholesale,15186,53613.3,3819,92,188.85,2507201.13,2187168.07,333064.7,0.2515,3.5304,165.1,21.93,3620.27,High,30.4,Reject
F1501,Odisha,Medium,Broiler,Wholesale,11566,47128.7,1096,101,197.6,2177033.62,1822805.36,489787.57,0.0948,4.0748,188.23,42.35,4849.38,Low,46.1,Approve
F1502,Gujarat,Medium,Breeder,Wholesale,13288,57831.6,2272,160,227.61,2765789.78,2314664.98,480559.47,0.171,4.3522,208.14,36.16,3003.5,Medium,28.1,Revise
F1503,Punjab,Small,Breeder,Export,4145,15637.5,733,42,258.13,975342.08,582224.33,370568.16,0.1768,3.7726,235.31,89.4,8823.05,Medium,52.6,Revise
F1504,Gujarat,Small,Broiler,Retail,5324,16543.5,218,166,215.93,1126038.2,787274.16,250019.03,0.0409,3.1073,211.5,46.96,1506.14,Low,74.7,Approve
F1505,Odisha,Small,Broiler,Retail,4581,14920.1,599,81,234.97,1006022.46,623258.6,362918.99,0.1308,3.257,219.61,79.22,4480.48,Medium,67.1,Revise
F1506,Himachal Pradesh,Small,Layer,Wholesale,5500,17257.3,1257,91,223.15,1086993.7,743638.38,300543.47,0.2285,3.1377,197.64,54.64,3302.68,High,49.7,Reject
F1507,Telangana,Medium,Broiler,Wholesale,12922,41604.4,2533,148,219.87,2562598.84,1901388.98,708816.64,0.196,3.2197,198.31,54.85,4789.3,High,52.6,Reject
F1508,Arunachal Pradesh,Medium,Broiler,Retail,12730,42275.1,1505,138,185.18,2217914.32,1878861.53,292354.34,0.1182,3.3209,174.23,22.97,2118.51,Low,53.5,Approve
F1509,Odisha,Medium,Layer,Export,13290,49754.1,680,37,191.54,2480421.37,1846508.87,708934.69,0.0512,3.7437,186.64,53.34,19160.4,Low,61.7,Approve
F1510,Andhra Pradesh,Medium,Broiler,Retail,11290,42897.3,1048,124,250.64,2698314.81,1757122.38,1123846.23,0.0928,3.7996,239.0,99.54,9063.28,Low,66.3,Approve
F1511,Maharashtra,Large,Broiler,Export,16479,58089.3,1605,154,212.81,3336154.81,2553073.0,547201.92,0.0974,3.5251,202.45,33.21,3553.26,Low,54.7,Approve
F1512,Uttar Pradesh,Medium,Layer,Retail,10514,40439.1,660,82,229.15,2333572.99,1568630.96,764637.79,0.0628,3.8462,221.95,72.73,9324.85,Low,62.9,Approve
F1513,Bihar,Large,Layer,Wholesale,19983,58723.6,716,92,222.26,4361766.82,2617902.27,1733452.23,0.0358,2.9387,218.27,86.75,18841.87,Low,88.8,Approve
F1514,Telangana,Small,Broiler,Wholesale,5761,16990.6,485,124,210.31,1160537.82,788841.24,389930.08,0.0842,2.9492,201.45,67.68,3144.6,Low,77.1,Approve
F1515,Karnataka,Small,Broiler,Retail,5349,16539.7,215,110,211.03,1106077.79,735926.07,408126.28,0.0402,3.0921,206.78,76.3,3710.24,Low,82.4,Approve
F1516,Arunachal Pradesh,Small,Broiler,Wholesale,4932,18153.4,331,86,224.44,1069702.07,721379.6,433243.73,0.0671,3.6807,216.89,87.84,5037.72,Low,69.4,Approve
F1517,Sikkim,Medium,Broiler,Wholesale,12588,39825.8,1460,176,191.29,2268329.83,1899432.13,243065.0,0.116,3.1638,180.2,19.31,1381.05,Low,56.1,Approve
F1518,Tamil Nadu,Large,Layer,Wholesale,14271,46831.5,629,96,210.98,2944489.0,1987401.4,725637.63,0.0441,3.2816,206.33,50.85,7558.73,Low,71.6,Approve
F1519,Sikkim,Small,Layer,Wholesale,5050,17576.7,158,75,215.76,1072499.33,706520.73,376087.52,0.0313,3.4805,212.38,74.47,5014.5,Low,75.2,Approve
F1520,Uttar Pradesh,Large,Layer,Export,11967,50024.1,232,123,258.81,3067093.85,1960558.6,1175469.83,0.0194,4.1802,256.3,98.23,9556.67,Low,68.4,Approve
F1521,Maharashtra,Small,Broiler,Wholesale,4541,12821.8,452,167,208.12,897998.98,643946.84,286394.64,0.0995,2.8236,197.75,63.07,1714.94,Low,76.4,Approve
F1522,Uttarakhand,Large,Broiler,Wholesale,12348,48205.9,1343,142,231.57,2703842.18,1989648.2,611299.43,0.1088,3.9039,218.97,49.51,4304.93,Low,49.4,Approve
F1523,Gujarat,Small,Broiler,Retail,5567,21917.8,340,122,190.99,1030727.26,881283.64,68127.03,0.0611,3.9371,185.15,12.24,558.42,Medium,46.1,Revise
F1524,Punjab,Small,Broiler,Retail,6499,27021.0,1017,175,185.24,1109584.5,1121603.11,55608.81,0.1565,4.1577,170.73,8.56,317.76,Medium,27.3,Revise
F1525,Gujarat,Medium,Broiler,Retail,6984,30629.6,598,169,249.72,1669396.16,1232881.6,479290.66,0.0856,4.3857,239.03,68.63,2836.04,Low,47.5,Approve
F1526,Arunachal Pradesh,Small,Broiler,Export,6306,17872.7,519,78,238.46,1441753.15,795942.6,618511.12,0.0823,2.8342,228.63,98.08,7929.63,Low,87.3,Approve
F1527,Odisha,Small,Broiler,Retail,3619,11079.3,270,52,205.4,715601.84,458150.24,180662.53,0.0746,3.0614,197.73,49.92,3474.28,Low,71.7,Approve
F1528,Gujarat,Small,Layer,Retail,6232,26838.1,129,91,220.37,1359050.49,1002858.11,310726.01,0.0207,4.3065,218.08,49.86,3414.57,Low,53.6,Approve
F1529,Himachal Pradesh,Large,Layer,Wholesale,20376,72935.5,1040,40,190.86,3789643.48,2768277.0,1153130.28,0.051,3.5795,185.99,56.59,28828.26,Low,66.0,Approve
F1530,Gujarat,Medium,Broiler,Wholesale,13646,51306.3,201,102,236.57,3204384.14,2058486.07,1215560.96,0.0147,3.7598,234.82,89.08,11917.26,Low,75.5,Approve
F1531,Bihar,Small,Broiler,Retail,5378,21120.2,402,147,185.63,960917.94,874089.47,20606.56,0.0747,3.9271,178.68,3.83,140.18,High,42.3,Reject
F1532,Gujarat,Medium,Layer,Retail,10760,42549.5,1482,117,240.56,2410195.19,1697897.0,786908.01,0.1377,3.9544,224.0,73.13,6725.71,Medium,50.2,Revise
F1533,Andhra Pradesh,Medium,Breeder,Export,10194,44690.1,163,118,223.75,2262535.69,1706729.67,545829.32,0.016,4.384,221.95,53.54,4625.67,Low,53.5,Approve
F1534,Uttar Pradesh,Small,Broiler,Retail,4546,20433.4,255,84,202.31,893855.93,744721.73,205763.22,0.0561,4.4948,196.62,45.26,2449.56,Low,43.6,Approve
F1535,Sikkim,Medium,Layer,Retail,7724,31083.4,439,38,249.01,1868619.09,1122214.71,681195.73,0.0568,4.0243,241.92,88.19,17926.2,Low,63.9,Approve
F1536,Karnataka,Small,Layer,Wholesale,4691,15425.3,728,41,258.89,1120172.07,608098.78,477517.15,0.1552,3.2883,238.79,101.79,11646.76,Medium,68.2,Revise
F1537,Tamil Nadu,Small,Broiler,Wholesale,6563,28191.9,350,168,200.35,1279775.19,1144386.73,142753.3,0.0533,4.2956,195.0,21.75,849.72,Low,42.2,Approve
F1538,Karnataka,Medium,Broiler,Wholesale,9210,26558.7,1796,142,244.5,2032207.55,1277292.73,712476.55,0.195,2.8837,220.65,77.36,5017.44,High,65.3,Reject
F1539,Andhra Pradesh,Small,Broiler,Wholesale,6752,21558.0,358,37,240.01,1577589.49,856289.16,652401.08,0.053,3.1928,233.65,96.62,17632.46,Low,83.6,Approve
F1540,Maharashtra,Medium,Broiler,Wholesale,10638,46015.3,1750,65,239.78,2340842.44,1667164.6,889203.74,0.1645,4.3256,220.05,83.59,13680.06,Medium,41.5,Revise
F1541,Bihar,Medium,Broiler,Wholesale,7158,23159.9,1347,154,256.58,1663696.37,1063387.93,718510.88,0.1882,3.2355,232.42,100.38,4665.66,High,64.7,Reject
F1542,Andhra Pradesh,Small,Breeder,Retail,4890,15526.3,398,79,218.93,1026958.13,654755.93,322912.71,0.0814,3.1751,210.01,66.04,4087.5,Low,72.4,Approve
F1543,Arunachal Pradesh,Medium,Layer,Retail,8550,25947.7,870,136,233.93,1898303.01,1205069.4,714145.54,0.1018,3.0348,222.02,83.53,5251.07,Low,76.8,Approve
F1544,Himachal Pradesh,Small,Broiler,Retail,5607,23888.6,154,38,245.91,1359833.4,843777.6,411895.19,0.0275,4.2605,242.52,73.46,10839.35,Low,59.4,Approve
F1545,Uttarakhand,Large,Broiler,Wholesale,17229,62887.6,1928,96,218.36,3551653.46,2539018.8,1314743.92,0.1119,3.6501,206.14,76.31,13695.25,Low,60.9,Approve
F1546,Gujarat,Medium,Layer,Wholesale,9710,38328.5,1536,82,218.51,1953879.84,1470277.22,557863.89,0.1582,3.9473,201.22,57.45,6803.22,Medium,43.6,Revise
F1547,Odisha,Large,Broiler,Export,20310,65122.2,593,111,205.49,4112553.63,2848972.4,1469961.09,0.0292,3.2064,202.49,72.38,13242.89,Low,80.6,Approve
F1548,Maharashtra,Medium,Broiler,Wholesale,12322,50380.6,1952,139,242.47,2750982.91,2028963.51,687419.88,0.1584,4.0887,223.26,55.79,4945.47,Medium,40.2,Revise
F1549,Karnataka,Small,Breeder,Export,5493,22477.4,1086,174,234.9,1162680.34,939069.6,291900.6,0.1977,4.092,211.67,53.14,1677.59,High,34.0,Reject
F1550,Andhra Pradesh,Medium,Broiler,Wholesale,12128,40403.4,1048,82,216.09,2507486.17,1672074.09,983021.66,0.0864,3.3314,206.75,81.05,11988.07,Low,72.2,Approve
F1551,Maharashtra,Large,Broiler,Retail,13065,45703.5,1693,143,213.55,2609144.59,1990868.33,596796.64,0.1296,3.4982,199.7,45.68,4173.4,Medium,53.9,Revise
F1552,Himachal Pradesh,Medium,Broiler,Wholesale,8324,26274.5,339,92,185.81,1515115.31,1130382.64,297688.99,0.0407,3.1565,182.02,35.76,3235.75,Low,70.9,Approve
F1553,Andhra Pradesh,Large,Broiler,Wholesale,10068,44904.8,598,172,180.52,1763468.8,1799162.67,2679.95,0.0594,4.4602,175.16,0.27,15.58,High,32.6,Reject
F1554,Sikkim,Large,Broiler,Wholesale,13872,54066.5,1308,48,222.31,2938466.1,2001437.4,918439.16,0.0943,3.8975,211.83,66.21,19134.15,Low,55.8,Approve
F1555,Tamil Nadu,Small,Broiler,Retail,5321,23352.4,611,153,213.4,1070269.33,924534.0,244871.72,0.1148,4.3887,201.14,46.02,1600.47,Low,37.7,Approve
F1556,Karnataka,Small,Layer,Wholesale,6090,20193.0,1709,115,243.68,1275754.55,873252.67,405731.58,0.2806,3.3158,209.48,66.62,3528.1,High,46.0,Reject
F1557,Maharashtra,Medium,Broiler,Retail,10012,41341.7,738,99,223.41,2154337.09,1586328.6,579475.42,0.0737,4.1292,215.18,57.88,5853.29,Low,51.8,Approve
F1558,Bihar,Medium,Broiler,Wholesale,10716,43956.6,1450,76,254.94,2546980.68,1647630.27,1002118.52,0.1353,4.102,237.68,93.52,13185.77,Medium,52.6,Revise
F1559,Tamil Nadu,Large,Broiler,Wholesale,11607,46147.3,428,137,195.69,2229487.21,1878285.53,351566.83,0.0369,3.9758,192.08,30.29,2566.18,Low,53.2,Approve
F1560,Punjab,Large,Broiler,Export,11655,51766.7,223,49,259.21,2992168.09,1823145.4,1272904.19,0.0191,4.4416,256.73,109.22,25977.64,Low,63.5,Approve
F1561,Uttar Pradesh,Small,Layer,Export,5001,17348.7,500,66,203.83,968334.67,690399.8,251836.76,0.1,3.469,193.63,50.36,3815.71,Low,59.8,Approve
F1562,Himachal Pradesh,Small,Broiler,Retail,5201,15718.6,821,159,231.39,1108441.59,752874.13,293574.52,0.1579,3.0222,213.12,56.45,1846.38,Medium,62.4,Revise
F1563,Andhra Pradesh,Medium,Layer,Wholesale,8826,34791.3,1274,65,220.15,1802743.51,1308697.93,411789.21,0.1443,3.9419,204.25,46.66,6335.22,Medium,43.0,Revise
F1564,Uttarakhand,Small,Broiler,Wholesale,4283,17302.6,164,162,208.77,876963.55,718157.6,144023.63,0.0383,4.0398,204.75,33.63,889.03,Low,52.5,Approve
F1565,Uttarakhand,Large,Broiler,Export,10857,41013.4,61,93,191.14,2069347.79,1624647.2,456973.97,0.0056,3.7776,190.6,42.09,4913.7,Low,64.6,Approve
F1566,Karnataka,Medium,Layer,Wholesale,7764,24468.9,844,36,190.79,1400718.32,976205.4,459463.45,0.1087,3.1516,180.41,59.18,12762.87,Low,67.3,Approve
F1567,Telangana,Medium,Broiler,Retail,7592,27768.3,157,149,236.92,1780063.74,1191606.24,629011.59,0.0207,3.6576,234.47,82.85,4221.55,Low,75.2,Approve
F1568,Andhra Pradesh,Small,Layer,Wholesale,6642,22122.7,609,51,210.21,1332168.56,879020.2,453819.38,0.0917,3.3307,200.57,68.33,8898.42,Low,68.3,Approve
F1569,Uttarakhand,Medium,Broiler,Export,10344,36480.1,2096,75,256.9,2388133.99,1457682.2,802675.45,0.2026,3.5267,230.87,77.6,10702.34,High,51.1,Reject
F1570,Uttar Pradesh,Medium,Broiler,Wholesale,12850,50074.8,1574,139,206.05,2485544.53,2061683.38,510709.31,0.1225,3.8969,193.43,39.74,3674.17,Medium,45.2,Revise
F1571,Arunachal Pradesh,Medium,Layer,Wholesale,8592,34942.5,696,75,258.68,2132509.41,1312895.0,659532.89,0.081,4.0669,248.2,76.76,8793.77,Low,56.8,Approve
F1572,Arunachal Pradesh,Small,Layer,Retail,3618,11558.7,218,57,196.43,689223.49,471853.8,177133.29,0.0603,3.1948,190.5,48.96,3107.6,Low,70.7,Approve
F1573,Maharashtra,Medium,Layer,Export,9668,33732.2,265,116,188.23,1794776.12,1424884.04,373947.88,0.0274,3.4891,185.64,38.68,3223.69,Low,66.6,Approve
F1574,Maharashtra,Large,Layer,Export,9732,31702.7,786,64,205.01,1914534.27,1294787.93,695988.11,0.0808,3.2576,196.73,71.52,10874.81,Low,72.1,Approve
F1575,Maharashtra,Small,Breeder,Retail,5895,18496.6,666,158,250.85,1395106.29,867259.2,571605.43,0.113,3.1377,236.66,96.96,3617.76,Low,76.5,Approve
F1576,Andhra Pradesh,Small,Broiler,Retail,5497,22712.3,309,38,221.75,1184605.79,811655.89,367007.06,0.0562,4.1318,215.5,66.76,9658.08,Low,56.4,Approve
F1577,Bihar,Small,Broiler,Retail,3929,17074.4,399,38,190.85,711704.0,598629.38,128901.16,0.1016,4.3457,181.14,32.81,3392.14,Low,37.2,Approve
F1578,Himachal Pradesh,Medium,Broiler,Retail,8540,29287.0,1028,51,196.2,1574659.71,1148743.33,342030.0,0.1204,3.4294,184.39,40.05,6706.47,Medium,55.2,Revise
F1579,Arunachal Pradesh,Medium,Broiler,Export,7038,28695.2,1038,99,204.9,1335675.99,1107063.2,191093.84,0.1475,4.0772,189.78,27.15,1930.24,Medium,34.8,Revise
F1580,Uttarakhand,Medium,Broiler,Wholesale,12424,53732.5,1084,170,227.21,2699698.52,2178795.89,447114.83,0.0873,4.3249,217.3,35.99,2630.09,Low,40.4,Approve
F1581,Tamil Nadu,Small,Layer,Retail,5409,22925.6,969,176,206.59,1017322.98,944054.8,23679.93,0.1791,4.2384,188.08,4.38,134.55,High,21.4,Reject
F1582,Andhra Pradesh,Small,Broiler,Retail,3007,9354.1,190,94,239.76,698148.12,406390.51,279215.67,0.0632,3.1108,232.17,92.86,2970.38,Low,83.0,Approve
F1583,Himachal Pradesh,Medium,Layer,Retail,11050,48903.9,955,169,229.3,2424274.95,1960376.91,438585.68,0.0864,4.4257,219.39,39.69,2595.18,Low,39.4,Approve
F1584,Uttarakhand,Medium,Broiler,Export,12846,44194.7,1159,72,249.91,3065393.15,1779012.2,1215525.27,0.0902,3.4403,238.63,94.62,16882.3,Low,72.8,Approve
F1585,Uttarakhand,Large,Broiler,Wholesale,15057,50843.1,1441,46,220.08,3155085.09,1994531.0,1120051.47,0.0957,3.3767,209.54,74.39,24348.94,Low,68.3,Approve
F1586,Punjab,Small,Breeder,Wholesale,3494,10154.0,365,97,206.49,683750.29,458340.09,127582.89,0.1045,2.9061,195.69,36.51,1315.29,Low,67.3,Approve
F1587,Arunachal Pradesh,Medium,Broiler,Wholesale,9258,33574.1,1704,58,259.7,2183021.63,1296990.47,928129.91,0.1841,3.6265,235.8,100.25,16002.24,High,57.2,Reject
F1588,Gujarat,Medium,Broiler,Wholesale,11760,35107.4,217,164,208.45,2428756.16,1703232.13,676267.04,0.0185,2.9853,206.53,57.51,4123.58,Low,83.0,Approve
F1589,Punjab,Medium,Broiler,Wholesale,12996,41879.8,942,73,214.29,2683929.34,1739814.8,889555.64,0.0725,3.2225,206.52,68.45,12185.69,Low,73.3,Approve
F1590,Karnataka,Medium,Layer,Export,8124,27124.4,281,162,244.73,1953687.53,1236908.0,581165.67,0.0346,3.3388,240.48,71.54,3587.44,Low,76.9,Approve
F1591,Himachal Pradesh,Medium,Broiler,Retail,11280,47094.1,212,163,187.09,2090519.78,1926939.53,325700.67,0.0188,4.175,185.33,28.87,1998.16,Low,51.3,Approve
F1592,West Bengal,Large,Broiler,Export,9558,40987.9,598,36,210.92,1952802.19,1440805.0,668059.16,0.0626,4.2883,204.31,69.9,18557.2,Low,53.1,Approve
F1593,Telangana,Small,Layer,Wholesale,6667,22095.7,1301,83,186.86,1124162.64,917830.69,112545.43,0.1951,3.3142,168.62,16.88,1355.97,High,41.3,Reject
F1594,Tamil Nadu,Small,Broiler,Export,6671,28417.0,807,75,191.14,1197993.34,1047670.67,136214.49,0.121,4.2598,179.58,20.42,1816.19,Medium,33.1,Revise
F1595,West Bengal,Medium,Layer,Retail,11602,49393.1,839,167,180.37,2016943.97,2011198.69,99310.57,0.0723,4.2573,173.84,8.56,594.67,Medium,37.0,Revise
F1596,Himachal Pradesh,Medium,Broiler,Wholesale,9754,39990.5,507,33,180.76,1717293.57,1424714.47,261793.62,0.052,4.0999,176.06,26.84,7933.14,Low,47.7,Approve
F1597,Telangana,Small,Broiler,Retail,5140,15673.8,532,120,210.42,1025567.15,711476.93,283008.57,0.1035,3.0494,199.53,55.06,2358.4,Low,69.1,Approve
F1598,Andhra Pradesh,Small,Layer,Export,3085,12258.4,236,90,244.73,726105.62,473294.8,228446.87,0.0765,3.9735,235.37,74.05,2538.3,Low,58.6,Approve
F1599,Maharashtra,Small,Layer,Wholesale,6115,26946.0,526,140,226.96,1328128.5,1050757.56,298136.56,0.086,4.4065,217.19,48.75,2129.55,Low,42.1,Approve
F1600,Gujarat,Large,Layer,Retail,9408,37258.7,244,66,230.79,2143049.77,1400478.6,1022817.1,0.0259,3.9603,227.79,108.72,15497.23,Low,72.5,Approve
F1601,Karnataka,Small,Layer,Export,5468,18393.0,263,32,221.54,1182227.89,709152.84,522013.42,0.0481,3.3638,216.21,95.47,16312.92,Low,80.5,Approve
F1602,Andhra Pradesh,Small,Broiler,Wholesale,5121,18696.7,796,42,245.58,1159882.43,705614.2,389978.41,0.1554,3.651,226.5,76.15,9285.2,Medium,54.8,Revise
F1603,Himachal Pradesh,Small,Broiler,Retail,6619,25799.1,665,117,250.43,1574214.93,1036205.4,488509.67,0.1005,3.8977,237.83,73.8,4175.3,Low,56.8,Approve
F1604,Tamil Nadu,Small,Broiler,Wholesale,4636,17004.7,163,105,247.98,1129339.94,692442.07,421778.6,0.0352,3.668,243.6,90.98,4016.94,Low,74.9,Approve
F1605,Punjab,Small,Layer,Wholesale,6583,19774.8,692,37,244.97,1527825.29,807497.11,654695.33,0.1051,3.0039,232.09,99.45,17694.47,Low,81.0,Approve
F1606,Uttar Pradesh,Medium,Layer,Retail,12454,41478.2,2069,112,194.62,2222362.91,1783193.38,322975.04,0.1661,3.3305,178.45,25.93,2883.71,Medium,47.3,Revise
F1607,Himachal Pradesh,Small,Breeder,Wholesale,6326,26341.9,340,38,227.51,1400548.77,938557.44,514506.99,0.0537,4.1641,221.4,81.33,13539.66,Low,59.7,Approve
F1608,Gujarat,Large,Broiler,Retail,15654,66755.1,1384,107,226.57,3389973.36,2549086.07,755640.48,0.0884,4.2644,216.56,48.27,7062.06,Low,44.5,Approve
F1609,Punjab,Small,Broiler,Wholesale,4751,14411.7,1104,153,222.24,933095.1,683834.6,266607.43,0.2324,3.0334,196.4,56.12,1742.53,High,51.7,Reject
F1610,Himachal Pradesh,Medium,Layer,Wholesale,10434,46108.4,1162,175,218.47,2152435.27,1860698.13,483565.25,0.1114,4.4191,206.29,46.35,2763.23,Low,37.7,Approve
F1611,Odisha,Large,Layer,Retail,14361,48238.6,2786,71,187.13,2426710.86,1960566.93,402523.44,0.194,3.359,168.98,28.03,5669.34,High,43.3,Reject
F1612,Uttarakhand,Medium,Layer,Wholesale,7742,30394.6,826,70,188.17,1379060.84,1152126.09,245871.05,0.1067,3.9259,178.13,31.76,3512.44,Low,44.8,Approve
F1613,Bihar,Medium,Layer,Wholesale,10738,43790.7,2418,118,252.18,2402948.68,1725554.78,554408.26,0.2252,4.0781,223.78,51.63,4698.38,High,30.1,Reject
F1614,Tamil Nadu,Small,Broiler,Retail,6638,27748.9,750,106,230.41,1443074.91,1067465.22,405590.31,0.113,4.1803,217.4,61.1,3826.32,Low,46.0,Approve
F1615,Punjab,Small,Broiler,Export,5503,24256.0,740,83,200.99,1031642.6,889981.82,208719.83,0.1345,4.4078,187.47,37.93,2514.7,Medium,32.6,Revise
F1616,Telangana,Medium,Broiler,Export,7886,26275.9,950,126,202.34,1499551.23,1149016.2,444140.56,0.1205,3.332,190.15,56.32,3524.93,Medium,61.3,Revise
F1617,Sikkim,Large,Broiler,Retail,13878,59112.8,1063,127,228.82,3053831.04,2307716.0,752574.81,0.0766,4.2595,220.05,54.23,5925.79,Low,47.8,Approve
F1618,Maharashtra,Medium,Broiler,Export,11674,35300.6,1613,85,212.55,2309890.08,1536720.31,713232.23,0.1382,3.0239,197.87,61.1,8390.97,Medium,66.3,Revise
F1619,Andhra Pradesh,Medium,Broiler,Export,11320,45263.8,2144,129,215.31,2206394.58,1821408.93,411109.79,0.1894,3.9986,194.91,36.32,3186.9,High,32.9,Reject
F1620,Maharashtra,Medium,Broiler,Wholesale,12452,50572.1,975,174,184.85,2211619.45,2120368.07,96903.34,0.0783,4.0614,177.61,7.78,556.92,Medium,40.0,Revise
F1621,Karnataka,Medium,Layer,Wholesale,11872,46919.7,117,39,191.1,2257540.09,1708145.93,601446.08,0.0099,3.9521,190.16,50.66,15421.69,Low,62.6,Approve
F1622,Andhra Pradesh,Small,Layer,Wholesale,3348,10810.5,296,73,211.47,676658.83,448680.6,206511.91,0.0884,3.2289,202.11,61.68,2828.93,Low,69.2,Approve
F1623,Sikkim,Medium,Layer,Wholesale,13044,55882.8,1216,159,235.97,2934469.31,2250332.0,625423.33,0.0932,4.2842,224.97,47.95,3933.48,Low,43.4,Approve
F1624,Andhra Pradesh,Large,Broiler,Export,20841,64337.4,2017,171,183.84,3645959.6,3091039.2,515124.01,0.0968,3.0871,174.94,24.72,3012.42,Low,61.7,Approve
F1625,Arunachal Pradesh,Small,Broiler,Retail,4676,13519.2,232,159,206.76,942789.1,663397.33,310808.53,0.0496,2.8912,201.62,66.47,1954.77,Low,82.8,Approve
F1626,Tamil Nadu,Medium,Broiler,Retail,8392,33733.2,161,48,235.61,1958189.73,1233342.13,803094.85,0.0192,4.0197,233.34,95.7,16731.14,Low,71.1,Approve
F1627,Uttarakhand,Small,Breeder,Wholesale,3009,10857.4,132,109,243.36,716135.83,447620.53,253062.43,0.0439,3.6083,238.0,84.1,2321.67,Low,73.2,Approve
F1628,Sikkim,Medium,Broiler,Wholesale,11574,49113.9,2538,118,195.22,2011638.32,1902002.6,-6132.48,0.2193,4.2435,173.81,-0.53,-51.97,High,14.4,Reject
F1629,Telangana,Small,Broiler,Wholesale,6336,21870.4,315,30,238.52,1473664.86,831740.8,668644.6,0.0497,3.4518,232.59,105.53,22288.15,Low,79.6,Approve
F1630,Tamil Nadu,Medium,Layer,Export,8922,27533.9,674,159,256.43,2201457.92,1304041.0,977980.91,0.0755,3.0861,246.74,109.61,6150.82,Low,83.5,Approve
F1631,Odisha,Medium,Broiler,Wholesale,13662,57680.3,1339,56,252.54,3281099.71,2088079.4,1171012.17,0.098,4.222,240.16,85.71,20910.93,Low,53.4,Approve
F1632,Arunachal Pradesh,Small,Layer,Export,6318,23586.0,237,31,243.15,1507314.64,869611.2,583921.77,0.0375,3.7331,238.57,92.42,18836.19,Low,73.6,Approve
F1633,Maharashtra,Medium,Broiler,Wholesale,7332,22887.8,1118,167,236.99,1605009.95,1087810.53,478842.1,0.1525,3.1216,218.9,65.31,2867.32,Medium,63.4,Revise
F1634,Bihar,Medium,Broiler,Retail,11186,45019.8,521,48,198.81,2172107.05,1645189.47,704958.61,0.0466,4.0247,194.18,63.02,14686.64,Low,59.0,Approve
F1635,Arunachal Pradesh,Large,Broiler,Retail,13566,49772.2,1116,170,230.71,3001031.19,2183283.07,851019.1,0.0823,3.6689,221.22,62.73,5005.99,Low,61.3,Approve
F1636,Himachal Pradesh,Small,Layer,Export,5176,19810.3,793,143,231.46,1106195.9,826212.02,336034.34,0.1532,3.8273,213.72,64.92,2349.89,Medium,48.6,Revise
F1637,Uttarakhand,Small,Layer,Wholesale,6743,24163.7,704,85,212.55,1358375.24,970645.62,333184.56,0.1044,3.5835,201.45,49.41,3919.82,Low,56.6,Approve
F1638,Punjab,Small,Broiler,Wholesale,3600,15151.7,425,124,219.44,743253.62,592697.4,195532.18,0.1181,4.2088,206.46,54.31,1576.87,Low,43.0,Approve
F1639,Arunachal Pradesh,Large,Broiler,Wholesale,16956,71389.1,1819,178,235.52,3779252.37,2954923.4,993391.22,0.1073,4.2103,222.89,58.59,5580.85,Low,45.6,Approve
F1640,Punjab,Large,Broiler,Export,9978,39971.5,228,86,256.17,2526836.97,1530825.53,983072.14,0.0229,4.006,253.24,98.52,11431.07,Low,71.6,Approve
F1641,Tamil Nadu,Medium,Breeder,Wholesale,13648,40659.9,371,131,203.62,2741277.55,1894764.56,929976.65,0.0272,2.9792,200.86,68.14,7099.06,Low,84.5,Approve
F1642,Bihar,Large,Layer,Wholesale,20718,87555.3,1738,99,199.71,3964020.39,3326753.4,893726.09,0.0839,4.226,191.33,43.14,9027.54,Low,44.7,Approve
F1643,Gujarat,Medium,Layer,Retail,7958,31360.3,1197,111,228.14,1678979.39,1244864.47,341097.67,0.1504,3.9407,210.98,42.86,3072.95,Medium,41.2,Revise
F1644,Uttar Pradesh,Medium,Broiler,Retail,10902,43443.8,1014,78,190.46,1979862.04,1652038.0,275780.04,0.093,3.9849,181.61,25.3,3535.64,Low,43.9,Approve
F1645,Gujarat,Small,Broiler,Retail,3628,12397.1,237,120,226.6,795257.35,531533.53,284560.91,0.0653,3.4171,219.2,78.43,2371.34,Low,72.8,Approve
F1646,Tamil Nadu,Medium,Broiler,Export,9258,39761.0,1314,34,187.11,1609286.9,1393601.47,217314.69,0.1419,4.2948,173.83,23.47,6391.61,Medium,30.2,Revise
F1647,Sikkim,Small,Layer,Retail,6746,27207.5,1361,86,219.25,1329753.39,1039003.84,318095.19,0.2017,4.0331,197.12,47.15,3698.78,High,33.2,Reject
F1648,Himachal Pradesh,Large,Layer,Export,20046,59965.7,2490,121,229.63,4317267.13,2752757.13,1713057.42,0.1242,2.9914,215.37,85.46,14157.5,Medium,75.0,Revise
F1649,Tamil Nadu,Medium,Broiler,Retail,13392,46781.2,545,65,185.61,2435063.85,1853538.4,642234.31,0.0407,3.4932,181.83,47.96,9880.53,Low,67.0,Approve
F1650,Tamil Nadu,Medium,Broiler,Wholesale,12860,55386.0,2642,167,196.56,2267999.16,2243291.11,-3963.51,0.2054,4.3068,176.36,-0.31,-23.73,High,15.1,Reject
F1651,Uttarakhand,Small,Broiler,Export,6674,19222.7,228,141,206.83,1356795.27,923894.33,420421.59,0.0342,2.8802,203.3,62.99,2981.71,Low,84.3,Approve
F1652,Uttarakhand,Small,Broiler,Retail,6929,30726.0,87,177,209.49,1442385.92,1240454.53,314101.27,0.0126,4.4344,208.17,45.33,1774.58,Low,50.9,Approve
F1653,Sikkim,Small,Breeder,Wholesale,5765,22798.1,265,42,234.09,1318491.5,832853.53,491320.82,0.046,3.9546,228.71,85.22,11698.11,Low,66.1,Approve
F1654,Andhra Pradesh,Small,Broiler,Retail,6088,23580.9,727,151,222.32,1272661.33,986608.78,372295.58,0.1194,3.8733,209.04,61.15,2465.53,Low,51.5,Approve
F1655,Odisha,Small,Layer,Wholesale,3273,10669.8,499,138,210.57,636584.25,478683.2,203252.1,0.1525,3.2599,194.5,62.1,1472.84,Medium,59.7,Revise
F1656,Punjab,Large,Layer,Wholesale,11052,35620.0,983,176,216.05,2281573.1,1682044.8,510438.7,0.0889,3.2229,206.44,46.19,2900.22,Low,65.4,Approve
F1657,West Bengal,Medium,Layer,Retail,6230,27421.3,235,121,181.04,1106547.78,1048782.82,98458.81,0.0377,4.4015,177.62,15.8,813.71,Medium,40.7,Revise
F1658,Uttarakhand,Small,Breeder,Retail,3860,12765.3,437,131,241.64,879880.17,563731.71,268625.61,0.1132,3.3071,227.95,69.59,2050.58,Low,66.1,Approve
F1659,West Bengal,Small,Layer,Retail,5003,20604.2,283,85,183.28,890986.34,779043.29,183986.73,0.0566,4.1184,178.09,36.78,2164.55,Low,49.1,Approve
F1660,Gujarat,Medium,Layer,Wholesale,7384,25610.0,382,74,246.35,1771860.13,1029760.62,758804.5,0.0517,3.4683,239.96,102.76,10254.11,Low,79.0,Approve
F1661,Odisha,Medium,Broiler,Export,12324,37424.7,1725,89,223.28,2559009.82,1634536.47,942388.59,0.14,3.0367,207.64,76.47,10588.64,Medium,69.6,Revise
F1662,Andhra Pradesh,Medium,Layer,Wholesale,8210,23137.6,340,83,222.23,1786586.84,1040670.31,668635.53,0.0414,2.8182,217.61,81.44,8055.85,Low,89.2,Approve
F1663,Andhra Pradesh,Large,Layer,Wholesale,16113,60024.8,3070,66,236.37,3445676.31,2315254.8,1025881.27,0.1905,3.7252,213.84,63.67,15543.66,High,45.2,Reject
F1664,Odisha,Medium,Broiler,Wholesale,12016,53577.2,1272,66,248.76,2830928.26,1920486.13,942458.49,0.1059,4.4588,235.6,78.43,14279.67,Low,45.6,Approve
F1665,Punjab,Large,Layer,Wholesale,15483,53068.5,1998,43,255.41,3699270.84,2060015.93,1656085.13,0.129,3.4275,238.92,106.96,38513.61,Medium,69.0,Revise
F1666,Karnataka,Large,Layer,Wholesale,14376,48982.3,3697,124,223.47,2799477.54,2113321.53,632249.72,0.2572,3.4072,194.73,43.98,5098.79,High,38.5,Reject
F1667,Sikkim,Small,Layer,Retail,6129,20746.4,345,131,192.05,1143957.39,905608.4,288588.11,0.0563,3.385,186.65,47.09,2202.96,Low,66.8,Approve
F1668,Arunachal Pradesh,Large,Broiler,Export,9459,34855.7,1091,71,250.29,2230843.66,1359169.0,871400.13,0.1153,3.6849,235.84,92.12,12273.24,Low,63.7,Approve
F1669,Andhra Pradesh,Small,Layer,Export,4900,17390.7,485,30,183.25,853476.61,653728.73,156618.98,0.099,3.5491,174.18,31.96,5220.63,Low,53.7,Approve
F1670,Andhra Pradesh,Large,Broiler,Retail,13281,57053.2,2500,52,244.59,2942571.96,2041995.87,1006564.79,0.1882,4.2959,221.56,75.79,19357.02,High,36.8,Reject
F1671,Uttar Pradesh,Small,Layer,Wholesale,6699,24514.2,910,57,234.43,1463702.5,942145.6,436715.13,0.1358,3.6594,218.5,65.19,7661.67,Medium,54.6,Revise
F1672,Uttarakhand,Large,Broiler,Retail,20778,76113.7,2169,161,252.38,4970122.33,3308113.93,1184022.47,0.1044,3.6632,239.2,56.98,7354.18,Low,56.9,Approve
F1673,Telangana,Large,Broiler,Retail,12867,39054.3,677,47,251.8,3154548.87,1610055.53,1559659.91,0.0526,3.0352,245.17,121.21,33184.25,Low,87.8,Approve
F1674,West Bengal,Large,Broiler,Wholesale,9942,44447.3,1844,78,184.25,1661906.05,1612803.0,-36542.17,0.1855,4.4707,167.16,-3.68,-468.49,High,13.7,Reject
F1675,Tamil Nadu,Medium,Broiler,Retail,13572,43769.1,1740,76,228.76,2905542.91,1824893.0,1106525.52,0.1282,3.225,214.08,81.53,14559.55,Medium,68.7,Revise
F1676,Andhra Pradesh,Small,Broiler,Wholesale,4064,11886.1,580,144,189.97,716950.08,568732.6,177481.88,0.1427,2.9247,176.41,43.67,1232.51,Medium,63.4,Revise
F1677,Gujarat,Small,Broiler,Wholesale,3104,12190.5,102,68,186.28,568613.37,460914.91,135688.56,0.0329,3.9274,183.19,43.71,1995.42,Low,58.1,Approve
F1678,Bihar,Medium,Layer,Retail,9848,37541.8,1836,35,215.86,1927557.58,1379596.04,595923.82,0.1864,3.8121,195.73,60.51,17026.39,High,43.2,Reject
F1679,Uttar Pradesh,Small,Layer,Retail,4913,17223.7,528,82,187.81,873042.8,696192.02,118965.28,0.1075,3.5057,177.7,24.21,1450.8,Low,51.5,Approve
F1680,West Bengal,Medium,Broiler,Retail,8432,29661.5,140,54,238.23,1992093.74,1155100.2,765263.02,0.0166,3.5177,236.25,90.76,14171.54,Low,80.6,Approve
F1681,West Bengal,Small,Broiler,Wholesale,4424,18291.5,594,128,257.52,1062648.17,724283.58,338652.33,0.1343,4.1346,240.2,76.55,2645.72,Medium,47.9,Revise
F1682,Punjab,Large,Broiler,Retail,19047,59668.8,1404,94,225.57,4138015.99,2583360.13,1557775.86,0.0737,3.1327,217.25,81.79,16572.08,Low,78.3,Approve
F1683,Himachal Pradesh,Medium,Layer,Export,10802,45308.2,1063,162,198.81,2041876.75,1847978.0,97735.59,0.0984,4.1944,189.03,9.05,603.31,Medium,34.8,Revise
F1684,Uttarakhand,Large,Broiler,Export,18189,70989.3,775,37,247.46,4405007.76,2590857.8,1712298.96,0.0426,3.9029,242.18,94.14,46278.35,Low,69.9,Approve
F1685,Tamil Nadu,Small,Broiler,Wholesale,4772,16760.5,529,68,248.25,1118860.36,665019.18,499175.07,0.1109,3.5123,234.46,104.61,7340.81,Low,69.8,Approve
F1686,Odisha,Large,Broiler,Wholesale,14880,53250.3,190,140,238.62,3527938.01,2285853.27,1330943.58,0.0128,3.5786,237.09,89.45,9506.74,Low,79.5,Approve
F1687,Sikkim,Large,Broiler,Retail,17340,56117.4,523,72,229.21,3914504.56,2323534.8,1530597.61,0.0302,3.2363,225.75,88.27,21258.3,Low,83.9,Approve
F1688,Tamil Nadu,Medium,Broiler,Wholesale,9206,37547.5,1485,111,249.42,2110914.66,1468010.07,751580.01,0.1613,4.0786,229.3,81.64,6770.99,Medium,46.5,Revise
F1689,Karnataka,Medium,Broiler,Wholesale,7416,27230.7,780,152,193.06,1356369.86,1170272.2,96135.78,0.1052,3.6719,182.9,12.96,632.47,Medium,45.6,Revise
F1690,Uttarakhand,Medium,Layer,Wholesale,12654,42333.4,808,162,254.53,3117891.03,1928470.0,1317597.9,0.0639,3.3455,246.4,104.13,8133.32,Low,79.8,Approve
F1691,Telangana,Small,Layer,Retail,3650,13918.5,291,33,255.78,896341.49,510120.33,416902.64,0.0797,3.8133,245.57,114.22,12633.41,Low,68.0,Approve
F1692,Sikkim,Medium,Broiler,Retail,11742,52753.9,1684,137,249.76,2722270.24,2033668.73,790236.42,0.1434,4.4928,231.84,67.3,5768.15,Medium,36.9,Revise
F1693,Tamil Nadu,Small,Layer,Wholesale,3946,13968.6,260,122,200.05,763367.47,590193.56,184489.37,0.0659,3.5399,193.45,46.75,1512.21,Low,62.2,Approve
F1694,Tamil Nadu,Small,Broiler,Wholesale,3660,15976.5,1086,158,248.65,774936.63,637288.33,112336.99,0.2967,4.3652,211.73,30.69,710.99,High,15.4,Reject
F1695,Odisha,Small,Breeder,Retail,5146,17427.1,629,123,219.81,1061981.19,753222.07,340193.33,0.1222,3.3865,206.37,66.11,2765.8,Medium,62.3,Revise
F1696,Karnataka,Small,Broiler,Wholesale,5635,16302.3,585,85,227.59,1215910.87,725551.71,465091.24,0.1038,2.893,215.78,82.54,5471.66,Low,79.2,Approve
F1697,Arunachal Pradesh,Small,Layer,Retail,5329,16771.5,31,32,247.25,1313744.6,665739.09,661487.03,0.0058,3.1472,246.53,124.13,20671.47,Low,92.0,Approve
F1698,Odisha,Small,Layer,Wholesale,6954,24420.9,395,51,182.37,1232115.84,948009.4,239263.62,0.0568,3.5118,177.18,34.41,4691.44,Low,61.0,Approve
F1699,Arunachal Pradesh,Large,Broiler,Wholesale,16350,51884.8,1188,85,209.04,3293494.47,2206032.27,1030667.31,0.0727,3.1734,201.44,63.04,12125.5,Low,72.9,Approve
F1700,Arunachal Pradesh,Medium,Breeder,Wholesale,8264,23142.4,86,47,245.26,2016138.26,991383.11,1010314.66,0.0104,2.8004,243.97,122.25,21496.06,Low,98.5,Approve
F1701,Sikkim,Large,Broiler,Retail,11097,48333.0,1408,145,245.12,2547381.3,1904232.0,694061.76,0.1269,4.3555,229.56,62.54,4786.63,Medium,40.8,Revise
F1702,Karnataka,Medium,Layer,Retail,10492,44429.4,349,113,247.9,2557646.5,1712819.42,917361.16,0.0333,4.2346,243.77,87.43,8118.24,Low,62.7,Approve
F1703,Uttar Pradesh,Small,Broiler,Wholesale,6374,25890.5,434,59,193.54,1191600.63,955147.18,337483.27,0.0681,4.0619,186.95,52.95,5720.06,Low,52.7,Approve
F1704,Andhra Pradesh,Medium,Broiler,Wholesale,10076,31087.3,617,109,236.47,2309722.6,1382971.09,943858.06,0.0612,3.0853,229.23,93.67,8659.25,Low,84.0,Approve
F1705,Uttarakhand,Medium,Broiler,Wholesale,10748,32293.6,2035,95,191.72,1865450.26,1429380.98,347672.16,0.1893,3.0046,173.56,32.35,3659.71,High,52.4,Reject
F1706,Telangana,Small,Broiler,Retail,5201,15160.5,1126,39,242.81,1126081.45,629641.27,541481.51,0.2165,2.9149,216.51,104.11,13884.14,High,67.3,Reject
F1707,Punjab,Medium,Broiler,Wholesale,7102,28627.1,954,88,199.61,1322341.2,1096003.04,248661.54,0.1343,4.0309,186.19,35.01,2825.7,Medium,39.6,Revise
F1708,Karnataka,Small,Broiler,Wholesale,6716,29409.2,305,80,239.03,1568786.46,1078318.84,475535.01,0.0454,4.379,233.59,70.81,5944.19,Low,53.8,Approve
F1709,Odisha,Medium,Layer,Retail,6808,24045.2,324,152,216.4,1438137.6,1053361.69,355979.02,0.0476,3.5319,211.24,52.29,2341.97,Low,66.3,Approve
F1710,West Bengal,Medium,Broiler,Retail,6922,20783.6,445,166,258.9,1734432.05,1007615.11,673202.49,0.0643,3.0025,250.57,97.26,4055.44,Low,86.1,Approve
F1711,Uttarakhand,Small,Broiler,Wholesale,5179,19012.5,413,83,226.39,1125712.84,753644.02,335401.16,0.0797,3.6711,217.36,64.76,4040.98,Low,62.1,Approve
F1712,Andhra Pradesh,Small,Layer,Wholesale,5838,19808.4,371,110,230.61,1303496.93,841850.13,382103.12,0.0635,3.393,223.28,65.45,3473.66,Low,70.3,Approve
F1713,Arunachal Pradesh,Medium,Broiler,Export,7746,26624.6,325,166,209.45,1588349.21,1201634.27,463393.29,0.042,3.4372,205.05,59.82,2791.53,Low,71.0,Approve
F1714,Arunachal Pradesh,Medium,Broiler,Export,6166,23777.7,909,38,238.76,1363685.92,873064.16,520268.27,0.1474,3.8563,221.16,84.38,13691.27,Medium,53.7,Revise
F1715,Odisha,Small,Broiler,Wholesale,4422,17784.5,736,130,219.59,890190.97,714556.33,179776.58,0.1664,4.0218,201.31,40.66,1382.9,Medium,36.7,Revise
F1716,West Bengal,Large,Broiler,Retail,17403,52000.6,1014,68,181.45,3065662.25,2224546.13,745965.72,0.0583,2.988,176.16,42.86,10970.08,Low,73.7,Approve
F1717,Arunachal Pradesh,Small,Broiler,Retail,5675,16233.4,368,165,228.69,1255605.99,807351.47,516645.39,0.0648,2.8605,221.25,91.04,3131.18,Low,87.4,Approve
F1718,Himachal Pradesh,Medium,Breeder,Export,12360,55500.9,2135,139,246.44,2782848.43,2144449.13,440728.58,0.1727,4.4904,225.15,35.66,3170.71,Medium,24.9,Revise
F1719,Punjab,Large,Broiler,Wholesale,9660,30869.9,523,95,198.94,1869725.61,1325284.47,532195.1,0.0541,3.1956,193.55,55.09,5602.05,Low,73.1,Approve
F1720,Uttarakhand,Small,Broiler,Retail,6975,20168.3,1014,39,197.69,1278528.64,840812.6,500501.15,0.1454,2.8915,183.3,71.76,12833.36,Medium,70.7,Revise
F1721,Bihar,Small,Broiler,Retail,5600,17487.6,943,146,228.71,1172829.88,810078.31,245900.86,0.1684,3.1228,209.43,43.91,1684.25,Medium,55.8,Revise
F1722,Bihar,Small,Broiler,Wholesale,4391,12585.6,141,112,245.44,1060318.59,583862.89,485789.15,0.0321,2.8662,241.48,110.63,4337.4,Low,94.1,Approve
F1723,Sikkim,Small,Broiler,Retail,6218,21552.1,287,168,199.97,1214664.57,970757.13,203813.97,0.0462,3.4661,195.35,32.78,1213.18,Low,63.0,Approve
F1724,Odisha,Small,Broiler,Wholesale,3111,12954.5,184,163,254.58,768508.73,530698.87,242465.53,0.0591,4.1641,247.03,77.94,1487.52,Low,58.1,Approve
F1725,Tamil Nadu,Medium,Broiler,Wholesale,7228,24431.5,605,99,254.19,1760360.05,1026105.8,701295.85,0.0837,3.3801,243.55,97.02,7083.8,Low,75.6,Approve
F1726,Arunachal Pradesh,Small,Broiler,Wholesale,4581,16286.0,459,68,196.04,853018.2,642721.2,235618.48,0.1002,3.5551,186.21,51.43,3464.98,Low,58.3,Approve
F1727,Sikkim,Medium,Layer,Export,11942,47153.0,800,42,201.1,2321086.36,1723632.93,740495.45,0.067,3.9485,194.36,62.01,17630.84,Low,57.5,Approve
F1728,Gujarat,Large,Broiler,Retail,19695,72184.5,1991,88,236.05,4413862.14,2880926.33,2087609.62,0.1011,3.6651,224.11,106.0,23722.84,Low,68.0,Approve
F1729,Bihar,Large,Broiler,Retail,19728,84129.2,2667,96,256.14,4711516.26,3173933.6,1510868.4,0.1352,4.2645,238.82,76.58,15738.21,Medium,45.1,Revise
F1730,Uttar Pradesh,Medium,Layer,Retail,6948,29683.7,1867,70,236.79,1424162.3,1086905.4,389806.55,0.2687,4.2723,204.97,56.1,5568.66,High,23.7,Reject
F1731,Sikkim,Small,Broiler,Wholesale,5883,16571.5,1130,64,215.59,1146423.49,725658.47,440377.7,0.1921,2.8168,194.87,74.86,6880.9,High,66.5,Reject
F1732,Uttar Pradesh,Medium,Layer,Wholesale,9826,40509.4,1492,110,193.52,1757089.43,1574659.69,218984.36,0.1518,4.1227,178.82,22.29,1990.77,Medium,32.1,Revise
F1733,Arunachal Pradesh,Medium,Layer,Retail,6540,23434.4,450,63,216.88,1369519.97,915804.8,554772.05,0.0688,3.5832,209.41,84.83,8805.91,Low,70.5,Approve
F1734,Gujarat,Medium,Broiler,Export,10936,49004.5,585,105,228.54,2432473.64,1829037.67,520221.86,0.0535,4.481,222.43,47.57,4954.49,Low,44.8,Approve
F1735,Arunachal Pradesh,Small,Broiler,Wholesale,4920,17817.8,875,99,206.48,925430.62,724583.6,184268.63,0.1778,3.6215,188.1,37.45,1861.3,Medium,42.6,Revise
F1736,Karnataka,Large,Breeder,Wholesale,17262,77294.5,996,40,220.82,3701770.01,2686331.0,982960.86,0.0577,4.4777,214.45,56.94,24574.02,Low,46.6,Approve
F1737,Gujarat,Medium,Layer,Wholesale,8780,35846.7,765,141,190.42,1599005.84,1447712.73,72554.17,0.0871,4.0828,182.12,8.26,514.57,Medium,38.5,Revise
F1738,Gujarat,Small,Breeder,Wholesale,6351,20466.9,307,56,216.18,1339668.54,831049.53,508520.21,0.0483,3.2226,210.94,80.07,9080.72,Low,79.6,Approve
F1739,Gujarat,Small,Broiler,Wholesale,6354,23606.8,491,77,187.26,1143856.57,924028.8,257458.93,0.0773,3.7153,180.02,40.52,3343.62,Low,55.5,Approve
F1740,Himachal Pradesh,Medium,Broiler,Retail,6078,27269.7,241,53,183.93,1095661.48,961101.67,179940.02,0.0397,4.4866,180.27,29.61,3395.09,Low,42.1,Approve
F1741,Karnataka,Large,Breeder,Wholesale,14946,63637.1,1170,47,248.58,3569814.04,2272198.33,1264804.52,0.0783,4.2578,238.85,84.62,26910.73,Low,55.2,Approve
F1742,Maharashtra,Medium,Broiler,Wholesale,10472,31055.0,777,56,196.41,1980460.62,1311064.58,782483.9,0.0742,2.9655,189.12,74.72,13972.93,Low,79.9,Approve
F1743,Tamil Nadu,Medium,Breeder,Retail,12470,49890.4,1055,83,226.01,2699140.7,1905090.58,514178.58,0.0846,4.0008,216.45,41.23,6194.92,Low,48.7,Approve
F1744,Gujarat,Small,Broiler,Export,3993,13526.2,325,84,191.92,735144.27,556855.2,263763.64,0.0814,3.3875,184.11,66.06,3140.04,Low,68.0,Approve
F1745,Himachal Pradesh,Medium,Breeder,Wholesale,10024,28186.2,1299,149,201.0,1884269.21,1386821.02,550891.4,0.1296,2.8119,187.98,54.96,3697.26,Medium,70.4,Revise
F1746,Arunachal Pradesh,Medium,Broiler,Retail,13214,46062.9,1008,50,208.91,2655113.44,1791541.58,806429.1,0.0763,3.4859,200.93,61.03,16128.58,Low,65.5,Approve
F1747,Himachal Pradesh,Small,Broiler,Wholesale,5583,17860.5,676,144,191.49,1004306.36,815005.8,212505.15,0.1211,3.1991,179.89,38.06,1475.73,Medium,59.3,Revise
F1748,Uttarakhand,Small,Layer,Export,6075,25466.9,865,149,183.68,1036390.97,1024941.8,3531.82,0.1424,4.1921,170.6,0.58,23.7,High,26.5,Reject
F1749,Uttar Pradesh,Medium,Broiler,Retail,13812,46594.3,1424,87,250.17,3277227.16,1929300.2,1005584.87,0.1031,3.3735,237.27,72.81,11558.45,Low,67.0,Approve
F1750,Gujarat,Small,Broiler,Retail,3289,13836.1,324,83,180.95,565737.85,517375.22,49689.44,0.0985,4.2068,172.01,15.11,598.67,Medium,36.0,Revise
F1751,Telangana,Medium,Broiler,Wholesale,10960,30699.1,633,175,184.91,1967970.77,1564357.98,493303.74,0.0578,2.801,179.56,45.01,2818.88,Low,78.1,Approve
F1752,West Bengal,Small,Layer,Retail,5518,18337.9,731,32,244.41,1259248.02,710725.09,609205.61,0.1325,3.3233,228.21,110.4,19037.68,Medium,70.7,Revise
F1753,Punjab,Small,Breeder,Retail,6252,20068.8,917,158,202.56,1173463.16,929725.33,258505.73,0.1467,3.21,187.69,41.35,1636.11,Medium,56.4,Revise
F1754,Tamil Nadu,Small,Broiler,Wholesale,6319,20202.3,159,35,237.83,1483818.82,799718.82,755157.97,0.0252,3.1971,234.82,119.51,21575.94,Low,88.3,Approve
F1755,Tamil Nadu,Large,Broiler,Wholesale,17025,49643.5,651,48,191.7,3201221.19,2088687.0,1182231.16,0.0382,2.9159,188.03,69.44,24629.82,Low,84.6,Approve
F1756,Sikkim,Large,Broiler,Retail,9834,30663.5,1073,115,198.98,1849976.81,1367347.67,503217.16,0.1091,3.1181,188.12,51.17,4375.8,Low,66.0,Approve
F1757,Arunachal Pradesh,Large,Layer,Retail,17772,66546.1,1164,144,225.82,3881825.56,2807577.4,940520.64,0.0655,3.7444,218.42,52.92,6531.39,Low,59.6,Approve
F1758,Odisha,Medium,Broiler,Wholesale,7160,23594.4,803,152,259.09,1750994.39,1070555.91,650040.29,0.1122,3.2953,244.55,90.79,4276.58,Low,71.8,Approve
F1759,Uttar Pradesh,Small,Broiler,Retail,3862,13554.0,62,165,185.88,712063.6,604573.33,98362.97,0.0161,3.5096,184.38,25.47,596.14,Low,64.5,Approve
F1760,West Bengal,Medium,Broiler,Wholesale,6506,22385.0,794,102,212.04,1295319.35,935745.47,378063.17,0.122,3.4407,199.1,58.11,3706.5,Medium,59.3,Revise
F1761,Uttar Pradesh,Medium,Broiler,Wholesale,6360,27278.3,149,76,183.45,1152980.02,1004053.27,195227.73,0.0234,4.289,181.29,30.7,2568.79,Low,48.7,Approve
F1762,Odisha,Large,Layer,Retail,20703,89830.5,3960,114,195.94,3668492.84,3431001.8,124789.96,0.1913,4.339,177.2,6.03,1094.65,High,18.0,Reject
F1763,Sikkim,Small,Broiler,Wholesale,3680,13387.9,200,57,252.6,904190.22,515824.47,325444.93,0.0543,3.638,245.7,88.44,5709.56,Low,72.3,Approve
F1764,Uttar Pradesh,Medium,Broiler,Wholesale,7648,25707.0,706,75,187.72,1369347.97,1049927.33,417997.32,0.0923,3.3613,179.05,54.65,5573.3,Low,64.2,Approve
F1765,Himachal Pradesh,Small,Broiler,Wholesale,6580,19618.7,237,161,248.55,1605898.56,948945.62,579177.59,0.036,2.9816,244.06,88.02,3597.38,Low,88.2,Approve
F1766,Uttarakhand,Small,Layer,Retail,6832,30202.8,62,149,194.22,1320879.42,1187033.69,166213.55,0.0091,4.4208,193.34,24.33,1115.53,Low,46.4,Approve
F1767,Andhra Pradesh,Medium,Broiler,Wholesale,7398,21471.9,314,165,248.94,1802519.95,1059289.8,766048.57,0.0424,2.9024,243.65,103.55,4642.72,Low,92.0,Approve
F1768,Andhra Pradesh,Medium,Broiler,Export,11226,37113.2,801,145,223.04,2414521.74,1667171.73,705779.75,0.0714,3.306,215.08,62.87,4867.45,Low,70.3,Approve
F1769,Tamil Nadu,Small,Broiler,Wholesale,4349,14380.9,76,90,250.26,1078796.92,603413.8,508149.3,0.0175,3.3067,248.06,116.84,5646.1,Low,87.1,Approve
F1770,West Bengal,Small,Layer,Retail,4380,14649.7,1409,46,192.14,706147.11,577112.07,86396.82,0.3217,3.3447,161.22,19.73,1878.19,High,33.7,Reject
F1771,Andhra Pradesh,Medium,Broiler,Wholesale,13792,42469.5,1228,63,240.96,3175381.38,1778399.4,1655891.41,0.089,3.0793,230.23,120.06,26283.99,Low,81.8,Approve
F1772,Bihar,Medium,Broiler,Retail,9346,38611.8,342,49,234.46,2151089.63,1398173.64,1036308.91,0.0366,4.1314,230.16,110.88,21149.16,Low,67.5,Approve
F1773,Himachal Pradesh,Large,Broiler,Retail,17181,51684.7,2478,72,223.43,3561944.24,2216030.2,1565136.6,0.1442,3.0082,207.32,91.1,21738.01,Medium,73.3,Revise
F1774,Andhra Pradesh,Large,Broiler,Wholesale,16314,63287.6,1156,39,244.85,3852869.15,2321137.6,1375672.83,0.0709,3.8793,236.17,84.32,35273.66,Low,63.9,Approve
F1775,Gujarat,Medium,Breeder,Wholesale,9276,27925.8,1202,123,231.86,2011344.93,1281002.8,496454.11,0.1296,3.0105,216.83,53.52,4036.21,Medium,65.9,Revise
F1776,Uttar Pradesh,Small,Broiler,Wholesale,4957,14474.0,237,144,250.16,1210350.78,693177.2,546062.47,0.0478,2.9199,244.17,110.16,3792.1,Low,90.8,Approve
F1777,Himachal Pradesh,Medium,Breeder,Wholesale,12312,53508.3,2030,156,210.48,2377785.69,2134235.4,89782.16,0.1649,4.346,193.13,7.29,575.53,Medium,21.9,Revise
F1778,Bihar,Medium,Broiler,Wholesale,12776,39902.2,685,139,227.19,2824776.26,1832357.56,934064.58,0.0536,3.1232,221.1,73.11,6719.89,Low,79.1,Approve
F1779,Uttarakhand,Small,Broiler,Retail,3211,13473.8,322,136,249.65,761331.02,534608.44,284691.16,0.1003,4.1961,237.1,88.66,2093.32,Low,54.4,Approve
F1780,Arunachal Pradesh,Large,Broiler,Retail,13614,50724.0,996,134,197.19,2586259.08,2120943.73,675278.46,0.0732,3.7259,189.97,49.6,5039.39,Low,58.1,Approve
F1781,Tamil Nadu,Small,Breeder,Wholesale,3383,9920.2,688,100,218.86,665061.11,447536.62,275107.66,0.2034,2.9324,196.59,81.32,2751.08,High,64.1,Reject
F1782,Uttarakhand,Large,Broiler,Wholesale,14142,62567.9,1265,113,256.86,3470036.56,2367690.87,1119420.79,0.0894,4.4243,245.37,79.16,9906.38,Low,48.8,Approve
F1783,Telangana,Medium,Layer,Wholesale,6682,21514.9,864,32,217.89,1361799.78,845440.96,577408.29,0.1293,3.2198,203.8,86.41,18044.01,Medium,69.9,Revise
F1784,Himachal Pradesh,Medium,Broiler,Wholesale,9676,41233.3,1206,75,200.23,1816553.9,1519945.93,115729.81,0.1246,4.2614,187.74,11.96,1543.06,Medium,30.5,Revise
F1785,Odisha,Medium,Broiler,Retail,9974,30789.5,434,55,208.09,2030228.69,1273592.56,604454.81,0.0435,3.087,203.55,60.6,10990.09,Low,78.2,Approve
F1786,Gujarat,Large,Layer,Retail,11529,49017.9,925,167,250.81,2775462.04,1997127.0,738341.24,0.0802,4.2517,240.74,64.04,4421.21,Low,49.9,Approve
F1787,Uttarakhand,Medium,Breeder,Wholesale,12218,34485.2,1686,37,256.39,2916357.83,1449941.69,1589092.26,0.138,2.8225,238.69,130.06,42948.44,Medium,80.2,Revise
F1788,Sikkim,Medium,Broiler,Wholesale,9068,33279.8,1097,84,256.01,2180946.93,1320971.07,813476.74,0.121,3.67,240.51,89.71,9684.25,Medium,62.6,Revise
F1789,Himachal Pradesh,Small,Layer,Retail,3419,14045.4,220,120,235.92,780597.9,552887.47,259038.11,0.0643,4.108,228.31,75.76,2158.65,Low,58.0,Approve
F1790,Arunachal Pradesh,Medium,Broiler,Wholesale,11596,50896.6,1770,167,220.77,2364626.56,2043797.56,184442.68,0.1526,4.3892,203.92,15.91,1104.45,Medium,24.9,Revise
F1791,Andhra Pradesh,Small,Broiler,Wholesale,6240,27116.8,436,143,194.62,1171901.5,1067204.27,110675.77,0.0699,4.3456,187.8,17.74,773.96,Medium,37.8,Revise
F1792,Gujarat,Medium,Broiler,Retail,9976,41833.0,520,108,189.86,1844626.74,1610665.2,284677.93,0.0521,4.1934,184.91,28.54,2635.91,Low,46.2,Approve
F1793,Tamil Nadu,Medium,Broiler,Retail,9864,42513.1,484,130,184.78,1777956.07,1656456.2,188831.47,0.0491,4.3099,180.25,19.14,1452.55,Low,41.8,Approve
F1794,Odisha,Medium,Broiler,Wholesale,12828,40262.9,1362,115,181.42,2203593.4,1789445.13,364395.47,0.1062,3.1387,171.78,28.41,3168.66,Low,60.3,Approve
F1795,Karnataka,Small,Broiler,Export,4849,15919.8,291,74,250.25,1177047.28,656476.89,522257.24,0.06,3.2831,242.74,107.7,7057.53,Low,81.7,Approve
F1796,Odisha,Small,Breeder,Wholesale,3305,10877.6,638,79,244.73,730723.88,450974.09,223456.98,0.193,3.2913,221.1,67.61,2828.57,High,54.8,Reject
F1797,Tamil Nadu,Medium,Layer,Retail,13226,45510.6,5032,93,225.43,2414266.3,1881203.07,520378.13,0.3805,3.441,182.54,39.35,5595.46,High,36.6,Reject
F1798,Andhra Pradesh,Small,Broiler,Wholesale,5749,19941.2,229,124,259.9,1464373.17,852889.91,690682.36,0.0398,3.4686,254.72,120.14,5570.02,Low,80.7,Approve
F1799,Punjab,Small,Breeder,Retail,3868,14411.2,229,31,256.24,961810.43,531763.38,417404.5,0.0592,3.7257,248.66,107.91,13464.66,Low,72.7,Approve
F1800,Arunachal Pradesh,Small,Broiler,Export,5584,17152.9,864,124,232.41,1197366.06,779659.98,372928.63,0.1547,3.0718,214.43,66.79,3007.49,Medium,64.4,Revise
F1801,Telangana,Large,Broiler,Wholesale,12405,49311.4,1272,91,217.17,2555813.11,1905786.13,749886.1,0.1025,3.9751,206.03,60.45,8240.51,Low,51.6,Approve
F1802,Maharashtra,Medium,Layer,Retail,8868,27356.6,436,171,192.17,1662298.19,1314832.4,537400.7,0.0492,3.0849,187.45,60.6,3142.69,Low,77.4,Approve
F1803,Sikkim,Small,Broiler,Retail,3205,10664.7,442,103,221.25,660147.02,453560.51,278320.4,0.1379,3.3275,205.97,86.84,2702.14,Medium,66.5,Revise
F1804,Andhra Pradesh,Small,Layer,Wholesale,6256,22870.0,612,129,192.62,1146062.16,959410.93,201631.56,0.0978,3.6557,183.19,32.23,1563.04,Low,51.7,Approve
F1805,Andhra Pradesh,Small,Broiler,Retail,6453,26805.4,867,140,211.88,1275340.82,1072976.8,251496.72,0.1344,4.1539,197.64,38.97,1796.41,Medium,38.1,Revise
F1806,Uttarakhand,Medium,Broiler,Export,6990,28359.1,1333,133,255.41,1615059.42,1138674.87,608708.76,0.1907,4.0571,231.05,87.08,4576.76,High,44.2,Reject
F1807,Uttarakhand,Medium,Broiler,Retail,12900,50276.6,1504,44,207.36,2518979.64,1851991.87,697378.85,0.1166,3.8974,195.27,54.06,15849.52,Low,49.6,Approve
F1808,Telangana,Small,Breeder,Wholesale,6118,18750.5,360,43,192.22,1141388.04,765179.71,402535.29,0.0588,3.0648,186.56,65.8,9361.29,Low,77.8,Approve
F1809,Himachal Pradesh,Small,Layer,Wholesale,4909,18310.5,267,56,226.59,1082007.4,697152.82,367381.92,0.0544,3.73,220.41,74.84,6560.39,Low,66.9,Approve
F1810,Bihar,Small,Layer,Wholesale,6811,20083.3,547,114,228.19,1491736.2,920418.87,747937.02,0.0803,2.9487,219.02,109.81,6560.85,Low,85.7,Approve
F1811,Karnataka,Medium,Broiler,Wholesale,13244,45579.5,1310,38,195.5,2461149.49,1754419.58,795177.92,0.0989,3.4415,185.83,60.04,20925.73,Low,63.0,Approve
F1812,Odisha,Medium,Broiler,Retail,13198,46232.3,211,49,195.73,2562552.14,1791979.84,736327.55,0.016,3.503,194.16,55.79,15027.09,Low,72.2,Approve
F1813,Andhra Pradesh,Small,Layer,Wholesale,5551,15918.5,461,108,259.16,1378781.24,734336.2,604782.06,0.083,2.8677,248.38,108.95,5599.83,Low,87.0,Approve
F1814,Tamil Nadu,Small,Broiler,Wholesale,4045,13210.1,868,86,199.46,720190.09,554715.76,98597.16,0.2146,3.2658,178.04,24.38,1146.48,High,41.5,Reject
F1815,Uttarakhand,Small,Broiler,Wholesale,3212,14211.8,1164,173,247.06,649734.83,572046.44,26342.41,0.3624,4.4246,202.28,8.2,152.27,High,8.6,Reject
F1816,Himachal Pradesh,Large,Layer,Wholesale,9927,43889.0,927,129,217.63,2059438.67,1689567.2,295098.45,0.0934,4.4212,207.46,29.73,2287.58,Low,36.0,Approve
F1817,Maharashtra,Small,Broiler,Retail,5708,19401.2,159,104,214.8,1208913.21,817760.98,447265.59,0.0279,3.3989,211.79,78.36,4300.63,Low,78.4,Approve
F1818,Punjab,Medium,Broiler,Retail,9982,28681.0,841,165,203.6,1946685.42,1422887.33,555540.08,0.0843,2.8733,195.02,55.65,3366.91,Low,75.6,Approve
F1819,Telangana,Medium,Layer,Wholesale,11600,36011.8,269,96,241.91,2773518.97,1570232.93,1029275.05,0.0232,3.1045,239.1,88.73,10721.62,Low,87.7,Approve
F1820,Telangana,Small,Layer,Wholesale,3271,11339.8,142,48,250.45,801414.36,440938.13,323350.0,0.0434,3.4668,245.01,98.85,6736.46,Low,79.9,Approve
F1821,Tamil Nadu,Small,Layer,Wholesale,6642,29299.4,688,134,200.89,1265157.48,1134914.0,148057.09,0.1036,4.4112,190.48,22.29,1104.9,Low,32.9,Approve
F1822,Uttar Pradesh,Small,Broiler,Wholesale,4822,14659.1,606,40,187.61,847739.43,597889.98,320783.02,0.1257,3.04,175.81,66.52,8019.58,Medium,69.1,Revise
F1823,Telangana,Medium,Broiler,Wholesale,11970,49052.8,2133,80,190.95,2082028.6,1847901.6,119411.4,0.1782,4.098,173.94,9.98,1492.64,Medium,25.8,Revise
F1824,Sikkim,Medium,Layer,Retail,12546,37446.8,262,155,243.42,3022104.79,1796841.6,1294610.95,0.0209,2.9848,240.88,103.19,8352.33,Low,93.3,Approve
F1825,Uttar Pradesh,Medium,Layer,Wholesale,10158,45387.3,793,109,214.87,2097351.08,1703260.07,347379.65,0.0781,4.4681,206.47,34.2,3186.97,Low,38.3,Approve
F1826,Telangana,Medium,Broiler,Export,6884,23741.2,560,83,190.55,1258386.6,968083.64,264102.18,0.0813,3.4488,182.8,38.36,3181.95,Low,59.9,Approve
F1827,Andhra Pradesh,Small,Breeder,Wholesale,5209,21450.1,838,46,207.22,992554.81,774950.24,159369.97,0.1609,4.1179,190.55,30.6,3464.56,Medium,33.0,Revise
F1828,Gujarat,Large,Breeder,Wholesale,17442,58995.9,736,53,221.14,3775697.34,2334352.2,1559618.06,0.0422,3.3824,216.47,89.42,29426.76,Low,79.5,Approve
F1829,West Bengal,Medium,Broiler,Retail,6506,25158.9,176,174,248.16,1592648.9,1080048.07,473876.38,0.0271,3.867,244.8,72.84,2723.43,Low,67.4,Approve
F1830,Sikkim,Small,Layer,Retail,3520,11005.0,294,77,231.34,780219.7,466294.89,300211.3,0.0835,3.1264,221.65,85.29,3898.85,Low,77.9,Approve
F1831,Gujarat,Large,Broiler,Retail,11928,36359.4,224,113,194.08,2293210.11,1635927.07,770146.63,0.0188,3.0482,192.25,64.57,6815.46,Low,83.4,Approve
F1832,Gujarat,Medium,Broiler,Export,13444,59082.5,1360,36,192.7,2459512.51,2058056.6,528920.7,0.1012,4.3947,182.94,39.34,14692.24,Low,37.8,Approve
F1833,Andhra Pradesh,Medium,Broiler,Wholesale,13102,57124.7,1770,171,212.99,2602012.2,2310144.2,196918.16,0.1351,4.36,198.6,15.03,1151.57,Medium,27.7,Revise
F1834,Uttar Pradesh,Medium,Broiler,Retail,6018,25929.7,458,40,186.02,1076818.89,914148.07,178658.33,0.0761,4.3087,178.93,29.69,4466.46,Low,40.7,Approve
F1835,Andhra Pradesh,Large,Breeder,Wholesale,17319,66907.4,1178,41,240.45,4022572.49,2464149.07,1740699.56,0.068,3.8632,232.26,100.51,42456.09,Low,68.6,Approve
F1836,Odisha,Medium,Layer,Retail,11104,46348.7,1080,139,212.12,2240783.89,1849263.58,370966.52,0.0973,4.1741,201.8,33.41,2668.82,Low,41.4,Approve
F1837,West Bengal,Small,Layer,Wholesale,5832,17014.1,581,162,207.44,1149476.51,833871.8,354135.44,0.0996,2.9174,197.1,60.72,2186.02,Low,73.8,Approve
F1838,Andhra Pradesh,Small,Broiler,Wholesale,6907,23270.7,1371,162,220.73,1373201.2,1056227.0,295101.66,0.1985,3.3691,198.81,42.73,1821.62,High,46.2,Reject
F1839,Telangana,Large,Broiler,Retail,13749,45829.5,2043,157,236.72,3012749.4,2079448.87,881155.28,0.1486,3.3333,219.12,64.09,5612.45,Medium,59.2,Revise
F1840,Uttarakhand,Small,Broiler,Wholesale,5483,21277.3,1062,177,225.55,1116869.69,914782.33,150031.08,0.1937,3.8806,203.7,27.36,847.63,High,32.5,Reject
F1841,Himachal Pradesh,Small,Broiler,Wholesale,4134,14076.8,900,83,244.19,899546.0,577389.07,399157.82,0.2177,3.4051,217.6,96.55,4809.13,High,56.2,Reject
F1842,Arunachal Pradesh,Medium,Broiler,Wholesale,6304,19242.7,737,84,230.35,1367191.03,832679.13,501401.28,0.1169,3.0525,216.88,79.54,5969.06,Low,73.3,Approve
F1843,Arunachal Pradesh,Medium,Broiler,Retail,9316,35531.2,528,108,243.04,2199908.12,1426353.6,685426.45,0.0567,3.814,236.14,73.58,6346.54,Low,64.6,Approve
F1844,Andhra Pradesh,Medium,Broiler,Export,11928,49912.2,2205,119,235.74,2551969.71,1946811.87,471769.1,0.1849,4.1845,213.95,39.55,3964.45,High,30.5,Reject
F1845,Uttar Pradesh,Large,Broiler,Retail,17748,61223.7,3748,126,195.45,3102552.96,2631876.6,483787.11,0.2112,3.4496,174.81,27.26,3839.58,High,38.9,Reject
F1846,Sikkim,Small,Broiler,Retail,6173,18672.4,1065,156,184.19,1038877.4,890640.67,95412.39,0.1725,3.0249,168.29,15.46,611.62,Medium,50.1,Revise
F1847,West Bengal,Small,Broiler,Retail,5800,18179.3,786,59,252.27,1363916.18,750780.16,564543.1,0.1355,3.1344,235.16,97.34,9568.53,Medium,73.5,Revise
F1848,Andhra Pradesh,Small,Layer,Wholesale,4856,15557.3,296,53,255.65,1203581.14,630814.91,620846.7,0.061,3.2037,247.85,127.85,11714.09,Low,83.1,Approve
F1849,Tamil Nadu,Large,Broiler,Wholesale,12642,41842.8,2160,160,238.15,2753534.09,1912236.27,903075.62,0.1709,3.3098,217.81,71.43,5644.22,Medium,58.4,Revise
F1850,Andhra Pradesh,Medium,Broiler,Retail,9504,36996.7,411,151,237.94,2212438.88,1544257.0,519360.37,0.0432,3.8928,232.79,54.65,3439.47,Low,60.1,Approve
F1851,Gujarat,Small,Layer,Wholesale,5610,21439.2,1289,129,201.61,1001062.71,880818.4,156524.02,0.2298,3.8216,178.44,27.9,1213.36,High,28.8,Reject
F1852,Odisha,Large,Breeder,Wholesale,20625,82156.3,1437,100,223.4,4446939.42,3205355.27,1248874.51,0.0697,3.9833,215.61,60.55,12488.75,Low,56.0,Approve
F1853,West Bengal,Large,Layer,Wholesale,12312,42060.9,385,179,259.38,3143495.19,1932735.0,1389493.23,0.0313,3.4163,255.32,112.86,7762.53,Low,82.9,Approve
F1854,Tamil Nadu,Large,Broiler,Retail,16608,69766.8,3852,43,248.49,3648249.17,2492228.53,1414679.58,0.2319,4.2008,219.67,85.18,32899.53,High,35.0,Reject
F1855,West Bengal,Large,Broiler,Wholesale,11682,36762.7,2147,77,204.35,2167786.98,1552793.0,440630.85,0.1838,3.147,185.57,37.72,5722.48,High,51.6,Reject
F1856,Sikkim,Small,Breeder,Retail,4111,14788.8,546,58,204.08,783225.36,573292.58,239876.68,0.1328,3.5974,190.52,58.35,4135.8,Medium,54.6,Revise
F1857,Andhra Pradesh,Medium,Layer,Retail,12530,52144.8,1291,79,218.69,2598961.77,1949662.49,861739.97,0.103,4.1616,207.42,68.77,10908.1,Low,49.7,Approve
F1858,Maharashtra,Medium,Broiler,Retail,6206,19277.5,323,167,212.37,1283573.33,918654.24,378374.08,0.052,3.1063,206.83,60.97,2265.71,Low,76.7,Approve
F1859,Uttar Pradesh,Large,Broiler,Export,20562,61413.9,3309,56,209.69,3964732.47,2583911.93,1517250.36,0.1609,2.9868,192.82,73.79,27093.76,Medium,67.1,Revise
F1860,Bihar,Medium,Broiler,Wholesale,12334,53064.1,526,108,230.16,2778131.31,2020923.0,788458.1,0.0426,4.3023,225.24,63.93,7300.54,Low,54.1,Approve
F1861,Tamil Nadu,Medium,Broiler,Retail,12988,43938.1,307,125,180.92,2321991.41,1904660.42,531041.78,0.0236,3.383,178.78,40.89,4248.33,Low,69.9,Approve
F1862,Himachal Pradesh,Medium,Layer,Export,9828,38944.2,1910,166,241.07,2138919.65,1638207.6,541724.78,0.1943,3.9626,217.64,55.12,3263.4,High,37.6,Reject
F1863,West Bengal,Small,Broiler,Retail,6269,17823.3,1045,100,239.2,1374536.04,817011.49,418533.37,0.1667,2.8431,219.26,66.76,4185.33,Medium,67.5,Revise
F1864,Maharashtra,Medium,Breeder,Retail,12144,48249.1,2032,109,246.43,2742217.05,1904003.93,821595.0,0.1673,3.9731,225.81,67.65,7537.57,Medium,44.3,Revise
F1865,Odisha,Large,Broiler,Wholesale,12018,40108.5,2301,110,247.32,2687591.68,1718305.67,944316.65,0.1915,3.3374,223.63,78.58,8584.7,High,56.8,Reject
F1866,Maharashtra,Large,Layer,Retail,10218,29578.7,486,116,225.31,2247377.25,1372349.27,955235.11,0.0476,2.8948,219.94,93.49,8234.79,Low,89.8,Approve
F1867,Karnataka,Small,Broiler,Wholesale,4401,16885.2,473,37,242.41,1009428.01,620473.2,448351.89,0.1075,3.8367,229.36,101.88,12117.62,Low,63.6,Approve
F1868,Sikkim,Small,Broiler,Export,3166,10160.9,367,31,219.39,654329.82,399287.98,247593.27,0.1159,3.2094,206.67,78.2,7986.88,Low,69.9,Approve
F1869,Tamil Nadu,Small,Broiler,Retail,3508,12129.2,358,152,256.12,852528.0,537036.36,263279.58,0.1021,3.4576,243.02,75.05,1732.1,Low,65.9,Approve
F1870,Karnataka,Medium,Layer,Export,9322,27378.6,708,150,195.26,1751033.23,1317015.87,460827.06,0.0759,2.937,187.84,49.43,3072.18,Low,73.9,Approve
F1871,Arunachal Pradesh,Large,Broiler,Retail,16080,49046.9,1912,125,253.25,3830036.7,2240365.13,1441076.06,0.1189,3.0502,238.19,89.62,11528.61,Low,75.6,Approve
F1872,Odisha,Small,Broiler,Wholesale,6664,22034.9,1004,122,200.68,1236590.99,962502.56,236615.95,0.1507,3.3066,185.56,35.51,1939.48,Medium,52.3,Revise
F1873,Gujarat,Medium,Layer,Wholesale,12978,38318.7,1135,32,188.22,2335799.97,1565741.8,1048262.68,0.0875,2.9526,179.98,80.77,32758.21,Low,79.8,Approve
F1874,Tamil Nadu,Large,Broiler,Export,11286,49076.1,94,165,215.13,2417744.42,1975030.2,360785.86,0.0083,4.3484,214.23,31.97,2186.58,Low,50.0,Approve
F1875,Andhra Pradesh,Medium,Breeder,Wholesale,7360,20683.7,480,31,229.19,1631766.94,863603.18,640488.22,0.0652,2.8103,221.71,87.02,20660.91,Low,87.4,Approve
F1876,Uttarakhand,Medium,Breeder,Wholesale,11048,40022.1,2705,144,198.48,1924329.02,1715715.0,266687.68,0.2448,3.6226,174.18,24.14,1852.0,High,29.8,Reject
F1877,Tamil Nadu,Medium,Breeder,Retail,10240,30817.5,1551,78,224.46,2124424.04,1331979.67,867548.09,0.1515,3.0095,207.46,84.72,11122.41,Medium,70.7,Revise
F1878,Telangana,Medium,Broiler,Wholesale,8328,27674.4,1835,130,244.63,1812809.23,1217706.13,674738.67,0.2203,3.3231,217.68,81.02,5190.3,High,53.6,Reject
F1879,Uttarakhand,Small,Broiler,Retail,3581,15664.4,46,177,200.57,713598.02,636348.93,107214.9,0.0128,4.3743,199.27,29.94,605.73,Low,48.3,Approve
F1880,Uttar Pradesh,Medium,Breeder,Wholesale,6522,20054.4,59,58,226.43,1470007.27,834545.87,646163.53,0.009,3.0749,225.39,99.07,11140.75,Low,92.8,Approve
F1881,Tamil Nadu,Medium,Broiler,Retail,8726,38760.1,695,174,207.15,1735505.42,1558946.47,190105.49,0.0796,4.4419,198.89,21.79,1092.56,Low,35.5,Approve
F1882,Maharashtra,Large,Broiler,Export,12993,40926.0,1821,103,222.38,2686924.06,1787938.27,1025212.09,0.1402,3.1498,206.8,78.9,9953.52,Medium,67.9,Revise
F1883,Bihar,Medium,Layer,Wholesale,10584,42978.1,1835,134,233.35,2255653.85,1726852.6,710222.87,0.1734,4.0607,213.12,67.1,5300.17,Medium,41.5,Revise
F1884,Punjab,Medium,Broiler,Wholesale,9076,33847.6,870,179,208.03,1797600.06,1487265.69,197020.27,0.0959,3.7294,198.06,21.71,1100.67,Low,47.9,Approve
F1885,Andhra Pradesh,Small,Layer,Wholesale,6408,27577.6,729,35,259.56,1568596.65,966979.2,553909.21,0.1138,4.3036,244.79,86.44,15825.98,Low,49.7,Approve
F1886,Bihar,Medium,Layer,Export,13292,49735.9,277,91,225.1,2960858.71,1973824.82,1079994.85,0.0208,3.7418,222.75,81.25,11868.08,Low,73.0,Approve
F1887,West Bengal,Small,Layer,Wholesale,3560,13203.2,391,60,245.96,827451.84,506443.73,331553.42,0.1098,3.7088,232.43,93.13,5525.89,Low,64.2,Approve
F1888,Tamil Nadu,Small,Broiler,Wholesale,4099,12839.2,162,148,238.01,956211.91,595261.64,275342.14,0.0395,3.1323,233.28,67.17,1860.42,Low,79.4,Approve
F1889,Gujarat,Medium,Broiler,Retail,9806,30227.9,1623,41,248.22,2232585.79,1226788.64,941803.7,0.1655,3.0826,227.68,96.04,22970.82,Medium,70.0,Revise
F1890,Tamil Nadu,Large,Broiler,Wholesale,9522,41497.2,758,41,193.9,1772860.05,1458443.2,341247.69,0.0796,4.358,186.19,35.84,8323.11,Low,40.7,Approve
F1891,Andhra Pradesh,Small,Broiler,Export,5156,17310.4,798,173,197.8,940896.53,797204.44,144284.63,0.1548,3.3573,182.49,27.98,834.02,Medium,48.8,Revise
F1892,Bihar,Medium,Broiler,Export,10460,35904.4,719,54,218.99,2211836.28,1413312.8,758827.44,0.0687,3.4325,211.46,72.55,14052.36,Low,70.5,Approve
F1893,Himachal Pradesh,Large,Broiler,Retail,9573,39169.8,994,179,248.19,2252457.1,1645019.73,871433.01,0.1038,4.0917,235.29,91.03,4868.34,Low,56.6,Approve
F1894,Punjab,Small,Broiler,Retail,3064,10344.1,169,120,195.81,583403.55,446135.53,136541.93,0.0552,3.376,190.41,44.56,1137.85,Low,66.6,Approve
F1895,Maharashtra,Medium,Broiler,Wholesale,13840,61152.1,641,117,257.69,3483768.76,2325218.2,1198796.62,0.0463,4.4185,251.72,86.62,10246.12,Low,56.9,Approve
F1896,Uttar Pradesh,Medium,Layer,Retail,12020,48734.8,787,105,190.21,2211440.06,1897538.93,328603.32,0.0655,4.0545,183.98,27.34,3129.56,Low,46.8,Approve
F1897,Telangana,Medium,Broiler,Retail,8994,34317.8,543,47,194.01,1692205.67,1279841.47,430273.38,0.0604,3.8156,188.15,47.84,9154.75,Low,57.6,Approve
F1898,West Bengal,Small,Broiler,Wholesale,6854,29455.2,965,74,193.38,1232043.06,1080882.58,153484.51,0.1408,4.2975,179.76,22.39,2074.12,Medium,30.1,Revise
F1899,Sikkim,Small,Layer,Wholesale,6171,17799.2,490,140,226.88,1344473.51,853721.73,350767.5,0.0794,2.8843,217.87,56.84,2505.48,Low,76.4,Approve
F1900,Uttarakhand,Medium,Layer,Export,9134,29566.8,561,109,253.4,2243394.39,1284166.22,848157.17,0.0614,3.237,245.61,92.86,7781.26,Low,80.6,Approve
F1901,Tamil Nadu,Medium,Broiler,Wholesale,11822,42447.6,989,97,200.41,2270079.82,1728811.02,505531.24,0.0837,3.5906,192.02,42.76,5211.66,Low,57.7,Approve
F1902,Maharashtra,Small,Layer,Retail,4151,13224.5,235,169,224.24,904432.77,623203.49,317981.8,0.0566,3.1859,217.88,76.6,1881.55,Low,78.3,Approve
F1903,Himachal Pradesh,Medium,Broiler,Wholesale,13046,53027.3,855,47,194.06,2448717.4,1927907.18,484168.62,0.0655,4.0646,187.7,37.11,10301.46,Low,49.1,Approve
F1904,Telangana,Small,Broiler,Wholesale,4937,21538.4,675,83,230.49,1060112.12,793542.98,222501.54,0.1367,4.3626,214.73,45.07,2680.74,Medium,35.0,Revise
F1905,Himachal Pradesh,Medium,Breeder,Retail,6736,23713.5,531,141,189.86,1228465.82,1027346.07,259123.18,0.0788,3.5204,182.37,38.47,1837.75,Low,58.8,Approve
F1906,Andhra Pradesh,Small,Breeder,Wholesale,3850,13019.3,246,126,219.3,817266.49,565164.6,307312.06,0.0639,3.3816,212.28,79.82,2438.98,Low,74.0,Approve
F1907,Gujarat,Large,Broiler,Retail,9126,40470.5,1449,56,232.41,1952589.46,1437505.4,365444.72,0.1588,4.4346,213.96,40.04,6525.8,Medium,29.1,Revise
F1908,Bihar,Small,Layer,Wholesale,4907,17450.5,182,107,226.33,1089941.25,722603.04,372620.43,0.0371,3.5562,222.12,75.94,3482.43,Low,73.2,Approve
F1909,Telangana,Small,Layer,Wholesale,6490,23567.7,371,117,191.2,1205417.14,977981.4,66502.39,0.0572,3.6314,185.73,10.25,568.4,Medium,52.4,Revise
F1910,Odisha,Small,Breeder,Export,5535,18806.8,377,83,192.91,1031345.25,772171.6,243114.56,0.0681,3.3978,186.33,43.92,2929.09,Low,64.1,Approve
F1911,Andhra Pradesh,Small,Broiler,Retail,3077,13373.4,701,116,233.71,637198.42,511519.38,185716.97,0.2278,4.3462,207.08,60.36,1601.01,High,26.4,Reject
F1912,Odisha,Large,Broiler,Export,17619,66374.7,1936,34,244.71,4074630.41,2447690.47,1645672.33,0.1099,3.7672,231.26,93.4,48402.13,Low,63.1,Approve
F1913,Uttarakhand,Large,Broiler,Export,14472,59272.9,1389,152,252.65,3480741.34,2418669.4,821713.14,0.096,4.0957,240.52,56.78,5406.01,Low,49.1,Approve
F1914,Bihar,Small,Broiler,Export,4293,17945.0,68,83,245.09,1043789.96,672785.6,300211.78,0.0158,4.1801,243.14,69.93,3617.01,Low,61.9,Approve
F1915,Tamil Nadu,Medium,Broiler,Export,7346,24837.9,340,68,257.91,1850680.24,1002538.78,761840.91,0.0463,3.3811,251.93,103.71,11203.54,Low,81.6,Approve
F1916,Telangana,Medium,Layer,Wholesale,7400,26175.9,903,138,212.66,1477580.48,1127416.47,300541.23,0.122,3.5373,199.67,40.61,2177.84,Medium,52.9,Revise
F1917,Andhra Pradesh,Large,Layer,Export,11274,47828.8,477,161,206.49,2278713.33,1938620.53,124437.62,0.0423,4.2424,202.12,11.04,772.9,Medium,42.1,Revise
F1918,Uttarakhand,Medium,Layer,Wholesale,9846,33649.0,1165,103,182.25,1688262.89,1412869.2,303187.68,0.1183,3.4175,171.47,30.79,2943.57,Low,53.4,Approve
F1919,Arunachal Pradesh,Small,Broiler,Wholesale,5775,23964.5,972,94,215.99,1142321.94,912475.67,260910.04,0.1683,4.1497,197.8,45.18,2775.64,Medium,34.9,Revise
F1920,Sikkim,Medium,Broiler,Wholesale,12772,56192.8,790,66,232.11,2872762.43,2024699.73,797759.49,0.0619,4.3997,224.93,62.46,12087.26,Low,49.0,Approve
F1921,Gujarat,Medium,Broiler,Wholesale,11944,46097.4,693,96,245.23,2843977.38,1815187.07,1319689.48,0.058,3.8595,238.11,110.49,13746.77,Low,70.1,Approve
F1922,Uttarakhand,Small,Broiler,Retail,6922,28108.6,128,140,201.4,1381151.42,1136770.09,214722.89,0.0185,4.0608,199.53,31.02,1533.73,Low,54.2,Approve
F1923,Maharashtra,Medium,Breeder,Wholesale,7802,32523.9,542,154,221.09,1664915.98,1319227.22,445816.68,0.0695,4.1687,213.4,57.14,2894.91,Low,51.4,Approve
F1924,Arunachal Pradesh,Small,Broiler,Wholesale,5936,25148.3,736,116,232.96,1297033.59,972476.11,234562.68,0.124,4.2366,218.5,39.52,2022.09,Medium,37.9,Revise
F1925,Karnataka,Medium,Layer,Wholesale,7984,27717.2,323,76,224.13,1753145.16,1116851.11,662586.44,0.0405,3.4716,219.58,82.99,8718.24,Low,76.3,Approve
F1926,Karnataka,Small,Broiler,Wholesale,4191,12100.0,72,177,201.92,838924.41,607626.8,250175.53,0.0172,2.8871,200.17,59.69,1413.42,Low,85.7,Approve
F1927,Bihar,Medium,Broiler,Retail,10772,37520.9,912,42,243.7,2513949.09,1444490.73,980138.36,0.0847,3.4832,233.38,90.99,23336.63,Low,71.8,Approve
F1928,Sikkim,Medium,Layer,Wholesale,10480,41347.6,672,73,193.87,1966544.78,1569654.31,413332.98,0.0641,3.9454,187.65,39.44,5662.1,Low,52.3,Approve
F1929,Andhra Pradesh,Medium,Broiler,Wholesale,8952,31919.2,1997,154,252.4,2007377.89,1394908.27,540127.33,0.2231,3.5656,224.24,60.34,3507.32,High,43.1,Reject
F1930,Karnataka,Small,Broiler,Wholesale,5330,21710.4,157,148,256.21,1345384.35,884367.02,440035.04,0.0295,4.0732,252.42,82.56,2973.21,Low,65.3,Approve
F1931,Gujarat,Medium,Broiler,Wholesale,12814,43655.6,1493,160,209.25,2525061.26,1965610.31,523732.95,0.1165,3.4069,197.05,40.87,3273.33,Low,56.4,Approve
F1932,Punjab,Medium,Layer,Retail,6778,26292.3,774,155,210.09,1342687.78,1104102.16,144233.43,0.1142,3.8791,198.09,21.28,930.54,Low,42.1,Approve
F1933,Himachal Pradesh,Medium,Breeder,Wholesale,7998,24929.1,615,167,239.46,1841569.16,1185791.93,703924.09,0.0769,3.1169,230.25,88.01,4215.11,Low,79.7,Approve
F1934,Punjab,Medium,Layer,Wholesale,7048,28713.0,1152,78,216.5,1401158.08,1081818.27,360812.91,0.1635,4.0739,198.8,51.19,4625.81,Medium,38.7,Revise
F1935,Andhra Pradesh,Medium,Breeder,Wholesale,12622,47050.8,2317,153,182.29,2089582.55,2009536.0,41038.67,0.1836,3.7277,165.55,3.25,268.23,High,31.0,Reject
F1936,Bihar,Large,Layer,Wholesale,14565,45834.7,1042,107,253.59,3561331.1,2013672.07,1590757.56,0.0715,3.1469,244.51,109.22,14866.89,Low,82.8,Approve
F1937,Himachal Pradesh,Small,Layer,Export,4506,14852.9,502,159,214.46,912491.94,679433.4,191094.63,0.1114,3.2962,202.51,42.41,1201.85,Low,59.8,Approve
F1938,Tamil Nadu,Large,Broiler,Wholesale,10974,44693.1,1008,132,196.28,2054982.62,1789471.4,136836.34,0.0919,4.0726,187.26,12.47,1036.64,Medium,39.1,Revise
F1939,Uttarakhand,Medium,Broiler,Retail,11526,41729.0,382,134,224.45,2544162.77,1768912.93,724374.82,0.0331,3.6204,220.73,62.85,5405.78,Low,69.2,Approve
F1940,Maharashtra,Small,Broiler,Retail,6663,21103.4,626,149,197.51,1254163.01,973920.27,323575.36,0.094,3.1673,188.23,48.56,2171.65,Low,66.4,Approve
F1941,Karnataka,Small,Layer,Wholesale,3890,17288.6,339,60,196.48,730990.2,616342.53,111890.78,0.0871,4.4444,187.92,28.76,1864.85,Low,36.1,Approve
F1942,Tamil Nadu,Small,Broiler,Export,6626,26608.1,638,97,223.66,1410564.52,1030939.89,348698.59,0.0963,4.0157,212.88,52.63,3594.83,Low,49.6,Approve
F1943,Arunachal Pradesh,Medium,Broiler,Retail,8962,39675.9,1032,66,211.28,1784492.42,1426123.93,388317.18,0.1152,4.4271,199.12,43.33,5883.59,Low,36.2,Approve
F1944,Arunachal Pradesh,Medium,Breeder,Retail,12320,43441.3,1242,53,225.84,2642043.68,1687790.38,833265.47,0.1008,3.5261,214.45,67.64,15721.99,Low,62.8,Approve
F1945,Punjab,Medium,Broiler,Wholesale,13462,48566.5,1163,73,259.75,3345650.62,1916269.84,1224248.94,0.0864,3.6077,248.53,90.94,16770.53,Low,69.0,Approve
F1946,Telangana,Medium,Breeder,Retail,12332,53354.7,1987,112,248.72,2820037.09,2035947.22,734355.38,0.1611,4.3265,228.68,59.55,6556.74,Medium,35.9,Revise
F1947,Sikkim,Medium,Layer,Wholesale,6902,25486.2,401,70,180.61,1210317.51,991687.96,167187.98,0.0581,3.6926,175.36,24.22,2388.4,Low,54.5,Approve
F1948,Telangana,Small,Broiler,Wholesale,5475,21913.0,1201,71,184.04,897103.54,824942.67,18803.47,0.2194,4.0024,163.85,3.43,264.84,High,20.4,Reject
F1949,Telangana,Small,Layer,Retail,6222,20088.9,571,137,228.81,1358210.07,904596.07,515001.37,0.0918,3.2287,218.29,82.77,3759.13,Low,74.0,Approve
F1950,Karnataka,Medium,Layer,Export,9074,32298.3,678,69,230.1,2009924.27,1275570.33,955747.75,0.0747,3.5594,221.5,105.33,13851.42,Low,73.9,Approve
F1951,Uttarakhand,Small,Broiler,Wholesale,6447,19404.6,540,77,250.26,1545707.23,837503.47,588054.98,0.0838,3.0099,239.76,91.21,7637.08,Low,81.7,Approve
F1952,Uttar Pradesh,Small,Layer,Retail,6093,19194.0,291,142,230.32,1369787.97,880732.4,460571.25,0.0478,3.1502,224.81,75.59,3243.46,Low,80.0,Approve
F1953,West Bengal,Medium,Layer,Retail,7764,21751.7,324,113,198.22,1506826.85,1022707.53,497263.47,0.0417,2.8016,194.08,64.05,4400.56,Low,85.1,Approve
F1954,Telangana,Medium,Broiler,Wholesale,6624,18989.4,101,33,217.48,1429610.04,787827.6,518792.72,0.0152,2.8668,215.82,78.32,15720.99,Low,91.1,Approve
F1955,Maharashtra,Large,Broiler,Wholesale,11517,51381.7,1705,137,244.72,2609683.55,1986750.33,593866.64,0.148,4.4614,226.59,51.56,4334.79,Medium,33.0,Revise
F1956,Uttar Pradesh,Large,Broiler,Wholesale,16698,53634.0,3276,89,253.83,3822574.91,2279047.47,1514837.73,0.1962,3.212,228.92,90.72,17020.65,High,61.7,Reject
F1957,Uttarakhand,Medium,Broiler,Retail,12554,49307.4,1856,143,198.95,2312984.38,2031613.38,336878.1,0.1478,3.9276,184.24,26.83,2355.79,Medium,37.8,Revise
F1958,Sikkim,Medium,Broiler,Retail,6748,28520.2,1270,34,223.17,1364153.56,1005632.31,305815.04,0.1882,4.2265,202.16,45.32,8994.56,High,30.6,Reject
F1959,Arunachal Pradesh,Medium,Layer,Wholesale,6900,25779.2,250,135,192.71,1305616.33,1077742.4,191021.83,0.0362,3.7361,189.22,27.68,1414.98,Low,57.6,Approve
F1960,Uttarakhand,Medium,Broiler,Retail,13394,40990.3,668,35,219.76,2869958.41,1654827.04,1354535.4,0.0499,3.0603,214.27,101.13,38701.01,Low,87.7,Approve
F1961,Punjab,Small,Layer,Retail,6855,27679.1,851,43,187.21,1203654.29,1004092.87,224803.47,0.1241,4.0378,175.59,32.79,5227.99,Medium,40.3,Revise
F1962,Gujarat,Medium,Broiler,Retail,12124,46318.9,688,155,255.34,3007835.51,1959299.36,1158017.4,0.0567,3.8204,248.09,95.51,7471.08,Low,69.9,Approve
F1963,Maharashtra,Large,Broiler,Wholesale,10782,43593.0,2217,169,231.04,2234897.27,1822085.2,216802.8,0.2056,4.0431,207.28,20.11,1282.86,High,25.7,Reject
F1964,Tamil Nadu,Small,Layer,Retail,6250,25678.6,1051,91,248.34,1421518.46,978540.31,395476.1,0.1682,4.1086,227.44,63.28,4345.89,Medium,40.3,Revise
F1965,Karnataka,Medium,Layer,Export,8466,37743.1,390,56,259.86,2149218.85,1337931.93,974226.15,0.0461,4.4582,253.86,115.08,17396.9,Low,59.4,Approve
F1966,Bihar,Medium,Broiler,Wholesale,6998,26417.9,80,83,194.61,1354047.84,1034353.18,314011.7,0.0114,3.7751,193.49,44.87,3783.27,Low,64.5,Approve
F1967,Uttar Pradesh,Small,Broiler,Wholesale,3463,11707.7,668,119,235.53,736932.66,503981.09,228319.02,0.1929,3.3808,212.8,65.93,1918.65,High,52.5,Reject
F1968,Himachal Pradesh,Small,Layer,Retail,6911,26969.4,1272,41,250.96,1574717.35,989250.31,578990.77,0.1841,3.9024,227.86,83.78,14121.73,High,47.5,Reject
F1969,West Bengal,Small,Broiler,Wholesale,6195,18066.8,200,165,226.08,1377852.36,888939.6,597073.79,0.0323,2.9164,222.41,96.38,3618.63,Low,92.2,Approve
F1970,Bihar,Small,Broiler,Export,3112,13461.2,152,103,231.18,701747.86,508730.58,166834.64,0.0488,4.3256,225.5,53.61,1619.75,Low,50.2,Approve
F1971,Karnataka,Small,Broiler,Wholesale,4035,12116.9,88,173,212.61,848492.81,592420.47,284558.9,0.0218,3.0029,210.28,70.52,1644.85,Low,85.4,Approve
F1972,Tamil Nadu,Large,Layer,Wholesale,18591,62416.2,2492,55,233.98,4058284.93,2484485.07,1627356.66,0.134,3.3573,218.29,87.53,29588.3,Medium,66.6,Revise
F1973,Andhra Pradesh,Small,Broiler,Wholesale,6636,27783.4,671,165,211.65,1333438.08,1137690.8,104659.5,0.1011,4.1868,200.94,15.77,634.3,Medium,36.2,Revise
F1974,Telangana,Medium,Broiler,Wholesale,10756,41038.8,2292,74,218.13,2096172.58,1582154.76,482720.56,0.2131,3.8154,194.88,44.88,6523.25,High,35.5,Reject
F1975,Sikkim,Small,Broiler,Wholesale,4924,17082.2,635,113,188.23,867010.25,720926.09,109938.89,0.129,3.4692,176.08,22.33,972.91,Medium,48.7,Revise
F1976,Punjab,Large,Breeder,Retail,19062,68715.5,1725,176,180.62,3287197.61,3061269.8,16657.04,0.0905,3.6048,172.45,0.87,94.64,High,46.0,Reject
F1977,Himachal Pradesh,Small,Broiler,Wholesale,3139,13349.3,100,174,184.41,569568.01,547734.33,55905.61,0.0319,4.2527,181.45,17.81,321.3,Medium,45.1,Revise
F1978,Uttarakhand,Medium,Broiler,Export,8848,29888.6,118,132,195.4,1717343.09,1307582.27,305006.96,0.0133,3.378,194.09,34.47,2310.66,Low,69.9,Approve
F1979,Tamil Nadu,Large,Broiler,Retail,17847,76356.7,455,153,216.53,3815048.68,3057635.8,900344.48,0.0255,4.2784,213.76,50.45,5884.6,Low,53.6,Approve
F1980,Arunachal Pradesh,Large,Broiler,Wholesale,18504,54583.6,1084,152,181.68,3263244.02,2626058.4,496602.67,0.0586,2.9498,176.35,26.84,3267.12,Low,70.4,Approve
F1981,Uttarakhand,Small,Layer,Wholesale,3516,14487.9,262,145,192.47,651457.88,585168.47,110504.3,0.0745,4.1206,185.28,31.43,762.1,Low,45.2,Approve
F1982,Uttarakhand,Large,Layer,Retail,16848,71449.5,1207,43,242.52,3939464.59,2543082.6,1313690.09,0.0716,4.2408,233.82,77.97,30550.93,Low,54.8,Approve
F1983,Maharashtra,Medium,Layer,Wholesale,9894,30761.3,1714,46,240.97,2177636.87,1252359.53,961824.36,0.1732,3.1091,220.1,97.21,20909.23,Medium,68.7,Revise
F1984,Gujarat,Medium,Layer,Wholesale,11786,41623.3,1713,42,243.18,2657811.79,1593014.73,989543.67,0.1453,3.5316,225.51,83.96,23560.56,Medium,60.6,Revise
F1985,West Bengal,Small,Breeder,Export,6140,18919.5,1278,122,253.72,1395701.41,856398.78,388076.72,0.2081,3.0814,227.31,63.2,3180.96,High,55.9,Reject
F1986,Punjab,Small,Broiler,Wholesale,5165,20666.3,209,92,189.53,959023.23,797385.04,81677.65,0.0405,4.0012,185.68,15.81,887.8,Medium,48.6,Revise
F1987,Punjab,Medium,Breeder,Wholesale,7774,28842.2,1237,62,193.05,1381368.68,1108915.16,141357.42,0.1591,3.7101,177.69,18.18,2279.96,Medium,38.5,Revise
F1988,Andhra Pradesh,Medium,Broiler,Retail,12260,47569.4,2396,58,206.68,2286255.05,1785941.02,529329.4,0.1954,3.88,186.48,43.18,9126.37,High,36.2,Reject
F1989,Andhra Pradesh,Medium,Layer,Retail,12208,38260.2,2374,66,253.21,2790553.46,1595364.93,1191189.34,0.1945,3.134,228.58,97.57,18048.32,High,65.3,Reject
F1990,Telangana,Medium,Broiler,Wholesale,8682,27434.8,42,132,242.04,2096289.61,1241403.2,917217.46,0.0048,3.16,241.45,105.65,6948.62,Low,91.9,Approve
F1991,Telangana,Medium,Layer,Retail,6098,17504.6,351,53,205.93,1219587.13,747457.91,430712.76,0.0576,2.8705,200.0,70.63,8126.66,Low,83.1,Approve
F1992,Bihar,Small,Broiler,Retail,6951,23268.6,163,171,187.01,1284601.97,1070769.6,74369.73,0.0234,3.3475,184.81,10.7,434.91,Medium,63.1,Revise
F1993,Tamil Nadu,Medium,Layer,Retail,13120,49220.5,1317,162,229.31,2857486.34,2116707.0,926790.19,0.1004,3.7516,217.8,70.64,5720.93,Low,59.0,Approve
F1994,Punjab,Small,Breeder,Wholesale,3018,12852.1,313,154,200.55,573769.0,516272.33,85897.11,0.1037,4.2585,190.12,28.46,557.77,Low,37.6,Approve
F1995,Arunachal Pradesh,Medium,Layer,Export,7450,29306.6,475,82,222.49,1604650.73,1125849.64,508800.67,0.0638,3.9338,215.39,68.3,6204.89,Low,59.8,Approve
F1996,Telangana,Medium,Layer,Wholesale,10488,37129.3,1724,117,255.34,2457899.51,1559395.0,1035025.42,0.1644,3.5402,234.35,98.69,8846.37,Medium,61.4,Revise
F1997,West Bengal,Large,Broiler,Retail,20886,92322.5,1733,127,225.81,4520483.35,3546954.47,950566.83,0.083,4.4203,216.44,45.51,7484.78,Low,41.4,Approve
F1998,Sikkim,Small,Broiler,Wholesale,4473,17993.6,231,143,253.91,1106368.72,733222.8,387815.1,0.0516,4.0227,247.34,86.7,2711.99,Low,64.3,Approve
F1999,Gujarat,Small,Breeder,Retail,5606,24561.5,582,124,211.44,1123722.76,944234.16,139954.11,0.1038,4.3813,200.45,24.97,1128.66,Low,34.2,Approve
F2000,Bihar,Small,Layer,Wholesale,6750,24954.1,114,149,230.67,1543854.72,1065290.2,395914.39,0.0169,3.6969,228.72,58.65,2657.14,Low,68.8,Approve
